# Blender 5.1.2
# www.blender.org
o Cube.001
v 0.320337 -0.596652 3.900709
v 0.312805 -0.640898 3.644364
v -0.024074 -0.607629 3.782732
v 0.101791 -0.600986 3.910434
v 0.073612 -0.662732 3.651474
v 0.015145 -0.607158 3.866086
v 0.386352 -0.615377 3.696255
v -0.004111 -0.619232 3.705608
v 0.183982 -0.595859 3.921466
v 0.062741 -0.829468 3.695653
v 0.215446 -0.835587 3.841747
v 0.377306 -0.808041 3.811592
v 0.403246 -0.817976 3.766038
v 0.257511 -0.861066 3.607070
v 0.103268 -0.821483 3.807851
v 0.060802 -0.821001 3.755733
v 0.398776 -0.829351 3.705517
v 0.162839 -0.832560 3.835950
v 0.226957 -0.683397 3.614684
v 0.403584 -0.601963 3.773116
v 0.377310 -0.589520 3.852124
v 0.414569 -1.057319 3.756496
v 0.285819 -1.085701 3.577480
v 0.134778 -1.076895 3.803899
v 0.102227 -1.075946 3.731400
v 0.411344 -1.058762 3.670715
v 0.190829 -1.089867 3.836353
v 0.155121 -1.086383 3.598876
v 0.363078 -1.077519 3.841770
v 0.355716 -1.070813 3.605601
v 0.342154 -0.842817 3.645573
v 0.327073 -0.816825 3.838315
v 0.116385 -0.852867 3.629969
v 0.220040 -1.191863 3.820736
v 0.193540 -1.186837 3.609993
v 0.368417 -1.176529 3.828126
v 0.363106 -1.172599 3.619025
v 0.150955 -1.182403 3.655737
v 0.269099 -1.193559 3.826485
v 0.402731 -1.163695 3.807280
v 0.418261 -1.163741 3.747616
v 0.297865 -1.182994 3.592703
v 0.399109 -1.060254 3.820621
v 0.254319 -1.096146 3.844293
v 0.105410 -1.079068 3.652506
v 0.216024 -1.345051 3.845557
v 0.158501 -1.366668 3.600630
v 0.356500 -1.351784 3.833750
v 0.332518 -1.373232 3.588092
v 0.115268 -1.350743 3.663072
v 0.270733 -1.353651 3.846777
v 0.388202 -1.344054 3.808865
v 0.407326 -1.351142 3.740384
v 0.264247 -1.380483 3.565204
v 0.415316 -1.164882 3.675662
v 0.148049 -1.177247 3.722081
v 0.177774 -1.180373 3.789096
v 0.200797 -1.708507 3.666259
v 0.326156 -1.712014 3.749255
v 0.308116 -1.707592 3.651771
v 0.180588 -1.708049 3.697450
v 0.276143 -1.711498 3.764818
v 0.345437 -1.709964 3.727830
v 0.358451 -1.707902 3.701091
v 0.265141 -1.708941 3.642649
v 0.211015 -1.712325 3.748528
v 0.392655 -1.362195 3.650983
v 0.120202 -1.338253 3.746053
v 0.162252 -1.334569 3.818327
v 0.242521 -1.712227 3.762848
v 0.347071 -1.707341 3.676491
v 0.187957 -1.710062 3.724196
v 0.166244 -1.792748 3.685028
v 0.268045 -1.812082 3.767525
v 0.344261 -1.801268 3.723763
v 0.352878 -1.797089 3.693076
v 0.261927 -1.792061 3.627842
v 0.200178 -1.805391 3.749862
v 0.174082 -1.800131 3.724104
v 0.340987 -1.793984 3.663438
v 0.233097 -1.810973 3.767325
v 0.249048 -1.942259 3.770940
v 0.376008 -1.916916 3.715326
v 0.382225 -1.904245 3.679543
v 0.259611 -1.886638 3.623788
v 0.152177 -1.929894 3.742442
v 0.111015 -1.911687 3.696818
v 0.362686 -1.894546 3.652212
v 0.200348 -1.939066 3.769337
v 0.138695 -1.899811 3.601028
v 0.306493 -1.791510 3.635874
v 0.324473 -1.807670 3.746973
v 0.189148 -1.789688 3.646532
v 0.174499 -1.231037 3.796887
v 0.138381 -1.235423 3.725594
v 0.408543 -1.246780 3.663422
v 0.286387 -1.269298 3.580073
v 0.415491 -1.235110 3.741242
v 0.396099 -1.226150 3.806196
v 0.269657 -1.244466 3.834728
v 0.140795 -1.250496 3.653841
v 0.353144 -1.259426 3.604931
v 0.362195 -1.233866 3.831228
v 0.183681 -1.264226 3.602958
v 0.220774 -1.240795 3.830047
v 0.045161 -2.051510 3.557027
v 0.279065 -2.023901 3.664207
v 0.148398 -2.046070 3.676154
v 0.150131 -2.062627 3.741230
v 0.189340 -2.052691 3.661976
v 0.129994 -2.036501 3.708553
v 0.377453 -2.009245 3.672158
v 0.180471 -2.078147 3.752526
v 0.357536 -2.056890 3.736459
v 0.106216 -1.894306 3.639040
v 0.317966 -1.884290 3.636935
v 0.335175 -1.935229 3.748987
v 0.058152 -2.111290 3.528288
v 0.074870 -2.047953 3.526046
v 0.100088 -2.060754 3.550440
v 0.070378 -2.064312 3.581421
v 0.092209 -1.981406 3.623887
v 0.126861 -1.986369 3.589972
v 0.107986 -1.961315 3.570882
v 0.073334 -1.956352 3.604797
v 0.291970 -2.069905 3.668869
v 0.351788 -2.048503 3.671145
v 0.175590 -2.166701 3.689828
v 0.300088 -2.158412 3.647148
v 0.350129 -2.144974 3.658715
v 0.147615 -2.135385 3.644760
v 0.304304 -2.165647 3.696618
v 0.371177 -2.138535 3.692538
v 0.388940 -2.018378 3.692059
v 0.387897 -2.028502 3.719114
v 0.235474 -2.078790 3.749421
v 0.339403 -2.012603 3.665704
v 0.328574 -1.948622 3.652727
v 0.242445 -2.013657 3.767979
v 0.387830 -1.978928 3.717780
v 0.393367 -1.966436 3.685705
v 0.343500 -2.001042 3.748701
v 0.186514 -2.011903 3.767807
v 0.375461 -1.955281 3.661304
v 0.109062 -1.978963 3.703642
v 0.157614 -1.993771 3.634984
v 0.143232 -2.002320 3.745946
v 0.120536 -1.984865 3.663211
v 0.266778 -1.954356 3.644315
v 0.200515 -1.968756 3.628365
v 0.288911 -2.012496 3.762800
v 0.300957 -2.076655 3.742778
v 0.221932 -2.167870 3.642088
v 0.226651 -2.166547 3.702430
v 0.227957 -2.075781 3.663579
v 0.225295 -2.030285 3.660284
v 0.316666 -1.243365 3.835537
v 0.234750 -1.271638 3.580972
v 0.192501 -1.900265 3.605498
v 0.286946 -1.941825 3.764875
v 0.223141 -1.792968 3.634122
v 0.297951 -1.811351 3.759453
v 0.233473 -1.709237 3.647651
v 0.305018 -1.711574 3.760291
v 0.212822 -1.378294 3.570671
v 0.317588 -1.356712 3.843782
v 0.305885 -1.092369 3.846428
v 0.246119 -1.188342 3.591393
v 0.316189 -1.190029 3.829023
v 0.222465 -1.091521 3.577310
v 0.160282 -0.691824 3.616148
v 0.186641 -0.872170 3.594352
v 0.266949 -0.831440 3.843699
v 0.250077 -0.593945 3.919795
v 0.124558 -2.202811 3.674904
v 0.274653 -2.212767 3.631901
v 0.365794 -2.120263 3.653603
v 0.352402 -2.153776 3.675502
v 0.387825 -2.095850 3.665143
v 0.390935 -2.105320 3.687290
v 0.392526 -2.150709 3.663626
v 0.161477 -2.221329 3.661628
v 0.271161 -2.156907 3.657412
v 0.326836 -2.154162 3.657194
v 0.329398 -2.159499 3.678738
v 0.272816 -2.158805 3.685338
v 0.196899 -2.215954 3.634767
v 0.274714 -2.215155 3.656081
v 0.198943 -2.162352 3.690753
v 0.247322 -2.158481 3.658576
v 0.250826 -2.159520 3.686446
v 0.197727 -2.164713 3.658280
v 0.353263 -2.187454 3.637152
v 0.219774 -2.221017 3.620064
v 0.124217 -2.121333 3.671052
v 0.136690 -2.146087 3.701899
v 0.159872 -2.167572 3.707743
v 0.175805 -2.159269 3.657691
v 0.195160 -2.288185 3.589502
v 0.389387 -2.200991 3.612177
v 0.149625 -2.273276 3.598237
v 0.321395 -2.279396 3.592111
v 0.215240 -2.289731 3.579198
v 0.128729 -2.255213 3.589627
v 0.378222 -2.234953 3.638741
v 0.278812 -2.281496 3.594927
v 0.322084 -2.209748 3.631605
v 0.199400 -2.214991 3.663256
v 0.146709 -2.222083 3.678374
v 0.355807 -2.195084 3.652460
v 0.324472 -2.215010 3.651558
v 0.225020 -2.222059 3.674182
v 0.374939 -2.180535 3.668456
v 0.139565 -2.185433 3.622759
v 0.299844 -2.213693 3.622581
v 0.245379 -2.216720 3.658734
v 0.162575 -2.206820 3.634501
v 0.388846 -2.142571 3.642989
v 0.242635 -2.214715 3.633105
v 0.116316 -2.180670 3.646416
v 0.368716 -2.164765 3.632511
v 0.302293 -2.221344 3.666713
v 0.373738 -2.251362 3.595646
v 0.377723 -2.260184 3.612288
v 0.301689 -2.326766 3.569020
v 0.304556 -2.339658 3.585565
v 0.217451 -2.352547 3.572139
v 0.213435 -2.340328 3.554867
v 0.119633 -2.309207 3.578163
v 0.121682 -2.326890 3.598754
v 0.324389 -2.289742 3.609784
v 0.105645 -2.254982 3.607664
v 0.370490 -2.219181 3.604109
v 0.300658 -2.279049 3.587137
v 0.355791 -2.240149 3.609413
v 0.197586 -2.295291 3.610790
v 0.147807 -2.289003 3.619823
v 0.393638 -2.208158 3.632818
v 0.221962 -2.305684 3.621800
v 0.304682 -2.297876 3.623730
v 0.111525 -2.275099 3.632640
v 0.240561 -2.298806 3.606726
v 0.279842 -2.289977 3.613848
v 0.132790 -2.291057 3.636189
v 0.359273 -2.248755 3.623406
v 0.236266 -2.289959 3.585413
v 0.266550 -0.739681 3.884077
v 0.176984 -0.803437 3.605417
v 0.098512 -0.774651 3.645308
v 0.330893 -0.725820 3.870331
v 0.327777 -0.748099 3.664852
v 0.144832 -0.743897 3.874995
v 0.391112 -0.729295 3.720249
v 0.028550 -0.728491 3.768440
v 0.069914 -0.736635 3.833715
v 0.244696 -0.789696 3.621130
v 0.399649 -0.721907 3.780051
v 0.379157 -0.711153 3.830907
v 0.208825 -0.744716 3.882570
v 0.039367 -0.736250 3.708170
v 0.192673 -0.957412 3.580618
v 0.281524 -0.926569 3.847181
v 0.064157 -0.934589 3.663659
v 0.226307 -0.930542 3.845430
v 0.389951 -0.913310 3.822070
v 0.354874 -0.942599 3.608833
v 0.341374 -0.918195 3.841459
v 0.119211 -0.948599 3.606339
v 0.162627 -0.924964 3.837345
v 0.414440 -0.932958 3.674426
v 0.060749 -0.924031 3.741631
v 0.101257 -0.916578 3.808970
v 0.270034 -0.951584 3.580220
v 0.417893 -0.922101 3.760243
v 0.216453 -0.498138 3.915550
v 0.128832 -0.572267 3.611616
v 0.364575 -0.497173 3.836202
v 0.393506 -0.505527 3.740833
v 0.197076 -0.566250 3.603091
v 0.156326 -0.499870 3.920430
v -0.026436 -0.519781 3.699282
v 0.362259 -0.520131 3.666563
v -0.002849 -0.516197 3.867012
v 0.050095 -0.549736 3.645398
v 0.076110 -0.508770 3.906511
v -0.041618 -0.516411 3.784040
v 0.283722 -0.544096 3.621327
v 0.291850 -0.498871 3.896853
v -0.282796 -0.003290 2.353207
v 0.347629 -0.105781 2.495632
v -0.289921 -0.009478 2.505208
v 0.337808 -0.144110 2.337842
v 0.268182 -0.014140 2.716557
v 0.347257 -0.050728 2.340831
v 0.216068 -0.017248 2.862464
v -0.251046 -0.216833 2.642510
v 0.297762 -0.286036 2.406389
v 0.234108 -0.051166 2.206769
v 0.259767 -0.015189 2.246369
v 0.248284 -0.281701 2.663668
v 0.335680 -0.220978 2.489797
v 0.308018 -0.064051 2.261769
v 0.217942 -0.347008 2.460568
v 0.261144 -0.300286 2.272767
v 0.192491 -0.073222 2.096000
v -0.153463 -0.349479 2.569367
v 0.253683 -0.322215 2.552227
v 0.275386 -0.115548 2.198897
v 0.300229 -0.201458 2.269684
v -0.246206 -0.201427 2.013319
v 0.110089 -0.075850 1.940862
v -0.216173 -0.346169 2.285074
v 0.210280 -0.372612 2.293965
v 0.246689 -0.154531 2.085996
v -0.254822 -0.207533 2.353889
v -0.251588 -0.151259 2.205467
v -0.228063 -0.282895 2.501835
v 0.270886 -0.225003 2.144104
v -0.147494 -0.403378 2.357208
v 0.151556 -0.413895 2.365653
v 0.258976 -0.246158 2.007268
v 0.035994 -0.449607 2.376107
v 0.035883 -0.388936 2.600861
v -0.039405 -0.027351 2.114177
v -0.045756 -0.331482 2.820745
v 0.147500 -0.299375 2.856158
v 0.162045 -0.317499 2.765152
v 0.150306 -0.362796 2.595219
v 0.230471 -0.181014 1.954195
v -0.044071 -0.444981 2.375770
v -0.246716 -0.277502 2.151296
v -0.152104 -0.098809 1.939956
v 0.127298 -0.029244 2.115907
v -0.174912 -0.040420 2.117290
v 0.247481 -0.313265 2.142488
v 0.172147 -0.111389 1.944156
v -0.036986 -0.073045 1.939161
v -0.044984 -0.384590 2.584397
v -0.223120 -0.257247 2.806017
v -0.219781 -0.245478 1.857949
v -0.179745 -0.402828 2.014507
v -0.022076 -0.502060 2.090598
v 0.155306 -0.473446 2.078693
v 0.210664 -0.415226 2.027061
v -0.110554 -0.462569 2.066391
v 0.047265 -0.505604 2.090403
v 0.244033 -0.279993 1.855688
v -0.014074 -0.099294 1.805649
v 0.219309 -0.208804 1.821658
v 0.165268 -0.136663 1.811302
v -0.218803 -0.333022 1.940138
v -0.118444 -0.125523 1.808986
v 0.237668 -0.344090 1.935714
v 0.111321 -0.102303 1.806832
v 0.051880 -0.525363 1.756583
v 0.213789 -0.309993 1.671847
v 0.005843 -0.145537 1.631321
v 0.193335 -0.239342 1.651617
v 0.149386 -0.176481 1.637204
v -0.172437 -0.373042 1.697739
v -0.083828 -0.170370 1.636982
v 0.211190 -0.378864 1.698857
v 0.105915 -0.149227 1.631733
v -0.178375 -0.293616 1.669231
v -0.131457 -0.435969 1.725940
v -0.002486 -0.523249 1.757808
v 0.141017 -0.501002 1.755934
v 0.188498 -0.449402 1.732938
v -0.071152 -0.489134 1.749130
v 0.129518 -0.484704 1.568063
v 0.171821 -0.448094 1.550880
v -0.155076 -0.327897 1.535626
v 0.192319 -0.331366 1.513852
v -0.066943 -0.474612 1.576740
v 0.046711 -0.503027 1.570370
v 0.172764 -0.269978 1.507325
v 0.002460 -0.196652 1.512956
v 0.134498 -0.220136 1.504867
v -0.148019 -0.391153 1.550091
v -0.077256 -0.217088 1.519737
v -0.129720 -0.266257 1.527547
v 0.094973 -0.199484 1.506452
v 0.208150 -0.192957 2.951815
v 0.154352 -0.280160 2.954622
v 0.226855 -0.015294 2.953619
v -0.210536 -0.244077 2.954783
v 0.087456 -0.324793 2.851883
v -0.154096 -0.304145 2.804345
v -0.041131 -0.312333 2.958137
v -0.143347 -0.287123 2.955398
v 0.091208 -0.302997 2.958137
v -0.244307 -0.177152 2.957560
v 0.191751 -0.393504 1.527560
v -0.115820 -0.437898 1.565598
v -0.003453 -0.501668 1.575329
v -0.147509 -0.221668 1.650433
v -0.185404 -0.171953 1.817981
v -0.254002 -0.186714 2.815614
v -0.216597 -0.142498 1.948153
v -0.241127 -0.089942 2.132228
v -0.272456 -0.152802 2.658743
v 0.197976 -0.206556 2.857098
v 0.258816 -0.181796 2.704341
v -0.271509 -0.142928 2.494345
v 0.339546 -0.050428 2.533095
v -0.262966 -0.083139 2.330992
v -0.239832 -0.176172 3.080616
v -0.206061 -0.246868 3.077839
v -0.035725 -0.317340 3.081193
v 0.242577 -0.193806 3.083503
v 0.099641 -0.307825 3.081193
v -0.138872 -0.292827 3.078454
v 0.269540 -0.015094 3.085306
v 0.172003 -0.283921 3.081994
v 0.211523 -0.321940 3.237870
v -0.210855 -0.244491 3.233651
v -0.021522 -0.339930 3.237056
v 0.304458 -0.226909 3.239401
v 0.125224 -0.348216 3.237056
v -0.246785 -0.160488 3.236470
v -0.135891 -0.313775 3.234275
v 0.341931 -0.020555 3.241233
v 0.370999 -0.297956 3.438074
v 0.147734 -0.417476 3.425483
v -0.133557 -0.386662 3.466297
v 0.402479 -0.020097 3.393528
v 0.252119 -0.398638 3.446789
v -0.245369 -0.265338 3.402026
v -0.283974 -0.146381 3.417379
v -0.008036 -0.417758 3.483841
v -0.246763 -0.268939 3.474186
v -0.288439 -0.147043 3.483544
v 0.401395 -0.294117 3.528573
v -0.141870 -0.387606 3.532376
v 0.414018 -0.011742 3.480146
v 0.416910 -0.274718 3.699612
v -0.115630 -0.366952 3.687274
v 0.401842 -0.012216 3.677263
v -0.187226 -0.262118 3.668490
v -0.226037 -0.149437 3.671753
v 0.377717 -0.273245 3.841596
v -0.060618 -0.347091 3.832291
v 0.367945 -0.023057 3.849469
v -0.111793 -0.248519 3.841395
v -0.142862 -0.151317 3.843959
v 0.027510 -0.274753 3.928991
v 0.328315 -0.027118 3.943223
v 0.257875 -0.272710 3.945915
v -0.027567 -0.193842 3.924653
v -0.068081 -0.107588 3.926981
v 0.073049 -0.298232 3.945904
v 0.317148 -0.221934 3.938607
v 0.181217 -0.292849 3.956781
v 0.051430 -0.183195 4.016298
v 0.277195 -0.018581 4.019584
v 0.209683 -0.180213 4.020352
v -0.049003 -0.077565 4.003341
v -0.005254 -0.135858 4.006619
v 0.153612 -0.188573 4.023495
v 0.088014 -0.191818 4.022788
v 0.260208 -0.155659 4.017879
v -0.316520 -0.585378 0.107505
v 0.141811 -0.492021 1.452921
v 0.185306 -0.455048 1.449179
v -0.046943 -0.489053 1.413785
v 0.063304 -0.511689 1.434056
v 0.027113 -0.221868 1.385734
v 0.155081 -0.239219 1.409125
v -0.119293 -0.411029 1.373750
v -0.124106 -0.350884 1.361873
v -0.049582 -0.243844 1.371633
v -0.099843 -0.291925 1.363654
v 0.208670 -0.401368 1.435258
v 0.116576 -0.221246 1.402032
v 0.210918 -0.342118 1.425871
v -0.091442 -0.455162 1.393505
v 0.014420 -0.512327 1.426529
v 0.192224 -0.284826 1.418180
v 0.094553 -0.582067 1.233009
v 0.304817 -0.290917 1.269276
v 0.235557 -0.550924 1.300153
v 0.288147 -0.503413 1.308449
v -0.021873 -0.312037 1.118954
v 0.025826 -0.555353 1.198633
v 0.149896 -0.579355 1.256596
v 0.033757 -0.249379 1.140573
v -0.019940 -0.515406 1.161587
v 0.119134 -0.218470 1.178610
v -0.046278 -0.462047 1.129919
v 0.262982 -0.235078 1.245211
v 0.320408 -0.436175 1.298895
v -0.048685 -0.387233 1.112764
v 0.219406 -0.213992 1.224344
v 0.325448 -0.362102 1.286615
v 0.255238 -0.293083 1.024568
v 0.030770 -0.534859 0.994184
v 0.140715 -0.592248 1.044217
v 0.335912 -0.357568 1.053125
v 0.323339 -0.531858 1.089042
v 0.274912 -0.570055 1.088152
v 0.355569 -0.416135 1.065133
v 0.192935 -0.591125 1.058544
v 0.000706 -0.428566 0.954078
v 0.075601 -0.568995 1.022160
v 0.160263 -0.294624 0.995694
v 0.351705 -0.476824 1.076190
v 0.296361 -0.311150 1.037551
v 0.004064 -0.490082 0.968696
v 0.026239 -0.367824 0.957618
v 0.079185 -0.317966 0.971366
v 0.338729 -0.491681 0.733790
v 0.251648 -0.408358 0.728310
v 0.102657 -0.585226 0.758433
v 0.159347 -0.602337 0.761056
v 0.321398 -0.452765 0.730733
v 0.051489 -0.450320 0.720514
v 0.277369 -0.592044 0.768957
v 0.098054 -0.419388 0.722482
v 0.316781 -0.567840 0.759022
v 0.204390 -0.603034 0.761024
v 0.034042 -0.530038 0.730260
v 0.060737 -0.560911 0.745265
v 0.169012 -0.406593 0.725670
v 0.287130 -0.421299 0.728859
v 0.337154 -0.531668 0.742099
v 0.029002 -0.489221 0.720480
v 0.344462 -0.540338 0.399302
v 0.251726 -0.454339 0.407200
v 0.027796 -0.537913 0.420942
v 0.105278 -0.636931 0.446551
v 0.162183 -0.654577 0.442061
v 0.324255 -0.500167 0.399865
v 0.050476 -0.497740 0.420118
v 0.343632 -0.581606 0.406085
v 0.281152 -0.643898 0.437134
v 0.033743 -0.580034 0.428418
v 0.207220 -0.655284 0.436928
v 0.097415 -0.465784 0.418179
v 0.168798 -0.452546 0.413936
v 0.287208 -0.467690 0.403199
v 0.061986 -0.611867 0.439122
v 0.322278 -0.618920 0.423782
v 0.086249 -0.464899 0.145671
v -0.041545 -0.510710 0.206954
v 0.291465 -0.489430 0.124589
v -0.065033 -0.623873 0.204531
v -0.001786 -0.468318 0.177635
v 0.235938 -0.478488 0.127792
v 0.383675 -0.566178 0.137390
v -0.025389 -0.666780 0.202618
v 0.087813 -0.699722 0.158945
v -0.073381 -0.566410 0.206645
v 0.349029 -0.521720 0.131288
v 0.282245 -0.680791 0.167190
v 0.346254 -0.653147 0.160100
v 0.382510 -0.611851 0.146912
v 0.007938 -0.691889 0.177273
v 0.178470 -0.693392 0.166901
v -0.171296 -0.714904 0.009395
v 0.315741 -0.670738 0.052173
v 0.025130 -0.690155 0.032021
v 0.195325 -0.570990 0.006104
v 0.172652 -0.517177 0.016023
v 0.190257 -0.619760 0.019549
v 0.349472 -0.620681 0.032411
v 0.321775 -0.522719 0.014141
v 0.349315 -0.572216 0.020012
v 0.230005 -0.676579 0.044406
v -0.264447 -0.462603 0.058755
v 0.042386 -0.565141 0.015472
v 0.028606 -0.500282 0.028661
v 0.034039 -0.625453 0.019620
v -0.199706 -0.651440 0.004162
v 0.069125 -0.120441 4.110487
v 0.186412 -0.092957 4.128034
v 0.114452 -0.119894 4.118924
v 0.030852 -0.117197 4.103107
v 0.206341 -0.006650 4.132512
v 0.151101 -0.113827 4.123190
v -0.050207 -0.061107 4.084477
v -0.016004 -0.093800 4.091732
v -0.442360 -0.516827 0.018459
v -0.339872 -0.671733 0.025124
v -0.419745 -0.594734 0.022205
v -0.259476 -0.726341 0.028621
v -0.155644 -0.729519 0.051450
v -0.297027 -0.513934 0.104594
v -0.229957 -0.577156 0.004405
v -0.251687 -0.498284 0.011039
v -0.188033 -0.712645 0.093273
v -0.266189 -0.659509 0.102089
v -0.005774 -0.129461 4.169087
v 0.166746 -0.070570 4.230398
v 0.073120 -0.129192 4.191140
v -0.054139 -0.127852 4.151507
v 0.204121 0.000414 4.237902
v 0.122098 -0.108787 4.211412
v -0.177105 -0.070367 4.081007
v -0.121127 -0.105698 4.112173
v -0.162613 -0.130159 4.207523
v -0.023414 -0.154020 4.253346
v 0.183984 -0.085157 4.308359
v -0.234210 -0.088756 4.185237
v -0.078696 -0.153238 4.237749
v 0.228822 -0.000983 4.314650
v 0.127991 -0.129789 4.291779
v 0.068322 -0.153726 4.273070
v 0.083940 -0.176468 4.426584
v -0.069224 -0.176047 4.399152
v 0.254599 -0.003849 4.455084
v 0.147994 -0.152635 4.439548
v -0.238486 -0.108410 4.372739
v -0.160647 -0.153363 4.382641
v -0.010847 -0.176722 4.410915
v 0.208622 -0.105015 4.450123
v -0.198090 -0.109544 4.517096
v -0.063578 -0.168459 4.524925
v 0.200173 -0.010515 4.601779
v 0.121653 -0.156780 4.558898
v -0.133239 -0.150385 4.516108
v 0.066795 -0.168621 4.548637
v -0.016248 -0.168719 4.534874
v 0.170843 -0.126226 4.574797
v -0.187797 -0.016222 4.631861
v -0.049369 -0.016224 4.670629
v 0.089058 -0.016222 4.675840
v -0.110433 -0.016224 4.661582
v -0.040023 -0.142334 4.603869
v 0.087892 -0.142316 4.618904
v 0.000203 -0.142336 4.609375
v -0.089534 -0.142319 4.584725
v 0.034627 -0.142329 4.615575
v 0.011563 -0.016224 4.679657
v 0.024400 -0.168746 4.540077
v 0.035967 -0.176791 4.417119
v 0.021798 -0.154100 4.261679
v 0.033327 -0.129534 4.179010
v 0.092707 -0.120590 4.114640
v 0.171164 -0.677407 0.045583
v 0.249052 -0.619760 0.015166
v 0.236165 -0.518550 0.006314
v 0.249532 -0.571112 0.002325
v 0.224348 -0.691827 0.168466
v 0.182803 -0.475803 0.138124
v 0.239905 -0.653870 0.438043
v 0.223047 -0.451586 0.411605
v 0.236539 -0.601683 0.765691
v 0.222839 -0.405686 0.729354
v 0.228732 -0.587097 1.073017
v 0.221492 -0.290303 1.016161
v 0.183481 -0.211379 1.209846
v 0.187151 -0.573215 1.277323
v 0.085219 -0.218260 1.398039
v 0.097805 -0.508162 1.443617
v 0.118585 -0.192699 4.023495
v 0.126726 -0.300617 3.956781
v 0.077736 -0.418773 3.427873
v 0.067647 -0.350816 3.237056
v 0.045990 -0.319795 3.081193
v 0.038954 -0.314610 2.958137
v 0.035553 -0.334641 2.837209
v 0.063089 -0.194915 1.510262
v 0.083374 -0.500308 1.570953
v 0.071281 -0.142962 1.632364
v 0.091274 -0.521136 1.759033
v 0.067923 -0.094796 1.806574
v 0.094193 -0.498517 2.090793
v 0.063568 -0.025458 2.115215
v 0.087163 -0.380243 2.615535
v 0.086868 -0.440355 2.375433
v 0.058082 -0.068154 1.940182
v 0.083405 -0.390253 3.360013
v -0.008205 -0.380168 3.387481
v -0.264351 -0.142039 3.359915
v -0.226670 -0.248068 3.350857
v 0.244151 -0.368423 3.363792
v 0.387373 -0.026576 3.344635
v -0.132530 -0.352334 3.380222
v 0.147429 -0.393459 3.359446
v 0.350396 -0.267737 3.363233
v 0.389215 -0.092205 3.344162
v -0.272513 -0.024457 3.372574
v 0.018721 -0.061516 4.671619
v -0.085485 -0.061517 4.656180
v 0.089492 -0.061512 4.668147
v -0.030524 -0.061517 4.664323
v -0.161791 -0.061512 4.622574
v 0.197711 -0.046103 4.598258
v -0.260847 -0.016950 4.525266
v -0.296791 -0.016718 4.362896
v 0.250122 -0.027853 4.454528
v 0.224410 -0.019357 4.314052
v -0.288658 -0.012702 4.172292
v -0.226383 -0.009955 4.065742
v 0.200750 -0.015214 4.237287
v -0.099885 -0.011984 4.081626
v 0.202107 -0.034645 4.132019
v -0.081603 -0.013327 4.005835
v 0.272939 -0.068504 4.019165
v -0.077327 -0.016550 3.929522
v 0.327787 -0.093812 3.942796
v -0.139518 -0.025486 3.847056
v 0.372732 -0.102369 3.848948
v -0.224333 -0.025102 3.674851
v 0.411953 -0.090822 3.676743
v 0.424023 -0.089417 3.479625
v -0.284638 -0.024613 3.496488
v -0.281782 -0.024477 3.440073
v 0.409764 -0.093593 3.393023
v 0.341103 -0.074356 3.240782
v -0.260164 -0.020430 3.239148
v 0.268761 -0.058167 3.084863
v -0.252754 -0.014971 3.083253
v 0.339577 -0.004870 2.538128
v -0.279490 -0.010352 2.661336
v -0.265690 -0.013456 2.818251
v -0.257229 -0.015171 2.960196
v 0.226077 -0.058761 2.953176
v 0.215376 -0.064553 2.861912
v 0.267868 -0.055338 2.714322
v -0.288098 -0.050500 2.505371
v -0.281580 -0.024901 2.354281
v 0.272789 -0.378607 3.888962
v 0.259121 -0.423071 3.520728
v -0.063817 -0.408303 3.730160
v 0.049760 -0.410640 3.891851
v 0.011684 -0.439462 3.546939
v -0.021587 -0.403265 3.839576
v 0.362675 -0.385873 3.593266
v -0.060074 -0.424506 3.624434
v 0.125918 -0.411863 3.906433
v 0.162974 -0.439198 3.500442
v 0.402633 -0.357680 3.718672
v 0.365263 -0.356182 3.831652
v 0.096316 -0.443911 3.502701
v 0.186577 -0.403246 3.907195
v -0.280387 -0.046794 2.355335
v -0.286308 -0.095486 2.505530
v 0.267560 -0.095793 2.712126
v 0.214698 -0.111005 2.861370
v 0.225313 -0.101443 2.952741
v 0.267997 -0.100463 3.084428
v 0.340290 -0.127186 3.240341
v 0.416916 -0.176246 3.399817
v 0.433847 -0.186657 3.479114
v 0.421881 -0.188975 3.676231
v 0.377432 -0.190732 3.848437
v 0.327268 -0.156985 3.942376
v 0.272431 -0.115208 4.018754
v 0.198981 -0.063483 4.131536
v 0.190808 -0.038506 4.236682
v 0.212995 -0.047096 4.313464
v 0.238642 -0.061122 4.453982
v 0.191752 -0.085898 4.590060
v -0.129210 -0.105984 4.608008
v -0.012020 -0.105993 4.647240
v 0.089918 -0.105984 4.650404
v -0.060987 -0.105992 4.639985
v 0.025750 -0.105991 4.652835
v 0.391025 -0.156650 3.350987
v -0.274356 -0.085923 3.367873
v -0.236290 -0.063668 4.521143
v -0.274481 -0.062981 4.367863
v -0.268293 -0.051075 4.177687
v -0.206850 -0.041282 4.072308
v -0.074820 -0.039932 4.083065
v -0.066841 -0.047208 4.004577
v -0.073828 -0.062483 3.928240
v -0.146122 -0.088974 3.845493
v -0.230109 -0.087835 3.673288
v -0.292328 -0.086385 3.491643
v -0.287058 -0.085984 3.431994
v -0.263625 -0.088118 3.237797
v -0.256445 -0.086067 3.081923
v 0.339561 -0.027856 2.535588
v -0.281658 -0.073135 2.660028
v -0.270615 -0.088784 2.816921
v -0.260920 -0.086661 2.958866
v 0.128254 -0.533721 1.362828
v 0.124964 -0.219275 1.295351
v 0.252257 -0.350258 1.372120
v 0.157175 -0.221545 1.309849
v -0.083206 -0.372097 1.198268
v 0.247738 -0.414630 1.384399
v 0.196248 -0.239870 1.330716
v -0.081048 -0.437113 1.215424
v 0.067268 -0.225437 1.264115
v -0.057433 -0.483483 1.247092
v -0.009285 -0.252298 1.226078
v 0.094850 -0.539058 1.342101
v -0.016396 -0.518199 1.284138
v -0.059165 -0.306750 1.204459
v 0.218812 -0.473061 1.393954
v 0.171657 -0.514350 1.385658
v 0.233759 -0.288396 1.354781
v 0.045227 -0.541414 1.318514
v -0.107460 -0.080183 3.893770
v 0.343587 -0.180289 3.908259
v 0.344182 -0.106525 3.908740
v -0.106354 -0.022521 3.895240
v 0.113784 -0.370512 3.923929
v 0.176226 -0.361609 3.923928
v 0.336328 -0.260382 3.898606
v 0.040936 -0.366433 3.903714
v -0.104705 -0.136806 3.892327
v -0.073693 -0.229705 3.890308
v 0.268406 -0.330376 3.906560
v 0.344787 -0.031406 3.909229
v -0.022375 -0.326098 3.886256
v 0.273791 -0.432784 3.891758
v 0.144523 -0.447691 3.912683
v 0.268319 -0.469424 3.587261
v 0.179482 -0.482124 3.576035
v -0.046827 -0.456924 3.765802
v 0.396515 -0.435211 3.720797
v 0.070095 -0.454536 3.899890
v 0.358056 -0.429715 3.827742
v 0.032048 -0.478141 3.613992
v 0.111025 -0.488977 3.580781
v -0.004292 -0.457567 3.859181
v 0.199424 -0.441075 3.910585
v 0.358245 -0.449275 3.630146
v -0.039358 -0.460135 3.671731
v 0.267511 -2.110213 3.706836
v 0.340509 -2.112072 3.696815
v 0.337424 -2.103576 3.675431
v 0.263683 -2.105576 3.676422
v 0.307122 -2.120724 3.717955
v 0.300209 -2.107591 3.666158
v 0.195543 -2.117415 3.674749
v 0.257868 -2.110928 3.706914
v 0.253526 -2.106552 3.676814
v 0.196906 -2.118165 3.710573
v 0.228280 -2.123080 3.724481
v 0.222575 -2.117954 3.658557
v 0.188762 -2.117074 3.674464
v 0.172815 -2.121689 3.729738
v 0.147697 -2.100204 3.722567
v 0.131406 -2.073268 3.690505
v 0.155554 -2.093191 3.661533
v 0.189732 -2.118636 3.710608
v 0.387982 -2.066284 3.705780
v 0.384872 -2.056093 3.680607
v 0.349449 -2.114740 3.693992
v 0.361980 -2.080683 3.669067
v 0.368225 -2.100220 3.714054
v 0.346315 -2.105394 3.674179
v 0.309169 -1.624530 3.784150
v 0.223518 -1.619193 3.625925
v 0.167562 -1.611706 3.733617
v 0.359605 -1.618281 3.668647
v 0.234286 -1.619864 3.788190
v 0.196531 -1.615034 3.771519
v 0.261455 -1.620284 3.620233
v 0.373221 -1.618354 3.712535
v 0.359125 -1.619689 3.751614
v 0.274582 -1.622908 3.788793
v 0.158783 -1.611394 3.690019
v 0.312948 -1.618911 3.633019
v 0.336004 -1.623790 3.773433
v 0.184385 -1.615231 3.648794
v 0.292923 -1.872585 3.762295
v 0.210120 -1.842753 3.620459
v 0.328170 -1.866956 3.748374
v 0.310203 -1.836568 3.631732
v 0.141928 -1.840498 3.666555
v 0.168899 -1.839683 3.626082
v 0.219663 -1.870912 3.770288
v 0.347508 -1.842223 3.656390
v 0.148929 -1.852322 3.715471
v 0.181026 -1.862618 3.748861
v 0.260251 -1.837541 3.622051
v 0.362176 -1.848067 3.687367
v 0.355282 -1.855511 3.721263
v 0.259832 -1.873318 3.770492
v 0.302027 -1.758165 3.756353
v 0.231558 -1.750942 3.646476
v 0.199434 -1.749858 3.662365
v 0.324085 -1.757412 3.744787
v 0.306834 -1.749150 3.649351
v 0.240644 -1.759290 3.760453
v 0.343122 -1.749866 3.673346
v 0.186462 -1.755154 3.722721
v 0.209626 -1.758251 3.745447
v 0.264635 -1.750230 3.641154
v 0.354329 -1.751349 3.696665
v 0.342946 -1.754227 3.722827
v 0.273684 -1.758595 3.762043
v 0.179154 -1.751090 3.694451
v 0.306931 -1.671457 3.771287
v 0.228885 -1.667737 3.637638
v 0.178558 -1.664731 3.728539
v 0.352848 -1.666295 3.672876
v 0.238726 -1.669658 3.774528
v 0.204340 -1.667485 3.759125
v 0.263442 -1.668080 3.632317
v 0.365258 -1.666631 3.706366
v 0.351745 -1.668357 3.738791
v 0.275424 -1.670668 3.775868
v 0.170539 -1.663502 3.694025
v 0.310343 -1.666720 3.643128
v 0.330694 -1.671352 3.760398
v 0.193233 -1.665517 3.658210
v 0.159276 -1.472538 3.622077
v 0.351068 -1.488825 3.810421
v 0.320341 -1.483248 3.604334
v 0.125426 -1.463532 3.678652
v 0.272196 -1.487382 3.825470
v 0.380065 -1.481586 3.787998
v 0.395816 -1.481363 3.730043
v 0.255817 -1.484656 3.585940
v 0.174373 -1.466198 3.806691
v 0.221689 -1.478565 3.826957
v 0.378779 -1.482036 3.656647
v 0.136362 -1.461240 3.748029
v 0.208288 -1.481445 3.592689
v 0.315520 -1.491370 3.820649
v 0.174267 -1.557733 3.638029
v 0.342074 -1.569406 3.788337
v 0.315927 -1.564246 3.621460
v 0.145342 -1.551813 3.685439
v 0.273621 -1.568298 3.803572
v 0.367562 -1.564040 3.766275
v 0.382325 -1.563153 3.719590
v 0.259183 -1.565633 3.606415
v 0.187603 -1.555061 3.785692
v 0.229210 -1.562928 3.803811
v 0.367331 -1.563381 3.663812
v 0.154990 -1.551076 3.739425
v 0.217381 -1.563688 3.612533
v 0.311728 -1.570874 3.798857
v -0.115657 -0.039815 4.095157
v 0.178409 -0.039984 4.202226
v 0.185534 -0.018230 4.202784
v -0.137419 -0.010572 4.089401
v 0.065403 -0.117264 4.162626
v -0.053543 -0.092988 4.117375
v -0.090766 -0.063498 4.100809
v 0.130996 -0.103450 4.184295
v 0.186955 -0.000603 4.203351
v -0.005402 -0.113792 4.139904
v 0.094634 -0.116922 4.172381
v 0.162227 -0.070847 4.196078
v 0.035323 -0.117191 4.153780
v 0.320337 0.610314 3.900709
v 0.312805 0.654560 3.644364
v -0.024074 0.621291 3.782732
v 0.101791 0.614648 3.910434
v 0.073612 0.676394 3.651474
v 0.015145 0.620820 3.866086
v 0.386352 0.629039 3.696255
v -0.004111 0.632894 3.705608
v 0.183982 0.609521 3.921466
v 0.062741 0.843130 3.695653
v 0.215446 0.849249 3.841748
v 0.377306 0.821703 3.811592
v 0.403246 0.831638 3.766038
v 0.257511 0.874728 3.607070
v 0.103268 0.835145 3.807851
v 0.060802 0.834663 3.755733
v 0.398776 0.843013 3.705517
v 0.162839 0.846222 3.835950
v 0.226957 0.697059 3.614684
v 0.403584 0.615625 3.773116
v 0.377310 0.603182 3.852124
v 0.414569 1.070981 3.756496
v 0.285819 1.099363 3.577480
v 0.134778 1.090557 3.803898
v 0.102227 1.089608 3.731400
v 0.411344 1.072424 3.670716
v 0.190829 1.103528 3.836353
v 0.155121 1.100044 3.598876
v 0.363078 1.091181 3.841770
v 0.355716 1.084474 3.605601
v 0.342154 0.856479 3.645573
v 0.327073 0.830486 3.838315
v 0.116385 0.866529 3.629969
v 0.220040 1.205525 3.820736
v 0.193540 1.200499 3.609993
v 0.368417 1.190191 3.828126
v 0.363106 1.186260 3.619025
v 0.150955 1.196065 3.655737
v 0.269099 1.207221 3.826485
v 0.402731 1.177357 3.807280
v 0.418261 1.177403 3.747616
v 0.297865 1.196656 3.592703
v 0.399109 1.073915 3.820621
v 0.254319 1.109808 3.844293
v 0.105410 1.092730 3.652506
v 0.216024 1.358713 3.845557
v 0.158501 1.380330 3.600630
v 0.356500 1.365446 3.833750
v 0.332518 1.386894 3.588092
v 0.115268 1.364405 3.663072
v 0.270733 1.367313 3.846777
v 0.388202 1.357716 3.808865
v 0.407326 1.364804 3.740384
v 0.264247 1.394145 3.565204
v 0.415316 1.178544 3.675662
v 0.148049 1.190909 3.722081
v 0.177774 1.194035 3.789096
v 0.200797 1.722169 3.666259
v 0.326156 1.725675 3.749255
v 0.308116 1.721254 3.651771
v 0.180588 1.721711 3.697450
v 0.276143 1.725160 3.764818
v 0.345437 1.723626 3.727830
v 0.358451 1.721564 3.701091
v 0.265141 1.722603 3.642649
v 0.211015 1.725987 3.748528
v 0.392655 1.375857 3.650983
v 0.120202 1.351915 3.746053
v 0.162252 1.348231 3.818327
v 0.242521 1.725889 3.762848
v 0.347071 1.721003 3.676491
v 0.187957 1.723724 3.724196
v 0.166244 1.806409 3.685028
v 0.268045 1.825744 3.767525
v 0.344261 1.814930 3.723763
v 0.352878 1.810751 3.693076
v 0.261927 1.805723 3.627842
v 0.200178 1.819053 3.749862
v 0.174082 1.813793 3.724104
v 0.340987 1.807646 3.663438
v 0.233097 1.824635 3.767325
v 0.249048 1.955921 3.770940
v 0.376008 1.930578 3.715326
v 0.382225 1.917907 3.679543
v 0.259611 1.900299 3.623788
v 0.152177 1.943556 3.742442
v 0.111015 1.925349 3.696818
v 0.362686 1.908208 3.652212
v 0.200348 1.952728 3.769337
v 0.138695 1.913473 3.601028
v 0.306493 1.805172 3.635874
v 0.324473 1.821332 3.746973
v 0.189148 1.803350 3.646532
v 0.174499 1.244698 3.796887
v 0.138381 1.249085 3.725594
v 0.408543 1.260442 3.663422
v 0.286387 1.282960 3.580073
v 0.415491 1.248772 3.741242
v 0.396099 1.239812 3.806196
v 0.269657 1.258128 3.834728
v 0.140795 1.264158 3.653841
v 0.353144 1.273087 3.604931
v 0.362195 1.247528 3.831228
v 0.183681 1.277888 3.602958
v 0.220774 1.254457 3.830047
v 0.045161 2.065172 3.557027
v 0.279065 2.037563 3.664207
v 0.148398 2.059732 3.676154
v 0.150131 2.076289 3.741230
v 0.189340 2.066353 3.661976
v 0.129994 2.050163 3.708553
v 0.377453 2.022907 3.672158
v 0.180471 2.091809 3.752526
v 0.357536 2.070552 3.736459
v 0.106216 1.907968 3.639040
v 0.317966 1.897952 3.636935
v 0.335175 1.948891 3.748987
v 0.058152 2.124952 3.528288
v 0.074870 2.061614 3.526046
v 0.100088 2.074415 3.550440
v 0.070378 2.077973 3.581421
v 0.092209 1.995068 3.623887
v 0.126861 2.000031 3.589972
v 0.107986 1.974977 3.570882
v 0.073334 1.970014 3.604797
v 0.291970 2.083566 3.668869
v 0.351788 2.062165 3.671145
v 0.175590 2.180363 3.689828
v 0.300088 2.172074 3.647148
v 0.350129 2.158636 3.658715
v 0.147615 2.149047 3.644760
v 0.304304 2.179309 3.696618
v 0.371177 2.152198 3.692538
v 0.388940 2.032039 3.692059
v 0.387897 2.042164 3.719114
v 0.235474 2.092452 3.749421
v 0.339403 2.026265 3.665704
v 0.328574 1.962284 3.652727
v 0.242445 2.027319 3.767979
v 0.387830 1.992590 3.717780
v 0.393367 1.980098 3.685705
v 0.343500 2.014704 3.748701
v 0.186514 2.025565 3.767807
v 0.375461 1.968943 3.661304
v 0.109062 1.992625 3.703642
v 0.157614 2.007433 3.634984
v 0.143232 2.015982 3.745946
v 0.120536 1.998527 3.663212
v 0.266778 1.968018 3.644315
v 0.200515 1.982418 3.628365
v 0.288911 2.026158 3.762800
v 0.300957 2.090317 3.742778
v 0.221932 2.181531 3.642088
v 0.226651 2.180209 3.702430
v 0.227957 2.089443 3.663579
v 0.225295 2.043947 3.660284
v 0.316666 1.257027 3.835537
v 0.234750 1.285300 3.580972
v 0.192501 1.913927 3.605498
v 0.286946 1.955487 3.764875
v 0.223141 1.806629 3.634122
v 0.297951 1.825013 3.759453
v 0.233473 1.722899 3.647651
v 0.305018 1.725237 3.760291
v 0.212822 1.391956 3.570671
v 0.317588 1.370374 3.843782
v 0.305885 1.106031 3.846428
v 0.246119 1.202004 3.591393
v 0.316188 1.203691 3.829023
v 0.222465 1.105182 3.577310
v 0.160282 0.705486 3.616148
v 0.186641 0.885832 3.594352
v 0.266949 0.845102 3.843699
v 0.250077 0.607607 3.919795
v 0.124558 2.216473 3.674904
v 0.274653 2.226429 3.631901
v 0.365794 2.133925 3.653604
v 0.352402 2.167438 3.675502
v 0.387825 2.109511 3.665143
v 0.390935 2.118982 3.687290
v 0.392526 2.164371 3.663626
v 0.161477 2.234991 3.661628
v 0.271161 2.170569 3.657412
v 0.326836 2.167824 3.657194
v 0.329398 2.173161 3.678738
v 0.272816 2.172467 3.685338
v 0.196899 2.229616 3.634767
v 0.274714 2.228817 3.656081
v 0.198943 2.176013 3.690753
v 0.247322 2.172143 3.658576
v 0.250826 2.173182 3.686446
v 0.197727 2.178375 3.658280
v 0.353263 2.201115 3.637152
v 0.219774 2.234679 3.620064
v 0.124217 2.134995 3.671052
v 0.136690 2.159749 3.701899
v 0.159872 2.181233 3.707743
v 0.175805 2.172930 3.657691
v 0.195160 2.301847 3.589502
v 0.389387 2.214653 3.612178
v 0.149625 2.286938 3.598237
v 0.321395 2.293058 3.592111
v 0.215240 2.303393 3.579198
v 0.128729 2.268875 3.589627
v 0.378222 2.248615 3.638741
v 0.278812 2.295158 3.594927
v 0.322084 2.223409 3.631605
v 0.199400 2.228652 3.663256
v 0.146709 2.235744 3.678374
v 0.355807 2.208746 3.652460
v 0.324472 2.228672 3.651558
v 0.225020 2.235720 3.674182
v 0.374939 2.194196 3.668456
v 0.139565 2.199094 3.622759
v 0.299844 2.227355 3.622581
v 0.245379 2.230382 3.658734
v 0.162575 2.220482 3.634501
v 0.388846 2.156233 3.642989
v 0.242635 2.228377 3.633105
v 0.116316 2.194332 3.646416
v 0.368716 2.178427 3.632511
v 0.302293 2.235005 3.666713
v 0.373738 2.265023 3.595646
v 0.377723 2.273846 3.612288
v 0.301689 2.340427 3.569020
v 0.304556 2.353320 3.585565
v 0.217451 2.366209 3.572139
v 0.213435 2.353990 3.554867
v 0.119633 2.322869 3.578163
v 0.121682 2.340552 3.598754
v 0.324389 2.303404 3.609784
v 0.105645 2.268643 3.607664
v 0.370490 2.232842 3.604109
v 0.300658 2.292711 3.587137
v 0.355791 2.253811 3.609413
v 0.197586 2.308953 3.610790
v 0.147807 2.302665 3.619823
v 0.393638 2.221820 3.632818
v 0.221962 2.319346 3.621800
v 0.304682 2.311538 3.623730
v 0.111525 2.288761 3.632640
v 0.240561 2.312468 3.606726
v 0.279842 2.303638 3.613848
v 0.132790 2.304719 3.636189
v 0.359273 2.262416 3.623406
v 0.236266 2.303621 3.585413
v 0.266550 0.753343 3.884077
v 0.176984 0.817099 3.605417
v 0.098512 0.788313 3.645308
v 0.330893 0.739482 3.870331
v 0.327777 0.761761 3.664852
v 0.144832 0.757559 3.874995
v 0.391112 0.742957 3.720249
v 0.028550 0.742153 3.768440
v 0.069914 0.750297 3.833715
v 0.244696 0.803358 3.621130
v 0.399649 0.735569 3.780051
v 0.379157 0.724815 3.830907
v 0.208825 0.758378 3.882570
v 0.039367 0.749912 3.708170
v 0.192673 0.971074 3.580618
v 0.281524 0.940231 3.847181
v 0.064157 0.948251 3.663659
v 0.226307 0.944204 3.845430
v 0.389951 0.926971 3.822070
v 0.354874 0.956261 3.608833
v 0.341374 0.931857 3.841459
v 0.119211 0.962261 3.606339
v 0.162627 0.938626 3.837345
v 0.414440 0.946620 3.674427
v 0.060749 0.937693 3.741631
v 0.101257 0.930239 3.808970
v 0.270034 0.965246 3.580220
v 0.417893 0.935763 3.760243
v 0.216453 0.511800 3.915550
v 0.128832 0.585929 3.611617
v 0.364575 0.510835 3.836202
v 0.393506 0.519189 3.740833
v 0.197076 0.579912 3.603091
v 0.156326 0.513532 3.920430
v -0.026436 0.533443 3.699282
v 0.362259 0.533793 3.666563
v -0.002849 0.529859 3.867012
v 0.050095 0.563398 3.645398
v 0.076110 0.522432 3.906511
v -0.041618 0.530073 3.784040
v 0.283722 0.557758 3.621327
v 0.291850 0.512533 3.896853
v -0.282796 0.016952 2.353207
v 0.347629 0.119443 2.495632
v -0.289921 0.023140 2.505208
v 0.337808 0.157772 2.337842
v 0.268182 0.027802 2.716557
v 0.347257 0.064390 2.340831
v 0.216068 0.030910 2.862464
v -0.251046 0.230495 2.642510
v 0.297762 0.299698 2.406389
v 0.234108 0.064828 2.206769
v 0.259767 0.028851 2.246369
v 0.248284 0.295363 2.663668
v 0.335680 0.234640 2.489797
v 0.308018 0.077713 2.261769
v 0.217942 0.360670 2.460568
v 0.261144 0.313948 2.272767
v 0.192491 0.086884 2.096000
v -0.153463 0.363141 2.569367
v 0.253683 0.335877 2.552227
v 0.275387 0.129210 2.198897
v 0.300229 0.215120 2.269684
v -0.246206 0.215089 2.013319
v 0.110089 0.089512 1.940862
v -0.216173 0.359831 2.285074
v 0.210280 0.386274 2.293965
v 0.246689 0.168193 2.085996
v -0.254822 0.221195 2.353889
v -0.251588 0.164921 2.205467
v -0.228063 0.296557 2.501835
v 0.270886 0.238665 2.144104
v -0.147494 0.417040 2.357208
v 0.151556 0.427557 2.365653
v 0.258976 0.259820 2.007268
v 0.035994 0.463269 2.376107
v 0.035883 0.402598 2.600861
v -0.039405 0.041013 2.114177
v -0.045756 0.345144 2.820745
v 0.147500 0.313037 2.856158
v 0.162045 0.331161 2.765152
v 0.150306 0.376458 2.595219
v 0.230471 0.194676 1.954195
v -0.044071 0.458643 2.375770
v -0.246716 0.291164 2.151296
v -0.152104 0.112471 1.939956
v 0.127298 0.042906 2.115907
v -0.174912 0.054082 2.117290
v 0.247481 0.326927 2.142488
v 0.172147 0.125051 1.944156
v -0.036986 0.086707 1.939161
v -0.044984 0.398252 2.584397
v -0.223120 0.270909 2.806017
v -0.219781 0.259140 1.857949
v -0.179745 0.416490 2.014507
v -0.022076 0.515722 2.090598
v 0.155306 0.487108 2.078693
v 0.210664 0.428888 2.027061
v -0.110554 0.476231 2.066391
v 0.047265 0.519266 2.090403
v 0.244033 0.293655 1.855688
v -0.014074 0.112956 1.805649
v 0.219309 0.222466 1.821658
v 0.165268 0.150325 1.811302
v -0.218803 0.346684 1.940138
v -0.118444 0.139185 1.808986
v 0.237668 0.357752 1.935714
v 0.111321 0.115965 1.806832
v 0.051880 0.539025 1.756583
v 0.213789 0.323655 1.671847
v 0.005843 0.159199 1.631321
v 0.193335 0.253004 1.651617
v 0.149386 0.190143 1.637204
v -0.172437 0.386704 1.697739
v -0.083828 0.184032 1.636982
v 0.211190 0.392526 1.698857
v 0.105915 0.162889 1.631733
v -0.178375 0.307278 1.669231
v -0.131457 0.449631 1.725940
v -0.002486 0.536911 1.757808
v 0.141017 0.514664 1.755934
v 0.188498 0.463064 1.732938
v -0.071152 0.502796 1.749130
v 0.129518 0.498366 1.568063
v 0.171821 0.461756 1.550880
v -0.155076 0.341559 1.535626
v 0.192319 0.345028 1.513852
v -0.066943 0.488274 1.576740
v 0.046711 0.516689 1.570369
v 0.172764 0.283640 1.507325
v 0.002460 0.210314 1.512956
v 0.134498 0.233798 1.504867
v -0.148018 0.404815 1.550091
v -0.077256 0.230750 1.519737
v -0.129720 0.279919 1.527547
v 0.094973 0.213146 1.506452
v 0.208150 0.206618 2.951815
v 0.154352 0.293821 2.954622
v 0.226855 0.028956 2.953619
v -0.210536 0.257739 2.954783
v 0.087456 0.338455 2.851883
v -0.154096 0.317807 2.804345
v -0.041131 0.325995 2.958137
v -0.143347 0.300785 2.955398
v 0.091208 0.316659 2.958137
v -0.244307 0.190814 2.957560
v 0.191751 0.407166 1.527560
v -0.115820 0.451560 1.565598
v -0.003453 0.515330 1.575329
v -0.147509 0.235330 1.650433
v -0.185404 0.185615 1.817981
v -0.254002 0.200376 2.815614
v -0.216597 0.156160 1.948153
v -0.241127 0.103604 2.132228
v -0.272456 0.166464 2.658743
v 0.197976 0.220218 2.857098
v 0.258816 0.195458 2.704341
v -0.271509 0.156590 2.494345
v 0.339546 0.064090 2.533095
v -0.262966 0.096801 2.330992
v -0.239832 0.189834 3.080616
v -0.206061 0.260530 3.077839
v -0.035725 0.331002 3.081193
v 0.242577 0.207468 3.083503
v 0.099641 0.321487 3.081193
v -0.138872 0.306489 3.078454
v 0.269540 0.028756 3.085306
v 0.172003 0.297583 3.081994
v 0.211523 0.335602 3.237870
v -0.210855 0.258153 3.233651
v -0.021522 0.353592 3.237056
v 0.304458 0.240571 3.239401
v 0.125224 0.361878 3.237056
v -0.246785 0.174150 3.236471
v -0.135891 0.327437 3.234275
v 0.341931 0.034217 3.241233
v 0.370999 0.311618 3.438074
v 0.147734 0.431138 3.425483
v -0.133557 0.400324 3.466297
v 0.402479 0.033759 3.393528
v 0.252119 0.412300 3.446789
v -0.245369 0.279000 3.402026
v -0.283974 0.160043 3.417379
v -0.008036 0.431420 3.483841
v -0.246763 0.282601 3.474186
v -0.288439 0.160705 3.483544
v 0.401395 0.307779 3.528573
v -0.141870 0.401268 3.532376
v 0.414018 0.025404 3.480146
v 0.416910 0.288380 3.699612
v -0.115630 0.380614 3.687274
v 0.401842 0.025878 3.677263
v -0.187226 0.275779 3.668490
v -0.226037 0.163099 3.671753
v 0.377717 0.286907 3.841596
v -0.060618 0.360753 3.832291
v 0.367945 0.036719 3.849469
v -0.111793 0.262181 3.841395
v -0.142862 0.164979 3.843959
v 0.027510 0.288415 3.928990
v 0.328315 0.040780 3.943223
v 0.257875 0.286372 3.945915
v -0.027567 0.207504 3.924653
v -0.068081 0.121250 3.926981
v 0.073049 0.311894 3.945904
v 0.317148 0.235596 3.938607
v 0.181217 0.306511 3.956781
v 0.051430 0.196857 4.016298
v 0.277195 0.032243 4.019584
v 0.209683 0.193875 4.020352
v -0.049003 0.091227 4.003341
v -0.005254 0.149520 4.006619
v 0.153612 0.202235 4.023495
v 0.088014 0.205480 4.022788
v 0.260208 0.169321 4.017879
v -0.316520 0.599040 0.107505
v 0.141811 0.505683 1.452921
v 0.185306 0.468710 1.449179
v -0.046943 0.502715 1.413785
v 0.063304 0.525351 1.434056
v 0.027113 0.235530 1.385734
v 0.155081 0.252881 1.409125
v -0.119293 0.424691 1.373750
v -0.124106 0.364546 1.361873
v -0.049582 0.257506 1.371633
v -0.099843 0.305587 1.363654
v 0.208670 0.415029 1.435258
v 0.116576 0.234908 1.402032
v 0.210918 0.355780 1.425871
v -0.091442 0.468824 1.393505
v 0.014420 0.525989 1.426529
v 0.192224 0.298488 1.418180
v 0.094553 0.595729 1.233009
v 0.304817 0.304579 1.269276
v 0.235557 0.564586 1.300153
v 0.288147 0.517075 1.308449
v -0.021873 0.325699 1.118954
v 0.025826 0.569015 1.198633
v 0.149896 0.593017 1.256596
v 0.033757 0.263041 1.140573
v -0.019940 0.529068 1.161587
v 0.119134 0.232132 1.178610
v -0.046278 0.475709 1.129919
v 0.262982 0.248740 1.245211
v 0.320408 0.449837 1.298894
v -0.048685 0.400895 1.112764
v 0.219406 0.227654 1.224344
v 0.325448 0.375764 1.286615
v 0.255238 0.306745 1.024568
v 0.030770 0.548521 0.994184
v 0.140715 0.605910 1.044217
v 0.335912 0.371230 1.053125
v 0.323339 0.545520 1.089042
v 0.274912 0.583718 1.088152
v 0.355569 0.429797 1.065133
v 0.192935 0.604787 1.058544
v 0.000706 0.442228 0.954078
v 0.075601 0.582656 1.022160
v 0.160263 0.308286 0.995694
v 0.351705 0.490486 1.076190
v 0.296361 0.324812 1.037552
v 0.004064 0.503744 0.968696
v 0.026239 0.381486 0.957618
v 0.079185 0.331628 0.971366
v 0.338729 0.505343 0.733790
v 0.251648 0.422020 0.728310
v 0.102657 0.598888 0.758432
v 0.159347 0.615999 0.761056
v 0.321398 0.466427 0.730733
v 0.051489 0.463982 0.720514
v 0.277369 0.605706 0.768957
v 0.098054 0.433050 0.722482
v 0.316781 0.581502 0.759022
v 0.204390 0.616696 0.761024
v 0.034042 0.543700 0.730260
v 0.060737 0.574573 0.745265
v 0.169012 0.420255 0.725671
v 0.287130 0.434961 0.728859
v 0.337154 0.545330 0.742099
v 0.029002 0.502883 0.720480
v 0.344462 0.554000 0.399302
v 0.251726 0.468001 0.407200
v 0.027796 0.551575 0.420942
v 0.105278 0.650593 0.446551
v 0.162183 0.668239 0.442062
v 0.324255 0.513829 0.399865
v 0.050476 0.511402 0.420118
v 0.343632 0.595268 0.406085
v 0.281152 0.657560 0.437134
v 0.033743 0.593696 0.428418
v 0.207220 0.668946 0.436928
v 0.097415 0.479446 0.418179
v 0.168798 0.466208 0.413936
v 0.287208 0.481352 0.403199
v 0.061986 0.625529 0.439122
v 0.322278 0.632582 0.423782
v 0.086249 0.478561 0.145671
v -0.041545 0.524372 0.206955
v 0.291465 0.503092 0.124589
v -0.065033 0.637535 0.204531
v -0.001786 0.481980 0.177635
v 0.235938 0.492150 0.127792
v 0.383675 0.579840 0.137390
v -0.025389 0.680442 0.202618
v 0.087813 0.713384 0.158945
v -0.073381 0.580072 0.206645
v 0.349029 0.535382 0.131288
v 0.282245 0.694453 0.167190
v 0.346254 0.666809 0.160100
v 0.382510 0.625513 0.146912
v 0.007938 0.705551 0.177273
v 0.178470 0.707054 0.166901
v -0.171296 0.728566 0.009395
v 0.315741 0.684400 0.052173
v 0.025130 0.703817 0.032021
v 0.195325 0.584652 0.006104
v 0.172652 0.530839 0.016022
v 0.190257 0.633422 0.019548
v 0.349472 0.634343 0.032411
v 0.321775 0.536381 0.014141
v 0.349315 0.585878 0.020012
v 0.230005 0.690241 0.044406
v -0.264447 0.476265 0.058755
v 0.042386 0.578803 0.015472
v 0.028606 0.513944 0.028661
v 0.034039 0.639115 0.019620
v -0.199706 0.665102 0.004161
v 0.069125 0.134103 4.110487
v 0.186412 0.106619 4.128034
v 0.114452 0.133556 4.118924
v 0.030852 0.130859 4.103107
v 0.206341 0.020312 4.132512
v 0.151101 0.127489 4.123190
v -0.050207 0.074769 4.084477
v -0.016004 0.107462 4.091732
v -0.442360 0.530489 0.018459
v -0.339872 0.685395 0.025124
v -0.419745 0.608396 0.022205
v -0.259476 0.740003 0.028621
v -0.155644 0.743182 0.051450
v -0.297027 0.527596 0.104594
v -0.229957 0.590818 0.004405
v -0.251687 0.511946 0.011039
v -0.188033 0.726307 0.093273
v -0.266189 0.673171 0.102089
v -0.005774 0.143123 4.169087
v 0.166746 0.084232 4.230398
v 0.073120 0.142854 4.191140
v -0.054139 0.141514 4.151507
v 0.204121 0.013248 4.237902
v 0.122098 0.122449 4.211412
v -0.177105 0.084029 4.081007
v -0.121127 0.119360 4.112173
v -0.162613 0.143821 4.207523
v -0.023414 0.167682 4.253346
v 0.183984 0.098819 4.308359
v -0.234210 0.102418 4.185237
v -0.078696 0.166900 4.237749
v 0.228822 0.014645 4.314650
v 0.127991 0.143451 4.291779
v 0.068322 0.167388 4.273070
v 0.083940 0.190130 4.426584
v -0.069224 0.189709 4.399152
v 0.254599 0.017511 4.455084
v 0.147994 0.166297 4.439548
v -0.238486 0.122072 4.372740
v -0.160647 0.167025 4.382641
v -0.010847 0.190384 4.410915
v 0.208622 0.118677 4.450123
v -0.198090 0.123206 4.517096
v -0.063578 0.182121 4.524925
v 0.200173 0.024177 4.601779
v 0.121653 0.170442 4.558897
v -0.133239 0.164047 4.516108
v 0.066795 0.182283 4.548637
v -0.016248 0.182381 4.534874
v 0.170843 0.139888 4.574798
v -0.187797 0.029884 4.631861
v -0.049369 0.029886 4.670629
v 0.089058 0.029884 4.675840
v -0.110433 0.029886 4.661582
v -0.040023 0.155996 4.603869
v 0.087892 0.155978 4.618904
v 0.000203 0.155998 4.609375
v -0.089534 0.155981 4.584725
v 0.034627 0.155991 4.615576
v 0.011563 0.029886 4.679657
v 0.024400 0.182408 4.540077
v 0.035967 0.190453 4.417119
v 0.021798 0.167762 4.261679
v 0.033327 0.143196 4.179009
v 0.092707 0.134252 4.114640
v 0.171164 0.691069 0.045583
v 0.249052 0.633422 0.015166
v 0.236165 0.532212 0.006314
v 0.249532 0.584774 0.002325
v 0.224348 0.705489 0.168466
v 0.182803 0.489465 0.138124
v 0.239905 0.667532 0.438043
v 0.223047 0.465248 0.411605
v 0.236539 0.615345 0.765691
v 0.222839 0.419348 0.729354
v 0.228732 0.600759 1.073017
v 0.221492 0.303965 1.016161
v 0.183481 0.225041 1.209846
v 0.187151 0.586877 1.277323
v 0.085219 0.231922 1.398039
v 0.097805 0.521824 1.443617
v 0.118585 0.206361 4.023495
v 0.126726 0.314279 3.956781
v 0.077736 0.432434 3.427873
v 0.067647 0.364478 3.237056
v 0.045990 0.333457 3.081193
v 0.038954 0.328272 2.958137
v 0.035553 0.348303 2.837209
v 0.063089 0.208577 1.510262
v 0.083374 0.513970 1.570952
v 0.071281 0.156624 1.632363
v 0.091274 0.534797 1.759033
v 0.067923 0.108458 1.806574
v 0.094193 0.512179 2.090793
v 0.063568 0.039120 2.115215
v 0.087163 0.393905 2.615535
v 0.086868 0.454017 2.375433
v 0.058082 0.081816 1.940182
v 0.083405 0.403914 3.360013
v -0.008205 0.393830 3.387481
v -0.264351 0.155701 3.359915
v -0.226670 0.261730 3.350857
v 0.244151 0.382085 3.363792
v 0.387373 0.040238 3.344635
v -0.132530 0.365996 3.380222
v 0.147429 0.407121 3.359446
v 0.350396 0.281399 3.363233
v 0.389215 0.105867 3.344162
v -0.272513 0.038119 3.372574
v 0.018721 0.075178 4.671619
v -0.085485 0.075179 4.656180
v 0.089492 0.075174 4.668147
v -0.030524 0.075179 4.664323
v -0.161791 0.075173 4.622574
v 0.197711 0.059765 4.598258
v -0.260847 0.030612 4.525266
v -0.296791 0.030380 4.362896
v 0.250122 0.041515 4.454528
v 0.224410 0.033019 4.314052
v -0.288658 0.026364 4.172292
v -0.226383 0.023616 4.065742
v 0.200750 0.028876 4.237287
v -0.099885 0.025646 4.081626
v 0.202107 0.048307 4.132019
v -0.081603 0.026989 4.005835
v 0.272939 0.082166 4.019165
v -0.077327 0.030212 3.929522
v 0.327787 0.107474 3.942796
v -0.139518 0.039148 3.847057
v 0.372732 0.116031 3.848948
v -0.224333 0.038764 3.674851
v 0.411953 0.104484 3.676743
v 0.424023 0.103079 3.479625
v -0.284638 0.038275 3.496488
v -0.281782 0.038139 3.440073
v 0.409764 0.107255 3.393023
v 0.341103 0.088018 3.240782
v -0.260164 0.034092 3.239148
v 0.268761 0.071829 3.084863
v -0.252754 0.028633 3.083253
v 0.339577 0.018532 2.538128
v -0.279490 0.024014 2.661336
v -0.265690 0.027118 2.818251
v -0.257229 0.028833 2.960196
v 0.226077 0.072423 2.953176
v 0.215376 0.078215 2.861912
v 0.267868 0.069000 2.714322
v -0.288098 0.064162 2.505371
v -0.281580 0.038563 2.354281
v 0.272789 0.392269 3.888962
v 0.259121 0.436733 3.520728
v -0.063817 0.421965 3.730160
v 0.049760 0.424302 3.891851
v 0.011684 0.453124 3.546939
v -0.021587 0.416927 3.839576
v 0.362675 0.399535 3.593266
v -0.060074 0.438168 3.624434
v 0.125918 0.425525 3.906433
v 0.162974 0.452860 3.500442
v 0.402633 0.371342 3.718672
v 0.365263 0.369844 3.831652
v 0.096316 0.457573 3.502701
v 0.186577 0.416909 3.907195
v -0.280387 0.060456 2.355335
v -0.286308 0.109148 2.505530
v 0.267560 0.109455 2.712126
v 0.214698 0.124667 2.861370
v 0.225313 0.115105 2.952741
v 0.267997 0.114125 3.084428
v 0.340290 0.140848 3.240341
v 0.416916 0.189908 3.399817
v 0.433847 0.200319 3.479114
v 0.421881 0.202637 3.676231
v 0.377432 0.204394 3.848437
v 0.327268 0.170647 3.942376
v 0.272431 0.128870 4.018754
v 0.198981 0.077145 4.131536
v 0.190808 0.052168 4.236682
v 0.212995 0.060758 4.313464
v 0.238642 0.074784 4.453982
v 0.191752 0.099560 4.590060
v -0.129210 0.119646 4.608008
v -0.012020 0.119655 4.647240
v 0.089918 0.119646 4.650404
v -0.060987 0.119654 4.639985
v 0.025750 0.119653 4.652835
v 0.391025 0.170312 3.350987
v -0.274356 0.099585 3.367873
v -0.236290 0.077330 4.521143
v -0.274481 0.076643 4.367863
v -0.268293 0.064737 4.177687
v -0.206850 0.054944 4.072308
v -0.074820 0.053594 4.083065
v -0.066841 0.060870 4.004577
v -0.073828 0.076145 3.928240
v -0.146122 0.102636 3.845494
v -0.230109 0.101497 3.673288
v -0.292328 0.100047 3.491643
v -0.287058 0.099646 3.431994
v -0.263625 0.101779 3.237797
v -0.256445 0.099729 3.081923
v 0.339561 0.041518 2.535588
v -0.281658 0.086797 2.660028
v -0.270615 0.102446 2.816921
v -0.260920 0.100323 2.958866
v 0.128254 0.547383 1.362828
v 0.124964 0.232937 1.295351
v 0.252257 0.363920 1.372120
v 0.157175 0.235207 1.309849
v -0.083206 0.385759 1.198268
v 0.247738 0.428292 1.384399
v 0.196248 0.253532 1.330716
v -0.081048 0.450775 1.215424
v 0.067268 0.239099 1.264115
v -0.057433 0.497146 1.247092
v -0.009285 0.265960 1.226078
v 0.094850 0.552720 1.342101
v -0.016396 0.531861 1.284138
v -0.059165 0.320412 1.204459
v 0.218812 0.486723 1.393954
v 0.171657 0.528012 1.385658
v 0.233759 0.302058 1.354781
v 0.045227 0.555076 1.318514
v -0.107460 0.093845 3.893770
v 0.343587 0.193951 3.908259
v 0.344182 0.120187 3.908740
v -0.106354 0.036182 3.895240
v 0.113784 0.384174 3.923929
v 0.176226 0.375271 3.923929
v 0.336328 0.274044 3.898606
v 0.040936 0.380095 3.903714
v -0.104705 0.150468 3.892327
v -0.073693 0.243367 3.890308
v 0.268406 0.344038 3.906560
v 0.344787 0.045068 3.909229
v -0.022375 0.339760 3.886256
v 0.273791 0.446446 3.891758
v 0.144523 0.461353 3.912683
v 0.268319 0.483086 3.587261
v 0.179482 0.495786 3.576035
v -0.046827 0.470586 3.765802
v 0.396515 0.448873 3.720797
v 0.070095 0.468198 3.899890
v 0.358056 0.443377 3.827742
v 0.032048 0.491803 3.613992
v 0.111025 0.502639 3.580781
v -0.004292 0.471229 3.859181
v 0.199424 0.454737 3.910585
v 0.358245 0.462937 3.630146
v -0.039358 0.473797 3.671731
v 0.267511 2.123875 3.706836
v 0.340509 2.125734 3.696815
v 0.337424 2.117238 3.675431
v 0.263683 2.119237 3.676423
v 0.307122 2.134386 3.717955
v 0.300209 2.121253 3.666158
v 0.195543 2.131077 3.674749
v 0.257868 2.124590 3.706914
v 0.253526 2.120214 3.676814
v 0.196906 2.131826 3.710573
v 0.228280 2.136741 3.724481
v 0.222575 2.131616 3.658557
v 0.188762 2.130736 3.674464
v 0.172815 2.135351 3.729738
v 0.147697 2.113866 3.722567
v 0.131406 2.086930 3.690505
v 0.155554 2.106853 3.661533
v 0.189732 2.132298 3.710608
v 0.387982 2.079946 3.705780
v 0.384872 2.069756 3.680607
v 0.349449 2.128402 3.693992
v 0.361980 2.094345 3.669067
v 0.368225 2.113882 3.714054
v 0.346315 2.119056 3.674179
v 0.309169 1.638192 3.784150
v 0.223518 1.632855 3.625925
v 0.167562 1.625367 3.733617
v 0.359605 1.631943 3.668647
v 0.234286 1.633525 3.788190
v 0.196531 1.628696 3.771519
v 0.261455 1.633946 3.620233
v 0.373221 1.632016 3.712535
v 0.359125 1.633351 3.751614
v 0.274582 1.636570 3.788793
v 0.158783 1.625056 3.690019
v 0.312948 1.632573 3.633019
v 0.336003 1.637452 3.773433
v 0.184385 1.628893 3.648795
v 0.292923 1.886247 3.762295
v 0.210120 1.856415 3.620459
v 0.328170 1.880618 3.748374
v 0.310203 1.850230 3.631732
v 0.141928 1.854159 3.666555
v 0.168899 1.853345 3.626082
v 0.219663 1.884574 3.770289
v 0.347508 1.855885 3.656390
v 0.148929 1.865983 3.715471
v 0.181026 1.876280 3.748861
v 0.260251 1.851203 3.622050
v 0.362176 1.861729 3.687367
v 0.355282 1.869172 3.721263
v 0.259832 1.886980 3.770492
v 0.302027 1.771827 3.756353
v 0.231558 1.764603 3.646476
v 0.199434 1.763520 3.662365
v 0.324085 1.771074 3.744787
v 0.306834 1.762812 3.649351
v 0.240644 1.772952 3.760453
v 0.343122 1.763528 3.673346
v 0.186462 1.768815 3.722721
v 0.209626 1.771913 3.745447
v 0.264635 1.763892 3.641154
v 0.354329 1.765011 3.696665
v 0.342946 1.767889 3.722827
v 0.273684 1.772257 3.762043
v 0.179154 1.764752 3.694451
v 0.306931 1.685119 3.771287
v 0.228885 1.681399 3.637638
v 0.178558 1.678393 3.728539
v 0.352848 1.679956 3.672876
v 0.238726 1.683320 3.774528
v 0.204340 1.681147 3.759125
v 0.263442 1.681742 3.632317
v 0.365258 1.680293 3.706366
v 0.351745 1.682019 3.738791
v 0.275424 1.684330 3.775868
v 0.170539 1.677164 3.694025
v 0.310343 1.680382 3.643128
v 0.330694 1.685014 3.760398
v 0.193233 1.679179 3.658210
v 0.159276 1.486200 3.622077
v 0.351069 1.502487 3.810421
v 0.320341 1.496909 3.604334
v 0.125426 1.477193 3.678652
v 0.272196 1.501044 3.825470
v 0.380065 1.495248 3.787998
v 0.395815 1.495024 3.730043
v 0.255817 1.498318 3.585940
v 0.174373 1.479860 3.806691
v 0.221689 1.492227 3.826957
v 0.378779 1.495698 3.656647
v 0.136362 1.474902 3.748029
v 0.208288 1.495107 3.592689
v 0.315520 1.505032 3.820649
v 0.174267 1.571395 3.638029
v 0.342074 1.583068 3.788337
v 0.315927 1.577907 3.621460
v 0.145342 1.565475 3.685439
v 0.273621 1.581959 3.803572
v 0.367562 1.577702 3.766275
v 0.382325 1.576815 3.719590
v 0.259183 1.579295 3.606415
v 0.187603 1.568723 3.785692
v 0.229210 1.576590 3.803811
v 0.367331 1.577043 3.663811
v 0.154990 1.564737 3.739425
v 0.217381 1.577350 3.612533
v 0.311728 1.584536 3.798857
v -0.115657 0.053477 4.095157
v 0.178409 0.053646 4.202226
v 0.185534 0.031892 4.202784
v -0.137419 0.024233 4.089401
v 0.065403 0.130926 4.162626
v -0.053543 0.106650 4.117375
v -0.090766 0.077160 4.100809
v 0.130996 0.117111 4.184294
v 0.186955 0.014265 4.203351
v -0.005402 0.127454 4.139904
v 0.094634 0.130584 4.172381
v 0.162227 0.084509 4.196078
v 0.035323 0.130853 4.153780
v 0.395113 -0.588166 3.817156
v 0.121945 -0.684255 3.628750
v -0.012056 -0.609210 3.828959
v 0.401179 -0.616003 3.729612
v 0.027515 -0.637607 3.678901
v 0.148266 -0.598552 3.919078
v 0.167926 -0.752496 3.611085
v 0.325775 -0.695930 3.655507
v 0.082936 -0.724580 3.648906
v 0.081996 -0.836354 3.663900
v 0.013500 -0.681303 3.705005
v 0.297068 -0.734507 3.881305
v 0.396045 -0.676535 3.709842
v 0.408255 -0.665867 3.784323
v 0.356817 -0.808808 3.828166
v 0.391722 -0.811954 3.790309
v 0.141507 -0.795510 3.618342
v 0.299956 -0.851964 3.623353
v 0.039679 -0.732187 3.800455
v -0.004751 -0.668821 3.776404
v 0.382469 -0.649457 3.850275
v 0.056412 -0.826316 3.726005
v 0.367155 -0.730200 3.689753
v 0.407168 -0.824358 3.738025
v 0.178395 -0.745319 3.880588
v 0.134519 -0.827691 3.826226
v 0.037113 -0.671028 3.856121
v 0.198119 -0.664528 3.911515
v 0.329132 -0.657019 3.892588
v 0.122384 -0.667438 3.901495
v 0.188095 -0.904808 3.588372
v 0.354262 -0.889754 3.622526
v 0.116677 -0.893817 3.618448
v 0.405284 -1.057368 3.796878
v 0.059785 -0.876665 3.678872
v 0.078482 -0.918030 3.781552
v 0.412647 -0.881000 3.685970
v 0.416328 -0.865988 3.763590
v 0.095920 -1.078654 3.688218
v 0.419182 -1.058365 3.710700
v 0.196583 -0.930141 3.842971
v 0.157963 -1.082540 3.824803
v 0.087230 -0.939233 3.633430
v 0.056770 -0.863560 3.750246
v 0.383316 -0.851515 3.818618
v 0.188118 -1.091691 3.582659
v 0.369639 -0.913780 3.833313
v 0.333074 -1.087712 3.845797
v 0.311411 -0.947881 3.587274
v 0.390405 -1.061810 3.635897
v 0.100334 -0.854442 3.809511
v 0.216977 -0.861788 3.841478
v 0.329616 -0.851160 3.837755
v 0.160102 -0.859262 3.834416
v 0.240205 -1.151488 3.583497
v 0.360553 -1.132467 3.611848
v 0.180853 -1.149539 3.604127
v 0.161967 -1.175577 3.758762
v 0.133405 -1.145498 3.654952
v 0.196717 -1.187259 3.810586
v 0.412912 -1.122137 3.673867
v 0.415926 -1.121453 3.754300
v 0.395842 -1.166809 3.646017
v 0.142289 -1.180987 3.685567
v 0.169541 -1.183639 3.631056
v 0.341018 -1.185772 3.829433
v 0.245062 -1.194018 3.824414
v 0.130430 -1.142515 3.729044
v 0.401120 -1.124108 3.815728
v 0.391338 -1.167453 3.821832
v 0.422474 -1.164599 3.709136
v 0.409429 -1.163157 3.783023
v 0.220037 -1.189303 3.595715
v 0.327112 -1.179058 3.599611
v 0.160861 -1.144561 3.798483
v 0.265404 -1.158286 3.836241
v 0.367082 -1.140242 3.835597
v 0.209656 -1.155216 3.829372
v 0.243277 -1.221816 3.593163
v 0.361321 -1.208991 3.619322
v 0.194157 -1.218369 3.611321
v 0.155021 -1.229365 3.764621
v 0.154579 -1.210498 3.655241
v 0.186940 -1.338896 3.837391
v 0.415034 -1.201571 3.673160
v 0.418980 -1.197266 3.741558
v 0.368831 -1.366300 3.616625
v 0.131373 -1.244153 3.686452
v 0.133389 -1.357421 3.629853
v 0.339801 -1.240715 3.834662
v 0.245342 -1.350736 3.847221
v 0.151796 -1.201198 3.718326
v 0.401779 -1.193035 3.801895
v 0.372168 -1.346623 3.823262
v 0.417510 -1.241891 3.699469
v 0.401091 -1.345190 3.783569
v 0.209074 -1.270370 3.586693
v 0.294171 -1.379218 3.569559
v 0.183119 -1.202981 3.785357
v 0.269238 -1.217206 3.823243
v 0.366862 -1.202399 3.824842
v 0.223306 -1.215244 3.818333
v 0.206409 -1.428412 3.580611
v 0.324847 -1.428911 3.594600
v 0.154116 -1.417847 3.611431
v 0.331425 -1.706928 3.663762
v 0.116288 -1.406089 3.672509
v 0.123858 -1.462106 3.711276
v 0.386040 -1.425128 3.652857
v 0.403162 -1.421712 3.736091
v 0.187324 -1.707953 3.682109
v 0.335238 -1.491731 3.816638
v 0.260518 -1.711662 3.764165
v 0.334326 -1.711702 3.740805
v 0.391877 -1.482769 3.690269
v 0.126151 -1.400733 3.750386
v 0.386240 -1.419888 3.800411
v 0.354981 -1.708223 3.713527
v 0.184153 -1.478415 3.601723
v 0.283801 -1.708530 3.643678
v 0.195438 -1.472063 3.821679
v 0.199090 -1.711424 3.736110
v 0.166960 -1.403853 3.816556
v 0.271358 -1.427144 3.838051
v 0.355406 -1.427871 3.823569
v 0.217781 -1.417240 3.839275
v 0.234139 -1.730018 3.649856
v 0.307240 -1.728179 3.653322
v 0.202344 -1.729571 3.667294
v 0.182737 -1.729924 3.697555
v 0.344642 -1.728214 3.676607
v 0.355722 -1.729062 3.698668
v 0.189929 -1.732645 3.722744
v 0.343240 -1.731411 3.723845
v 0.212334 -1.734994 3.745114
v 0.275707 -1.733460 3.761367
v 0.324506 -1.733509 3.745358
v 0.242999 -1.734614 3.759335
v 0.215755 -1.750849 3.651856
v 0.241039 -1.792514 3.630751
v 0.328238 -1.748967 3.660701
v 0.350513 -1.798400 3.707139
v 0.165547 -1.797990 3.709640
v 0.283009 -1.811997 3.765058
v 0.350116 -1.796047 3.679274
v 0.335215 -1.804692 3.738517
v 0.258335 -1.758783 3.761621
v 0.217780 -1.815929 3.627615
v 0.307335 -1.813373 3.631467
v 0.181512 -1.812153 3.637458
v 0.309038 -1.870752 3.755543
v 0.156935 -1.815108 3.678051
v 0.362903 -1.927441 3.734552
v 0.342083 -1.817083 3.659197
v 0.354840 -1.821278 3.690750
v 0.380460 -1.907801 3.695570
v 0.290998 -1.884210 3.632594
v 0.164526 -1.857041 3.730729
v 0.101323 -1.901098 3.671099
v 0.330636 -1.838276 3.641819
v 0.164696 -1.824433 3.722292
v 0.347345 -1.826599 3.723372
v 0.377552 -1.901432 3.665628
v 0.240547 -1.872658 3.771268
v 0.176308 -1.935048 3.760703
v 0.152743 -1.836527 3.638889
v 0.162292 -1.905124 3.600754
v 0.193026 -1.831492 3.750716
v 0.264581 -1.840774 3.769638
v 0.325494 -1.835066 3.747870
v 0.227850 -1.838889 3.769786
v 0.140494 -1.333784 3.788003
v 0.196516 -1.236245 3.819620
v 0.387463 -1.251913 3.632208
v 0.109190 -1.344924 3.701426
v 0.160334 -1.256503 3.626448
v 0.339030 -1.356245 3.840525
v 0.245684 -1.243824 3.833355
v 0.381683 -1.227463 3.822612
v 0.405112 -1.358086 3.691969
v 0.406887 -1.229006 3.779799
v 0.186386 -1.374841 3.579528
v 0.315985 -1.266245 3.586063
v 0.163635 -1.272309 3.811829
v 0.122838 -1.280813 3.737099
v 0.399773 -1.300367 3.653635
v 0.223584 -1.327300 3.568812
v 0.410654 -1.284119 3.742306
v 0.390103 -1.273127 3.811435
v 0.317136 -1.287384 3.846068
v 0.123169 -1.298533 3.655223
v 0.342301 -1.316605 3.589854
v 0.357660 -1.280479 3.837469
v 0.169375 -1.316346 3.595773
v 0.216871 -1.280178 3.843312
v 0.190099 -1.931765 3.607474
v 0.322558 -1.912304 3.642184
v 0.123466 -1.930219 3.587228
v 0.140039 -1.976177 3.609189
v 0.089068 -1.923269 3.623600
v 0.143437 -1.998202 3.647326
v 0.369675 -1.922811 3.653440
v 0.390023 -1.933837 3.679127
v 0.204697 -2.038791 3.661097
v 0.125499 -1.992962 3.725605
v 0.104490 -1.968378 3.643115
v 0.129695 -2.032069 3.690887
v 0.354606 -1.948770 3.653077
v 0.101049 -1.943348 3.693861
v 0.384145 -1.947770 3.714456
v 0.384458 -2.015211 3.681963
v 0.212947 -2.013614 3.769015
v 0.162884 -2.072745 3.750826
v 0.374159 -1.989972 3.735431
v 0.330343 -2.071846 3.738305
v 0.142729 -1.964820 3.741713
v 0.244702 -1.977344 3.770312
v 0.339008 -1.968751 3.749069
v 0.192061 -1.974314 3.768717
v 0.061936 -2.091385 3.512997
v 0.081706 -2.098537 3.533099
v 0.041834 -2.096463 3.536199
v 0.061604 -2.103616 3.556302
v 0.054817 -2.046081 3.533528
v 0.072690 -1.965874 3.625992
v 0.093800 -2.053914 3.532407
v 0.092643 -2.065283 3.570119
v 0.087361 -1.954334 3.579897
v 0.049236 -2.059250 3.578879
v 0.124668 -1.973319 3.575119
v 0.115673 -1.991915 3.608531
v 0.081553 -2.016025 3.603874
v 0.114679 -2.017008 3.572126
v 0.091904 -1.998695 3.550864
v 0.058778 -1.997712 3.582612
v 0.229939 -2.052555 3.661892
v 0.344550 -2.033333 3.666957
v 0.204971 -2.072181 3.661330
v 0.325599 -2.063787 3.670234
v 0.369439 -2.028754 3.671740
v 0.385151 -2.036726 3.687335
v 0.223964 -2.098177 3.663187
v 0.358479 -2.062743 3.673453
v 0.155154 -2.072831 3.668705
v 0.343138 -2.095044 3.678358
v 0.192514 -2.108580 3.678052
v 0.132311 -2.055666 3.698421
v 0.387222 -2.047080 3.713736
v 0.206953 -2.165960 3.699770
v 0.358422 -2.154913 3.684917
v 0.166748 -2.152532 3.643843
v 0.346476 -2.104314 3.699320
v 0.194419 -2.110108 3.714667
v 0.150232 -2.082781 3.730849
v 0.230797 -2.103966 3.735499
v 0.364814 -2.079809 3.725034
v 0.177623 -2.102775 3.739716
v 0.309426 -2.020789 3.666933
v 0.390290 -2.021792 3.703943
v 0.172737 -2.059335 3.665976
v 0.173247 -1.980860 3.628045
v 0.139928 -2.049858 3.726288
v 0.104036 -1.972279 3.682148
v 0.363807 -2.006402 3.665714
v 0.389072 -1.962917 3.673487
v 0.204224 -2.079830 3.750625
v 0.163243 -2.008235 3.761177
v 0.378174 -2.039778 3.731857
v 0.310276 -2.009447 3.757765
v 0.298815 -1.951572 3.652419
v 0.391802 -1.970290 3.699841
v 0.334645 -1.984853 3.662567
v 0.294399 -2.046561 3.756113
v 0.388575 -2.006977 3.720825
v 0.392819 -1.996473 3.692330
v 0.349420 -2.030842 3.745344
v 0.182915 -2.047844 3.763460
v 0.378552 -1.986059 3.669609
v 0.122797 -2.012144 3.712945
v 0.175433 -2.024244 3.656275
v 0.147696 -2.036790 3.748124
v 0.136466 -2.015788 3.676713
v 0.215121 -2.004007 3.651519
v 0.238245 -0.741464 3.617400
v 0.262492 -0.659876 3.911822
v 0.265033 -0.897722 3.591209
v 0.270852 -0.857731 3.843196
v 0.294854 -1.145851 3.584192
v 0.313612 -1.154628 3.838586
v 0.294996 -1.217390 3.594251
v 0.316308 -1.214349 3.825439
v 0.256809 -1.431787 3.573974
v 0.317293 -1.431368 3.833652
v 0.265438 -1.729459 3.644853
v 0.303793 -1.733232 3.756563
v 0.260831 -1.813897 3.623064
v 0.295674 -1.839967 3.760940
v 0.275113 -1.327426 3.565336
v 0.270205 -1.286295 3.847165
v 0.261242 -1.915841 3.629354
v 0.285943 -1.976802 3.765001
v 0.284692 -2.048589 3.665489
v 0.298082 -2.089141 3.670406
v 0.283381 -2.163591 3.695204
v 0.306044 -2.101727 3.728244
v 0.240096 -2.048404 3.761747
v 0.273593 -1.993328 3.659117
v 0.233623 -1.959306 3.634328
v 0.269576 -2.012971 3.765605
v 0.269344 -2.077056 3.747332
v 0.262675 -2.101759 3.710967
v 0.258428 -2.096701 3.680090
v 0.257293 -2.072140 3.666750
v 0.250346 -2.025784 3.660874
v 0.293162 -1.243915 3.835133
v 0.260568 -1.270468 3.580523
v 0.226035 -1.891885 3.613697
v 0.270876 -1.942021 3.768315
v 0.284260 -1.791696 3.628511
v 0.214881 -1.809121 3.762411
v 0.314623 -1.757776 3.750591
v 0.249307 -1.709089 3.645150
v 0.290580 -1.711537 3.763847
v 0.238535 -1.379389 3.567938
v 0.294161 -1.355182 3.845280
v 0.280102 -1.094257 3.845360
v 0.271992 -1.185668 3.592048
v 0.292644 -1.191794 3.827754
v 0.255814 -1.088611 3.577395
v 0.193619 -0.690013 3.612013
v 0.218508 -0.868381 3.597233
v 0.241197 -0.833964 3.842435
v 0.215675 -0.593968 3.920679
v 0.388818 -2.117469 3.655738
v 0.367478 -2.141284 3.644464
v 0.351866 -2.165489 3.649458
v 0.392071 -2.126426 3.676752
v 0.353281 -2.188956 3.643919
v 0.353992 -2.173862 3.665119
v 0.372856 -2.158614 3.681139
v 0.381225 -2.079169 3.715347
v 0.354235 -2.139342 3.654200
v 0.347339 -2.107096 3.682370
v 0.378945 -2.101259 3.657170
v 0.391975 -2.098912 3.675767
v 0.323846 -2.184365 3.644917
v 0.326343 -2.188665 3.666116
v 0.299899 -2.188615 3.635071
v 0.357745 -2.182186 3.633052
v 0.302857 -2.194052 3.682556
v 0.273517 -2.188556 3.671386
v 0.273057 -2.187419 3.645099
v 0.333210 -2.119180 3.709554
v 0.319372 -2.155976 3.651445
v 0.272965 -2.108397 3.667325
v 0.264489 -2.104417 3.690557
v 0.328253 -2.154745 3.665817
v 0.221115 -2.196880 3.631721
v 0.197279 -2.192422 3.647541
v 0.204188 -2.220695 3.622850
v 0.199382 -2.189430 3.678054
v 0.226146 -2.194117 3.689126
v 0.248339 -2.189126 3.673356
v 0.245411 -2.188897 3.646464
v 0.252056 -2.118579 3.720155
v 0.239906 -2.163360 3.648253
v 0.200928 -2.121096 3.659678
v 0.197556 -2.160383 3.676537
v 0.249266 -2.156208 3.671745
v 0.143022 -2.160414 3.634390
v 0.168077 -2.183674 3.647024
v 0.119905 -2.151789 3.658571
v 0.235357 -2.218497 3.624214
v 0.167885 -2.195980 3.676455
v 0.130079 -2.175181 3.688433
v 0.153003 -2.196112 3.693684
v 0.135146 -2.073007 3.673658
v 0.169543 -2.169869 3.699759
v 0.191238 -2.114204 3.694849
v 0.137776 -2.085243 3.708123
v 0.159826 -2.113802 3.730787
v 0.388753 -2.170598 3.628075
v 0.369666 -2.190725 3.618731
v 0.354509 -2.211972 3.623302
v 0.392861 -2.178008 3.648715
v 0.389367 -2.217831 3.640466
v 0.357638 -2.219397 3.638298
v 0.376903 -2.205560 3.654365
v 0.321339 -2.238646 3.614817
v 0.323812 -2.246160 3.633352
v 0.300054 -2.241290 3.607372
v 0.366194 -2.248827 3.631702
v 0.302830 -2.253844 3.647601
v 0.276718 -2.246372 3.637531
v 0.276415 -2.241332 3.615838
v 0.217840 -2.249046 3.603696
v 0.196291 -2.244733 3.616554
v 0.277193 -2.284003 3.603691
v 0.198850 -2.247466 3.642217
v 0.223537 -2.257028 3.653205
v 0.242577 -2.250535 3.638038
v 0.239439 -2.245286 3.614191
v 0.135412 -2.215385 3.608345
v 0.157143 -2.234693 3.618709
v 0.112035 -2.213295 3.630733
v 0.286150 -2.280497 3.588947
v 0.155180 -2.249940 3.643400
v 0.118811 -2.234332 3.657558
v 0.140226 -2.251669 3.659861
v 0.272213 -2.211597 3.644179
v 0.284095 -2.219664 3.664596
v 0.195954 -2.212237 3.650130
v 0.155859 -2.224220 3.671005
v 0.163678 -2.214999 3.649656
v 0.387012 -2.161583 3.670532
v 0.392723 -2.145257 3.652768
v 0.283406 -2.214765 3.623338
v 0.116880 -2.189966 3.662864
v 0.135713 -2.214939 3.680690
v 0.323661 -2.210394 3.639534
v 0.315545 -2.211403 3.626410
v 0.208626 -2.219752 3.671992
v 0.362481 -2.195667 3.661173
v 0.319141 -2.219893 3.662384
v 0.240098 -2.221263 3.669780
v 0.155446 -2.196922 3.623191
v 0.123625 -2.178100 3.631176
v 0.244884 -2.213010 3.645143
v 0.380856 -2.147467 3.635749
v 0.385973 -2.229372 3.599850
v 0.371682 -2.242078 3.594472
v 0.360928 -2.257955 3.599017
v 0.390157 -2.236953 3.619491
v 0.375978 -2.254806 3.603096
v 0.364654 -2.267551 3.612998
v 0.378596 -2.257049 3.623933
v 0.316698 -2.314576 3.573506
v 0.320029 -2.327121 3.590604
v 0.301317 -2.312399 3.571234
v 0.302520 -2.332427 3.575472
v 0.305906 -2.333221 3.601064
v 0.287862 -2.327296 3.593652
v 0.285888 -2.315795 3.576784
v 0.213323 -2.325886 3.558834
v 0.199032 -2.326614 3.565107
v 0.215003 -2.345175 3.561301
v 0.201741 -2.337354 3.582818
v 0.220023 -2.345149 3.591075
v 0.233973 -2.339991 3.579770
v 0.228978 -2.328413 3.560922
v 0.122481 -2.291095 3.576326
v 0.137847 -2.304228 3.581812
v 0.105421 -2.291647 3.586908
v 0.119571 -2.318241 3.588014
v 0.137320 -2.320619 3.601431
v 0.110036 -2.310741 3.609817
v 0.126057 -2.322160 3.613706
v 0.142977 -2.264061 3.590614
v 0.113934 -2.250823 3.595302
v 0.228876 -2.289827 3.580254
v 0.201841 -2.289305 3.582273
v 0.323466 -2.282992 3.598878
v 0.314889 -2.278300 3.588518
v 0.150595 -2.281907 3.609104
v 0.392992 -2.203392 3.621490
v 0.382120 -2.204929 3.606009
v 0.194105 -2.289227 3.599478
v 0.319637 -2.295939 3.619757
v 0.104597 -2.264227 3.621760
v 0.359909 -2.234127 3.605553
v 0.356219 -2.243081 3.615446
v 0.206554 -2.302176 3.619534
v 0.141719 -2.292680 3.629237
v 0.235925 -2.304874 3.617546
v 0.288444 -2.295805 3.621745
v 0.122299 -2.284931 3.638163
v 0.239473 -2.292245 3.594347
v 0.060349 -0.751389 3.678016
v 0.294856 -0.826299 3.843128
v 0.360699 -0.716932 3.852937
v 0.390672 -0.711729 3.806018
v 0.154927 -0.868357 3.603554
v 0.283463 -0.771696 3.642870
v 0.076293 -0.817924 3.783471
v 0.030466 -0.728771 3.737676
v 0.377346 -0.834866 3.673153
v 0.401370 -0.731244 3.751847
v 0.189418 -0.835417 3.840098
v 0.108538 -0.740863 3.860976
v 0.209771 -0.800733 3.606392
v 0.237688 -0.742649 3.883035
v 0.266590 -0.805992 3.855166
v 0.184280 -0.843658 3.599665
v 0.112332 -0.816297 3.639416
v 0.329060 -0.785080 3.847664
v 0.329631 -0.797146 3.664256
v 0.161022 -0.806793 3.847594
v 0.386905 -0.778589 3.720975
v 0.056758 -0.781072 3.760872
v 0.097361 -0.791085 3.812936
v 0.249915 -0.829196 3.619734
v 0.392926 -0.771978 3.770541
v 0.374920 -0.766663 3.812014
v 0.214975 -0.810407 3.853144
v 0.060207 -0.785247 3.707565
v 0.405104 -0.916258 3.800217
v 0.117468 -1.074255 3.772983
v 0.053995 -0.930808 3.699051
v 0.422833 -0.928460 3.714271
v 0.225555 -1.095520 3.841774
v 0.129248 -0.919085 3.826647
v 0.126532 -1.080530 3.623110
v 0.155794 -0.956665 3.587147
v 0.387791 -1.066722 3.833620
v 0.310291 -0.923482 3.846188
v 0.317460 -1.080524 3.584553
v 0.392019 -0.937153 3.639638
v 0.253916 -0.928556 3.846305
v 0.230527 -0.954498 3.580419
v 0.203190 -1.022232 3.575470
v 0.294642 -1.013075 3.850106
v 0.078488 -1.002352 3.653656
v 0.239926 -1.016959 3.848177
v 0.395713 -0.985523 3.822540
v 0.352516 -1.002552 3.603518
v 0.354982 -0.999718 3.844454
v 0.130016 -1.013894 3.598271
v 0.172255 -1.008791 3.839677
v 0.411543 -0.990466 3.669728
v 0.075111 -0.996724 3.733984
v 0.111064 -0.995018 3.806881
v 0.275850 -1.016345 3.575258
v 0.414965 -0.985987 3.757408
v 0.386859 -0.498546 3.790113
v 0.351832 -0.595768 3.879486
v 0.265088 -0.668263 3.625141
v 0.094118 -0.568139 3.622522
v 0.054203 -0.603682 3.893461
v -0.025590 -0.516880 3.834651
v 0.357447 -0.617778 3.669140
v 0.385109 -0.514071 3.696827
v -0.021297 -0.608831 3.738063
v 0.006624 -0.529478 3.673300
v 0.285520 -0.595077 3.914557
v 0.122595 -0.503462 3.918122
v 0.160922 -0.569259 3.607024
v 0.185035 -0.498071 3.918038
v 0.233374 -0.540496 3.917776
v 0.148950 -0.629166 3.617396
v 0.369429 -0.536905 3.844688
v 0.395409 -0.543936 3.755572
v 0.212634 -0.622618 3.610681
v 0.169142 -0.540407 3.921434
v -0.016434 -0.561552 3.705270
v 0.371826 -0.558887 3.681244
v 0.002371 -0.552917 3.868190
v 0.064634 -0.600615 3.650982
v 0.085538 -0.547208 3.909533
v -0.034627 -0.553847 3.785815
v 0.296308 -0.588465 3.632585
v 0.307059 -0.544132 3.900272
v 0.331343 -0.498313 3.873610
v 0.237830 -0.559207 3.605848
v 0.029939 -0.513710 3.888505
v 0.327586 -0.528531 3.643557
v -0.044158 -0.516730 3.732983
v 0.251689 -0.498821 3.909607
v 0.279247 -0.461534 3.893125
v 0.274556 -0.505259 3.607313
v -0.045525 -0.486907 3.777380
v 0.071599 -0.479828 3.902815
v 0.036924 -0.509208 3.633482
v -0.003931 -0.487559 3.863645
v 0.357712 -0.487473 3.650201
v -0.034087 -0.487961 3.687987
v 0.147474 -0.470286 3.917747
v 0.184590 -0.518138 3.591635
v 0.394874 -0.473648 3.729157
v 0.361276 -0.463664 3.829581
v 0.112124 -0.524435 3.599262
v 0.203681 -0.465465 3.913143
v -0.183486 0.006831 2.181619
v -0.290385 0.006831 2.505167
v -0.277739 0.006831 2.661669
v 0.344317 0.006831 2.335875
v 0.313842 -0.147411 2.598538
v 0.347835 -0.102853 2.345040
v -0.253047 -0.121143 2.300364
v -0.287451 -0.010260 2.594528
v -0.281315 0.006831 2.340145
v 0.343045 0.006831 2.519997
v 0.345217 -0.165182 2.493896
v -0.260386 -0.172663 2.453599
v -0.288002 -0.007368 2.416920
v 0.177166 -0.265924 2.854862
v 0.210783 -0.203367 2.796156
v -0.156628 -0.322172 2.690366
v -0.270687 -0.011001 2.728341
v 0.268262 0.006831 2.717126
v 0.251888 -0.239660 2.690829
v -0.238529 -0.248331 2.599547
v 0.320748 -0.176359 2.314352
v 0.319652 -0.264240 2.466304
v 0.248663 -0.308895 2.618815
v 0.348590 -0.184431 2.406681
v 0.319047 -0.102992 2.287972
v 0.292375 -0.032909 2.250734
v 0.195404 -0.303682 2.730848
v 0.301454 -0.253489 2.578391
v 0.281768 -0.218106 2.210660
v 0.222705 -0.114592 2.083373
v 0.276198 -0.295131 2.333920
v -0.099717 -0.371466 2.576076
v 0.258557 -0.081761 2.195416
v 0.279598 -0.312107 2.481256
v 0.305523 -0.247866 2.333804
v 0.288107 -0.154717 2.222043
v -0.160635 -0.078642 2.008627
v 0.264362 -0.231303 2.074734
v -0.251629 -0.176887 2.093915
v 0.251828 -0.305123 2.212450
v -0.251404 -0.243744 2.238645
v -0.148963 -0.378927 2.454073
v 0.209381 -0.361551 2.377303
v -0.220371 -0.316762 2.385102
v 0.243808 -0.333984 2.360118
v 0.270114 -0.259447 2.200200
v 0.263173 -0.191761 2.105648
v -0.245428 -0.243972 2.434034
v -0.256718 -0.175866 2.273626
v 0.065714 0.006831 2.179244
v -0.100520 -0.320606 2.812081
v 0.035921 -0.355442 2.737950
v 0.060051 -0.052277 2.007428
v 0.035790 -0.424023 2.466671
v -0.189061 -0.372900 2.330230
v 0.185863 -0.392657 2.343009
v 0.061523 -0.384590 2.608198
v 0.216244 0.006831 2.862605
v 0.002251 -0.336313 2.829425
v 0.115758 -0.431427 2.372819
v 0.253145 0.006831 2.252421
v 0.150394 -0.310726 2.806624
v 0.179635 -0.095808 2.006503
v 0.248732 -0.216268 1.971006
v 0.003259 -0.450763 2.376192
v 0.148535 -0.391109 2.462647
v 0.115442 -0.315976 2.856620
v -0.097240 -0.429954 2.370792
v -0.233751 -0.316573 2.224506
v -0.251917 -0.236579 2.077035
v 0.259220 -0.276539 2.064067
v -0.244652 -0.125391 2.156104
v -0.040638 0.006831 2.178206
v -0.045657 -0.351545 2.713253
v -0.037568 -0.055866 2.006394
v 0.229317 -0.348050 2.224974
v 0.138605 -0.086659 1.941856
v -0.044276 -0.419455 2.462471
v -0.197844 -0.282793 2.801127
v 0.204755 -0.144640 1.948143
v -0.198738 -0.319623 2.549533
v 0.021893 -0.024985 2.114783
v -0.233219 -0.170562 1.967805
v -0.191254 -0.118243 1.942744
v -0.100298 -0.083855 1.939020
v 0.021313 -0.067453 1.939756
v 0.002846 -0.390022 2.593077
v -0.262342 0.006831 2.818589
v -0.140859 -0.111057 1.882876
v 0.252831 -0.264184 1.936116
v 0.197067 -0.389395 1.603601
v -0.235522 -0.224439 1.941917
v 0.244097 -0.325868 2.053403
v -0.237076 -0.307648 2.061805
v -0.160981 -0.316229 1.586597
v -0.138281 -0.429152 2.240678
v 0.213191 -0.387925 2.185552
v -0.205841 -0.373922 2.171594
v 0.059944 -0.080018 1.883292
v -0.071413 -0.471739 1.296189
v 0.200304 -0.464123 1.420255
v 0.198363 -0.322986 1.582960
v 0.038988 -0.474022 2.270306
v -0.078877 -0.196685 1.562817
v 0.187971 -0.448127 2.059638
v -0.067134 -0.488644 2.084742
v -0.149153 -0.431431 2.041121
v 0.168026 -0.123746 1.886557
v 0.121203 -0.490478 2.087866
v 0.018198 -0.506489 2.090354
v 0.155203 -0.438793 2.254310
v 0.236386 -0.247368 1.833172
v 0.194902 -0.170001 1.816062
v -0.202805 -0.371709 1.982271
v -0.225281 -0.289900 1.896050
v -0.031281 -0.085363 1.882303
v -0.070316 -0.109977 1.806085
v 0.243907 -0.310844 1.889703
v -0.038595 -0.469679 2.269933
v 0.226269 -0.379096 1.984555
v -0.205442 -0.204560 1.830404
v -0.157220 -0.146119 1.813302
v 0.036574 -0.094044 1.806278
v 0.135657 -0.112770 1.808014
v -0.095790 -0.144523 1.724837
v 0.231409 -0.294843 1.767195
v 0.220831 -0.134992 2.952400
v -0.255053 -0.017057 3.163464
v -0.200295 -0.267539 1.765645
v 0.227074 -0.363300 1.810503
v -0.195917 -0.354521 1.810660
v 0.036118 -0.322406 2.907614
v -0.082211 -0.487830 1.885493
v 0.202500 -0.440417 1.861765
v -0.150685 -0.425855 1.852920
v 0.074280 -0.114955 1.719705
v 0.186310 -0.249843 2.952163
v -0.262028 -0.015564 2.904419
v -0.148719 -0.293196 2.897343
v 0.053878 -0.528126 1.898472
v 0.202922 -0.200156 2.903529
v 0.120057 -0.294384 2.957258
v 0.207346 -0.276374 1.660988
v 0.173450 -0.204257 1.643701
v -0.040635 -0.154598 1.632057
v 0.160260 -0.153215 1.725737
v 0.214468 -0.343167 1.684401
v -0.120524 -0.192758 1.643855
v 0.150900 -0.500100 1.894127
v 0.046263 -0.142039 1.632260
v 0.125441 -0.157607 1.632943
v -0.181258 -0.333361 1.682542
v -0.166290 -0.255741 1.658348
v 0.002384 -0.118224 1.718790
v -0.154855 -0.408598 1.712859
v 0.028440 -0.525891 1.756277
v -0.006158 -0.525469 1.899359
v 0.113559 -0.515045 1.758871
v 0.202889 -0.414978 1.715081
v 0.167911 -0.479092 1.748023
v -0.036987 -0.512607 1.756864
v -0.103228 -0.460898 1.737769
v -0.154444 -0.386086 1.608505
v -0.030202 -0.505483 1.329044
v -0.068892 -0.480166 1.648985
v 0.175869 -0.449516 1.632127
v -0.120393 -0.438279 1.631017
v 0.065394 -0.171916 1.558049
v 0.050349 -0.539802 0.878511
v -0.095690 -0.426949 1.267500
v 0.047436 -0.512075 1.651597
v 0.231228 -0.346493 1.398052
v -0.098475 -0.364582 1.251664
v 0.227353 -0.408166 1.409608
v 0.314760 -0.544336 0.927092
v 0.138760 -0.200706 1.559112
v -0.074784 -0.302271 1.256752
v 0.092311 -0.566725 0.898250
v 0.131832 -0.490940 1.651464
v 0.154000 -0.468430 1.562176
v 0.104075 -0.495728 1.570376
v 0.184995 -0.301063 1.510025
v -0.157272 -0.358155 1.542373
v 0.003478 -0.174067 1.557842
v -0.039813 -0.203771 1.515045
v -0.003952 -0.510336 1.653835
v -0.144778 -0.298043 1.530476
v 0.039961 -0.194207 1.511887
v 0.112825 -0.205789 1.505104
v 0.149955 -0.287751 2.907557
v -0.044506 -0.319908 2.903497
v 0.227054 0.006831 2.953732
v 0.052937 -0.332930 3.161396
v 0.314611 -0.076084 2.613826
v -0.266517 -0.174393 2.577807
v -0.269250 -0.114991 2.407086
v 0.225290 -0.107964 2.802980
v -0.233710 -0.250900 2.711049
v -0.216366 -0.250198 2.897300
v 0.219975 -0.107853 2.905291
v 0.194613 -0.361857 1.519474
v 0.184048 -0.423264 1.538050
v 0.161193 -0.339371 3.237260
v -0.184274 -0.267799 2.953875
v -0.093664 -0.301989 2.957452
v 0.005869 -0.316944 2.958137
v -0.254497 0.006831 2.960535
v -0.228444 -0.214385 2.956539
v -0.094990 -0.453265 1.572035
v -0.132480 -0.420023 1.558070
v 0.025004 -0.503367 1.571464
v -0.035242 -0.493544 1.578307
v -0.238861 -0.225791 2.812888
v -0.263170 -0.185843 2.654363
v 0.210348 -0.146506 2.860166
v 0.265297 -0.127408 2.709631
v -0.282161 -0.117483 2.502774
v -0.250022 0.006831 3.083592
v 0.042699 -0.313118 3.009192
v -0.253426 -0.014300 3.011252
v -0.139545 -0.286732 3.006454
v 0.219441 -0.189369 3.009344
v -0.223969 -0.214251 3.079596
v 0.161449 -0.278312 3.008914
v -0.037561 -0.310797 3.009192
v 0.012149 -0.322173 3.081193
v -0.206733 -0.241946 3.005838
v 0.238668 -0.097180 3.010269
v -0.179799 -0.273300 3.076931
v -0.088956 -0.306991 3.080509
v 0.261451 -0.134373 3.084088
v 0.269738 0.006831 3.085419
v 0.131144 -0.298857 3.081393
v 0.212414 -0.252432 3.082772
v -0.138573 -0.302732 3.158647
v 0.272576 -0.206306 3.163714
v 0.188024 -0.298094 3.162200
v -0.031689 -0.328279 3.161396
v 0.263512 -0.287320 3.238659
v 0.030961 -0.347118 3.237056
v -0.207706 -0.250498 3.158029
v 0.304728 -0.110672 3.164643
v -0.257492 0.006831 3.239491
v -0.230326 -0.197461 3.235434
v -0.181626 -0.287842 3.232728
v -0.080304 -0.328926 3.236361
v 0.331128 -0.165324 3.239995
v 0.342142 0.006831 3.241347
v -0.266510 -0.023445 3.309215
v 0.316532 -0.365939 3.455860
v 0.080882 -0.370805 3.304490
v 0.400625 0.006831 3.393657
v -0.133113 -0.329220 3.307436
v 0.332354 -0.249443 3.307071
v -0.198884 -0.340048 3.414071
v 0.233299 -0.347901 3.306051
v -0.011576 -0.355994 3.311357
v 0.187615 -0.385592 3.360390
v -0.216759 -0.239973 3.299621
v 0.370462 -0.144385 3.304722
v 0.381320 -0.200533 3.357577
v -0.270724 0.006831 3.372935
v -0.273552 -0.191220 3.409887
v -0.069084 -0.371379 3.399258
v 0.038793 -0.417277 3.442462
v -0.284215 -0.024516 3.457924
v 0.080963 -0.429729 3.455725
v -0.135892 -0.390589 3.489555
v 0.382342 -0.304019 3.472916
v 0.255158 -0.410954 3.480512
v -0.279821 0.006831 3.496886
v -0.003064 -0.427864 3.509277
v -0.277048 -0.192682 3.479180
v -0.249110 -0.267673 3.423715
v 0.426215 -0.183748 3.425452
v -0.200674 -0.344389 3.486080
v -0.088840 -0.410381 3.587140
v 0.428190 -0.232590 3.491351
v 0.411472 0.006831 3.480279
v 0.323849 -0.362835 3.865327
v 0.373033 -0.351717 3.569604
v -0.269272 -0.024797 3.565539
v 0.408372 -0.319033 3.716196
v 0.203675 -0.433401 3.504949
v 0.399269 0.006831 3.677396
v -0.139209 -0.379224 3.597403
v 0.416728 -0.280325 3.604366
v -0.150939 -0.329266 3.671939
v 0.009009 -0.406030 3.871683
v -0.229183 -0.267600 3.555193
v 0.434255 -0.187542 3.562231
v 0.316418 -0.407473 3.549571
v -0.085266 -0.388767 3.708636
v 0.423121 -0.229708 3.681949
v -0.220427 0.006831 3.675249
v -0.215316 -0.193008 3.670554
v -0.173267 -0.025380 3.782623
v 0.373570 -0.315765 3.835817
v 0.366727 0.006831 3.849602
v -0.084857 -0.354878 3.774676
v 0.403415 -0.273592 3.787595
v -0.084280 -0.306178 3.838221
v -0.071237 -0.415794 3.668059
v 0.223295 -0.394932 3.902827
v 0.127926 -0.251003 3.981141
v 0.279195 0.006831 4.019691
v -0.141295 -0.254941 3.776438
v 0.401387 -0.190268 3.784004
v -0.067919 -0.014252 3.963032
v -0.039992 -0.377405 3.830459
v 0.378678 -0.230830 3.846599
v -0.135402 0.006831 3.847455
v -0.134280 -0.191203 3.842934
v -0.118682 -0.024754 3.880484
v 0.328449 0.006831 3.943332
v 0.113582 -0.393162 3.910810
v -0.107466 -0.694819 0.139085
v -0.122202 -0.278867 1.471730
v -0.040571 -0.339021 3.867143
v 0.351470 -0.270050 3.874352
v 0.004187 -0.245921 3.924889
v 0.272135 -0.351689 3.892056
v 0.037387 -0.389373 3.892067
v 0.195525 -0.395919 1.471269
v -0.147254 -0.336742 1.474619
v -0.105113 0.006831 3.895614
v -0.091624 -0.240794 3.875355
v 0.356128 -0.188147 3.884774
v -0.055680 -0.140428 3.926084
v 0.004295 -0.352084 3.889243
v 0.315866 -0.299486 3.895888
v 0.324609 -0.188436 3.941329
v 0.079962 -0.371718 3.918875
v 0.214004 -0.285872 3.954065
v 0.049797 -0.233866 3.966563
v 0.298118 -0.192592 3.968425
v 0.176387 -0.185452 4.022709
v 0.243194 -0.230008 3.974097
v 0.087091 -0.249417 3.977538
v -0.085360 0.006831 4.006155
v -0.007332 -0.167800 3.959591
v 0.309479 -0.140135 3.970000
v -0.032771 -0.100456 4.003852
v 0.025496 -0.168522 4.010987
v 0.072340 -0.188190 4.020812
v 0.102186 -0.193510 4.023318
v 0.241593 -0.170927 4.018162
v 0.269248 -0.136417 4.018432
v 0.196293 -0.337091 1.462247
v -0.140516 -0.396661 1.484505
v -0.061046 -0.476299 1.506854
v 0.175313 -0.448738 1.489723
v -0.109062 -0.441350 1.497241
v 0.068365 -0.210763 1.464944
v 0.353948 -0.453962 1.212960
v -0.024121 -0.402922 1.042834
v 0.358878 -0.379802 1.200986
v 0.051426 -0.501728 1.501618
v 0.060346 -0.265493 1.068013
v -0.021388 -0.477880 1.059355
v 0.351526 -0.663628 0.083333
v 0.053212 -0.571912 1.124256
v 0.321481 -0.521265 1.223339
v 0.006005 -0.531566 1.089478
v 0.133152 -0.484372 1.502844
v 0.166063 -0.475589 1.454247
v 0.117432 -0.503245 1.448333
v -0.127037 -0.379796 1.366045
v 0.008451 -0.212762 1.465855
v -0.013274 -0.229913 1.377055
v -0.113906 -0.322267 1.361115
v 0.001756 -0.501059 1.505242
v -0.079281 -0.264301 1.367742
v 0.199517 -0.430330 1.441566
v 0.062853 -0.218416 1.393964
v 0.134042 -0.226486 1.404804
v 0.176974 -0.279698 1.459671
v 0.212544 -0.371013 1.430083
v -0.072932 -0.469506 1.403717
v -0.105789 -0.438258 1.383425
v 0.042458 -0.512730 1.429784
v -0.016737 -0.505946 1.421970
v 0.204056 -0.313713 1.422082
v 0.106477 -0.220175 1.333517
v 0.024425 -0.505265 0.858734
v 0.078920 -0.526327 1.377584
v 0.340520 -0.457846 0.901814
v 0.020259 -0.459040 0.846593
v 0.338000 -0.503235 0.911573
v 0.176205 -0.240407 1.362813
v 0.043411 -0.414471 0.847933
v 0.154859 -0.503424 1.414968
v 0.263594 -0.529436 1.308459
v 0.013361 -0.535454 1.303308
v 0.049650 -0.225563 1.307014
v 0.147456 -0.527544 1.373718
v 0.126747 -0.581568 1.245517
v 0.030318 -0.528202 1.358012
v -0.041006 -0.498069 1.264300
v 0.027334 -0.235801 1.242612
v -0.069504 -0.465984 1.231228
v 0.307618 -0.472458 1.303976
v -0.087228 -0.403581 1.203247
v -0.036895 -0.350909 1.113621
v 0.102487 -0.220248 1.283918
v 0.239281 -0.219916 1.233185
v 0.245656 -0.319530 1.364338
v 0.326392 -0.398184 1.293131
v 0.213692 -0.228315 1.131167
v 0.341566 -0.558875 0.572144
v 0.030369 -0.516411 0.577882
v 0.342582 -0.518794 0.564979
v 0.180135 -0.596558 1.176825
v 0.099847 -0.446372 0.576310
v 0.036090 -0.557321 0.585934
v -0.079356 -0.717367 0.093233
v 0.106895 -0.612595 0.606577
v 0.294942 -0.252400 1.163038
v 0.321816 -0.595119 0.589647
v 0.063946 -0.588245 0.597713
v 0.268008 -0.568650 1.216894
v 0.301160 -0.552993 1.092324
v 0.348477 -0.387080 1.059524
v 0.249227 -0.581829 1.080419
v 0.147771 -0.235043 1.102623
v 0.170931 -0.592413 1.051344
v 0.107276 -0.585989 1.035156
v 0.123549 -0.598998 1.155553
v 0.048997 -0.549279 1.007683
v 0.197748 -0.290688 1.008942
v 0.356781 -0.445720 1.070504
v 0.340504 -0.506515 1.082325
v 0.273955 -0.298295 1.029916
v 0.318374 -0.331092 1.045835
v 0.017074 -0.517779 0.981307
v -0.003110 -0.458201 0.958803
v 0.011744 -0.399124 0.953892
v 0.117815 -0.303315 0.981481
v 0.220126 -0.361405 0.877874
v 0.197839 -0.585726 0.915397
v 0.287127 -0.378419 0.886807
v 0.272592 -0.572176 0.932612
v 0.130691 -0.597373 0.761583
v 0.332326 -0.472425 0.731899
v 0.164660 -0.363159 0.866989
v 0.299600 -0.581511 0.766939
v 0.150999 -0.585475 0.909288
v 0.254784 -0.598935 0.767674
v 0.185092 -0.603197 0.759865
v 0.078316 -0.571277 0.752646
v 0.046964 -0.548904 0.737425
v 0.131562 -0.410913 0.722771
v 0.202180 -0.405245 0.728694
v 0.267721 -0.412261 0.728186
v 0.306236 -0.434967 0.729863
v 0.340406 -0.511206 0.736994
v 0.329203 -0.551177 0.749358
v 0.026533 -0.508686 0.724401
v 0.038353 -0.470235 0.719013
v 0.225267 -0.432596 0.573098
v -0.162438 -0.644488 0.149033
v 0.208784 -0.630427 0.600007
v 0.394244 -0.571228 0.059144
v -0.182482 -0.576072 0.156767
v 0.393243 -0.618934 0.070755
v -0.258944 -0.465553 0.025668
v 0.289461 -0.448239 0.566669
v -0.149155 -0.509516 0.156838
v 0.339415 -0.548721 0.017634
v 0.282478 -0.619379 0.602145
v 0.133610 -0.649458 0.446029
v 0.337258 -0.520460 0.398956
v 0.037073 -0.518311 0.419236
v 0.346406 -0.560489 0.401484
v 0.171123 -0.433523 0.573925
v 0.025676 -0.558002 0.424311
v 0.163746 -0.629737 0.603865
v 0.258388 -0.651023 0.438094
v 0.187790 -0.655461 0.437932
v 0.130997 -0.457024 0.415060
v 0.202315 -0.451137 0.413289
v 0.267766 -0.458365 0.405099
v 0.080350 -0.622549 0.444093
v 0.047385 -0.599493 0.433332
v 0.335727 -0.601735 0.413415
v 0.303886 -0.633021 0.433063
v 0.025199 -0.509467 0.284772
v 0.353799 -0.599414 0.259237
v 0.000230 -0.554366 0.285312
v 0.354712 -0.556177 0.251768
v 0.006778 -0.601207 0.290391
v 0.078671 -0.662080 0.297176
v 0.327359 -0.638508 0.275806
v 0.037871 -0.636478 0.297940
v 0.210714 -0.465155 0.261180
v 0.197761 -0.676606 0.287366
v 0.279153 -0.664677 0.287592
v 0.029248 -0.460973 0.154852
v 0.145381 -0.472406 0.142593
v 0.263104 -0.481895 0.124409
v 0.145889 -0.463169 0.264814
v -0.045884 -0.650188 0.203018
v -0.076357 -0.593919 0.206095
v 0.141319 -0.677643 0.289227
v -0.060359 -0.539342 0.206745
v 0.371993 -0.544179 0.135182
v 0.315726 -0.668754 0.164388
v 0.386404 -0.588480 0.140453
v 0.329536 -0.514090 0.250665
v 0.369844 -0.634128 0.154288
v -0.020751 -0.485405 0.199757
v 0.033985 -0.700537 0.159940
v -0.006472 -0.678922 0.196360
v 0.250292 -0.688676 0.168538
v 0.144336 -0.695366 0.164521
v 0.162415 -0.490740 0.052913
v 0.042231 -0.535546 0.018937
v 0.184388 -0.647744 0.031374
v 0.192620 -0.593996 0.010871
v 0.164541 -0.696655 0.083613
v 0.119946 -0.680802 0.042487
v 0.143539 -0.569497 0.009391
v 0.136504 -0.621183 0.020663
v 0.245242 -0.547219 0.002226
v 0.303443 -0.500769 0.039727
v 0.338103 -0.646307 0.042641
v 0.352369 -0.595453 0.024022
v 0.293438 -0.685168 0.085519
v 0.288855 -0.619991 0.018381
v 0.288029 -0.571418 0.005802
v 0.266150 -0.674912 0.046054
v 0.032836 -0.472386 0.064341
v 0.030929 -0.658404 0.024961
v 0.037008 -0.593599 0.016342
v 0.037229 -0.708122 0.067711
v -0.215596 -0.611352 0.003728
v -0.082283 -0.702509 0.019289
v -0.088618 -0.565251 0.016445
v -0.087808 -0.634796 0.014695
v -0.184277 -0.688822 0.005964
v -0.094393 -0.163855 4.518830
v -0.264193 -0.010487 4.090834
v 0.104810 -0.143348 4.071956
v 0.022425 -0.138743 4.203773
v -0.098788 -0.012872 4.048508
v 0.041940 -0.138914 4.065907
v 0.218084 -0.119619 4.075052
v -0.206346 -0.108527 4.192696
v 0.173574 -0.136947 4.073708
v 0.080474 -0.142978 4.070741
v 0.172516 -0.105750 4.125193
v 0.081677 -0.120727 4.112801
v 0.052899 -0.119382 4.107366
v -0.011443 -0.107898 4.054433
v 0.230729 -0.087794 4.076608
v 0.194623 -0.078013 4.130539
v 0.208109 0.006831 4.132638
v 0.129352 -0.118203 4.121331
v -0.106264 0.006831 4.081260
v -0.035503 -0.075302 4.086644
v 0.006659 -0.109974 4.097850
v -0.245800 -0.722428 0.058635
v -0.216995 -0.731470 0.035415
v -0.383514 -0.629514 0.023732
v -0.338072 -0.668677 0.061515
v -0.392927 -0.479848 0.027458
v -0.415580 -0.592282 0.061703
v -0.296099 -0.708354 0.026660
v -0.441661 -0.559726 0.020471
v -0.233247 -0.723971 0.009964
v -0.350657 -0.590452 -0.000417
v -0.288210 -0.666660 0.002733
v -0.161505 -0.728773 0.022031
v -0.315877 -0.551490 0.107083
v -0.299708 -0.619938 0.105845
v -0.161793 -0.722393 0.080811
v -0.242187 -0.541813 0.006680
v -0.225714 -0.693831 0.097484
v 0.080248 -0.115028 4.146533
v -0.105794 -0.011079 4.097741
v 0.015846 -0.111128 4.127803
v 0.167143 -0.076444 4.170487
v 0.138247 -0.104709 4.162239
v 0.054047 -0.114936 4.139131
v 0.147245 -0.089116 4.222661
v 0.051163 -0.117331 4.158537
v -0.028023 -0.128937 4.162161
v -0.027262 -0.090013 4.114162
v 0.180452 -0.046229 4.175940
v 0.171602 -0.053481 4.200550
v 0.204526 0.006831 4.238059
v 0.111620 -0.113468 4.178359
v -0.142438 0.006831 4.087935
v -0.074877 -0.076791 4.106363
v -0.084911 -0.121631 4.135415
v -0.072462 -0.137713 4.175969
v 0.172185 -0.074148 4.258468
v -0.282976 -0.017256 4.443970
v 0.121347 -0.115372 4.238283
v -0.265020 0.006831 4.526315
v -0.020458 -0.138669 4.193978
v 0.095410 -0.147648 4.281218
v 0.037905 -0.176910 4.488340
v -0.291763 0.006831 4.171483
v -0.148395 -0.114991 4.136608
v 0.199454 -0.040284 4.264491
v -0.115800 -0.147211 4.224335
v -0.048750 -0.153691 4.247506
v 0.201569 -0.065202 4.312041
v 0.229492 0.006831 4.314802
v 0.159653 -0.106756 4.301807
v -0.000596 -0.154174 4.257370
v 0.007738 -0.155990 4.578400
v -0.299588 -0.015234 4.274764
v 0.027595 -0.168988 4.337778
v 0.012810 -0.176855 4.413824
v 0.112487 -0.170429 4.432814
v -0.076422 -0.168118 4.318320
v 0.197633 -0.097484 4.374200
v -0.109315 -0.170154 4.390501
v 0.138163 -0.144666 4.362124
v 0.009741 0.006831 4.679989
v -0.018819 -0.168908 4.331041
v -0.300392 0.006831 4.361632
v -0.229442 -0.016403 4.592618
v -0.018190 -0.142337 4.606760
v -0.165969 -0.145013 4.298380
v 0.227400 -0.055267 4.378371
v -0.116783 0.006831 4.661243
v 0.255286 0.006831 4.455225
v -0.208584 -0.131005 4.376434
v -0.037395 -0.176438 4.406616
v 0.182644 -0.128894 4.445685
v 0.226948 -0.082067 4.452881
v -0.062983 -0.176377 4.471076
v 0.204007 -0.112883 4.521772
v 0.091648 -0.165630 4.553965
v 0.146238 -0.155928 4.509867
v -0.007368 -0.176861 4.482387
v 0.200573 0.006831 4.601490
v -0.148966 -0.155168 4.456489
v 0.231749 -0.069664 4.528483
v -0.170883 -0.131223 4.515837
v -0.038346 -0.168610 4.531303
v 0.004179 -0.168770 4.537259
v 0.150240 -0.143252 4.565241
v 0.184375 -0.106756 4.584195
v -0.072074 -0.155903 4.562281
v 0.126386 -0.138288 4.607680
v 0.088948 0.006831 4.675756
v 0.095212 -0.152979 4.593092
v 0.056820 -0.142324 4.618268
v -0.029722 -0.155982 4.573621
v -0.193377 0.006831 4.633368
v -0.064178 -0.142328 4.597569
v -0.033704 -0.105994 4.644027
v -0.113438 -0.144330 4.559514
v 0.138018 -0.100960 4.632704
v 0.051235 -0.105989 4.653626
v -0.093083 -0.105989 4.629762
v -0.049621 -0.126196 4.625897
v 0.089518 -0.126185 4.637589
v -0.004338 -0.126198 4.632493
v -0.110424 -0.126186 4.598042
v 0.134155 0.006831 2.179935
v 0.087958 -0.346765 2.759960
v 0.116138 -0.058934 2.008117
v 0.086367 -0.414887 2.470171
v 0.108649 -0.087729 1.883861
v 0.089273 -0.465335 2.269560
v 0.087818 -0.311234 2.911282
v 0.112332 -0.121995 1.719536
v 0.096551 -0.522813 1.900246
v 0.098113 -0.177292 1.556385
v 0.084752 -0.508597 1.653740
v 0.107802 -0.323125 3.161396
v 0.095767 -0.301416 3.009192
v 0.141801 -0.374520 3.304348
v 0.151620 -0.427287 3.452741
v 0.175564 -0.244428 3.981141
v 0.177566 -0.384047 3.911000
v 0.099969 -0.214552 1.461735
v 0.087578 -0.499190 1.503351
v 0.137933 -0.222574 1.345389
v 0.112036 -0.521561 1.395520
v 0.250385 -0.231091 1.144142
v 0.218388 -0.590661 1.195989
v 0.250235 -0.364121 0.880874
v 0.230633 -0.583708 0.924291
v 0.253978 -0.435271 0.569533
v 0.241335 -0.629058 0.602010
v 0.245507 -0.467949 0.255293
v 0.233744 -0.675124 0.288593
v 0.230373 -0.493005 0.039774
v 0.243102 -0.647537 0.027799
v 0.250360 -0.594026 0.006632
v 0.220256 -0.695228 0.084718
v 0.191095 -0.546724 0.007178
v 0.128772 -0.141617 4.073027
v 0.066542 -0.138393 4.216312
v 0.104967 -0.114598 4.154327
v 0.084483 -0.176679 4.497579
v 0.045351 -0.155953 4.585917
v 0.075205 -0.168610 4.347724
v -0.054165 0.006831 4.670521
v 0.029727 -0.126194 4.637815
v 0.017145 -0.142332 4.612164
v 0.006865 -0.105992 4.650038
v 0.045057 -0.168684 4.543735
v 0.059413 -0.176630 4.421229
v 0.044519 -0.153913 4.266752
v 0.052667 -0.129363 4.184473
v 0.103278 -0.120242 4.116511
v 0.200585 -0.676993 0.044995
v 0.219654 -0.619760 0.017357
v 0.222429 -0.571051 0.004215
v 0.201409 -0.692610 0.167684
v 0.209371 -0.477146 0.132958
v 0.223562 -0.654577 0.437485
v 0.237386 -0.452963 0.409403
v 0.220464 -0.602358 0.763357
v 0.237243 -0.407022 0.728832
v 0.210834 -0.589111 1.065781
v 0.238365 -0.291693 1.020364
v 0.201443 -0.212685 1.217095
v 0.168523 -0.576285 1.266960
v 0.100898 -0.219753 1.400036
v 0.080554 -0.509926 1.438836
v 0.136099 -0.190636 4.023495
v 0.153972 -0.296733 3.956781
v 0.112735 -0.419690 3.426678
v 0.096436 -0.351142 3.237056
v 0.072816 -0.313810 3.081193
v 0.065081 -0.308804 2.958137
v 0.061505 -0.329717 2.844546
v 0.079031 -0.197200 1.508357
v 0.065042 -0.501668 1.570661
v 0.088598 -0.146094 1.632048
v 0.071577 -0.523249 1.757808
v 0.089622 -0.098550 1.806703
v 0.070729 -0.502060 2.090598
v -0.108836 -0.032511 2.114609
v 0.159529 -0.041185 2.111103
v 0.115768 -0.373709 2.614125
v 0.061431 -0.444981 2.375770
v 0.084085 -0.072002 1.940522
v 0.303068 -0.332341 3.365967
v 0.386903 0.006831 3.344756
v -0.188429 -0.314181 3.355659
v 0.191330 -0.410877 3.430212
v 0.407225 -0.224716 3.412902
v -0.278373 0.006831 3.440459
v -0.250796 -0.181515 3.355661
v -0.064803 -0.410719 3.506842
v 0.044496 -0.384520 3.367023
v 0.115417 -0.394266 3.359730
v 0.080570 -0.406971 3.401762
v -0.008120 -0.403681 3.450089
v -0.277746 -0.024467 3.419452
v -0.237301 -0.259587 3.385584
v 0.248838 -0.384877 3.410801
v 0.405377 -0.166448 3.381799
v -0.133043 -0.374390 3.438041
v 0.147581 -0.407092 3.400455
v 0.362104 -0.283379 3.407146
v -0.286626 -0.061025 2.593598
v -0.286331 -0.039234 2.418035
v -0.275539 -0.083499 2.727016
v -0.258686 -0.088717 3.162128
v -0.266028 -0.089626 2.903088
v 0.314798 -0.010112 2.619967
v 0.226387 -0.016627 2.805017
v 0.221474 -0.016604 2.906224
v -0.257117 -0.084078 3.009922
v 0.240211 -0.014423 3.011147
v 0.306295 -0.017180 3.165525
v -0.269451 -0.086457 3.307016
v 0.370829 -0.024069 3.303809
v -0.292504 -0.086099 3.450630
v 0.407734 -0.013768 3.424654
v -0.275280 -0.086933 3.563156
v 0.414373 -0.011923 3.563263
v -0.179496 -0.088660 3.781060
v 0.383880 -0.015101 3.785036
v -0.062219 -0.054239 3.961802
v -0.124079 -0.086806 3.878944
v 0.354694 -0.030391 3.885791
v 0.311417 -0.023912 3.970812
v -0.245009 -0.044097 4.096736
v -0.075205 -0.042176 4.047889
v 0.238039 -0.012402 4.077498
v -0.082650 -0.039478 4.101641
v 0.187510 -0.002369 4.177004
v -0.260103 -0.064577 4.446664
v 0.214587 0.000319 4.265727
v -0.277764 -0.058581 4.279837
v -0.203400 -0.062049 4.582660
v 0.243325 -0.002653 4.379494
v 0.245822 -0.005996 4.532239
v -0.079868 -0.016224 4.666111
v 0.140351 -0.014795 4.653160
v 0.046170 -0.016223 4.680960
v -0.145074 -0.016223 4.651885
v -0.018903 -0.016224 4.675143
v -0.279754 -0.085954 3.412241
v 0.396332 -0.025957 3.371834
v 0.388302 -0.059686 3.344397
v -0.274763 -0.055467 3.371037
v 0.015174 -0.039074 4.677315
v -0.097847 -0.039075 4.660570
v 0.089277 -0.039071 4.674001
v -0.039862 -0.039075 4.669161
v -0.175716 -0.039071 4.628032
v 0.199157 -0.028085 4.601188
v -0.250535 -0.040520 4.523186
v -0.287613 -0.040058 4.365401
v 0.252793 -0.015190 4.454803
v 0.227048 -0.009484 4.314348
v -0.280462 -0.032061 4.174450
v -0.218087 -0.026179 4.068491
v 0.202873 -0.006701 4.237592
v -0.087239 -0.028379 4.082352
v 0.203514 -0.020389 4.132263
v -0.074155 -0.031876 4.005200
v 0.274130 -0.043768 4.019373
v -0.075304 -0.039724 3.928875
v 0.328049 -0.060766 3.943007
v -0.145286 -0.057516 3.846268
v 0.370360 -0.057830 3.849206
v -0.229683 -0.056751 3.674062
v 0.406943 -0.041391 3.677001
v 0.419066 -0.040447 3.479884
v -0.291378 -0.055778 3.494879
v -0.286509 -0.055508 3.437668
v 0.406154 -0.051935 3.393274
v 0.341513 -0.047698 3.241005
v -0.263702 -0.050982 3.238466
v 0.269147 -0.036825 3.085083
v -0.256408 -0.043646 3.082582
v -0.281782 -0.034639 2.660676
v -0.270269 -0.042431 2.817580
v -0.260883 -0.044045 2.959525
v 0.226463 -0.037224 2.953395
v 0.215719 -0.041114 2.862185
v 0.268024 -0.034925 2.715429
v -0.289001 -0.027888 2.505290
v 0.392901 -0.355510 3.784059
v 0.058494 -0.443391 3.514326
v -0.044904 -0.403603 3.793184
v 0.393033 -0.366524 3.650179
v -0.031907 -0.432906 3.587867
v 0.091714 -0.413712 3.902597
v 0.129645 -0.442141 3.501572
v 0.156248 -0.407555 3.906814
v 0.272599 -0.407012 3.890966
v 0.263633 -0.440668 3.559093
v -0.051074 -0.429657 3.749874
v 0.065012 -0.431829 3.896611
v 0.026594 -0.455303 3.585589
v -0.008616 -0.428657 3.851773
v 0.360890 -0.412940 3.609976
v -0.046577 -0.438314 3.650538
v 0.139872 -0.429184 3.907992
v 0.174644 -0.456410 3.548302
v 0.398933 -0.394970 3.716915
v 0.358267 -0.394248 3.828995
v 0.110701 -0.463076 3.550490
v 0.196212 -0.421494 3.908420
v 0.314703 -0.043398 2.616868
v 0.225833 -0.062711 2.803989
v 0.220718 -0.062644 2.905753
v 0.239432 -0.056178 3.010704
v 0.305505 -0.064352 3.165080
v 0.370644 -0.084775 3.303350
v 0.417059 -0.090276 3.424138
v 0.424405 -0.089954 3.562742
v 0.392713 -0.094226 3.784515
v 0.355418 -0.108665 3.885278
v 0.309976 -0.084307 3.970402
v 0.007765 -0.251142 1.192208
v 0.286001 -0.480978 0.251491
v 0.231906 -0.050564 4.077049
v 0.185873 -0.023088 4.176467
v 0.210469 -0.015495 4.265103
v 0.238864 -0.024307 4.378928
v 0.241849 -0.033839 4.530942
v -0.056576 -0.061518 4.660463
v 0.139621 -0.057658 4.647114
v 0.048725 -0.061514 4.672575
v -0.119730 -0.061515 4.645532
v -0.005902 -0.061517 4.667972
v 0.400896 -0.095520 3.371345
v -0.282983 -0.120755 2.592685
v -0.284690 -0.072373 2.419129
v -0.260779 -0.178998 2.725715
v -0.242017 -0.175780 3.160817
v -0.249415 -0.183561 2.901782
v -0.240504 -0.172888 3.008615
v -0.254207 -0.144505 3.304022
v -0.289149 -0.146572 3.437620
v -0.271012 -0.147948 3.559980
v -0.175868 -0.150798 3.779526
v -0.051866 -0.092778 3.960595
v -0.121110 -0.147738 3.877433
v 0.222683 -0.237972 1.296846
v 0.322686 -0.413800 0.894710
v 0.286248 -0.258928 1.258036
v -0.212965 -0.076682 4.105910
v -0.051211 -0.065744 4.047282
v -0.059042 -0.061183 4.105472
v -0.223557 -0.111044 4.449310
v -0.242247 -0.101146 4.285382
v -0.165501 -0.106871 4.571520
v 0.000353 -0.276300 1.128144
v -0.275010 -0.145270 3.399313
v 0.307042 -0.481796 0.401466
v -0.279498 -0.030717 2.341752
v -0.287203 -0.074103 2.505450
v 0.267714 -0.075566 2.713224
v 0.215037 -0.087779 2.861641
v -0.280547 -0.011223 2.340824
v -0.228223 -0.123388 2.022083
v -0.274397 -0.053078 2.336325
v -0.165828 -0.193139 1.738920
v -0.253359 -0.067934 2.246045
v 0.225695 -0.080102 2.952958
v 0.268379 -0.079315 3.084645
v 0.340696 -0.100771 3.240561
v 0.413340 -0.137540 3.394598
v 0.428935 -0.143278 3.479370
v 0.416917 -0.145140 3.676487
v 0.375082 -0.149171 3.848692
v 0.327528 -0.125978 3.942586
v 0.272685 -0.092436 4.018959
v 0.070645 -0.432397 0.722499
v -0.070359 -0.232501 1.468942
v -0.107886 -0.237588 1.524685
v 0.003352 -0.327855 1.048362
v 0.047588 -0.339245 0.963896
v 0.053001 -0.477401 0.577272
v 0.091385 -0.378648 0.854800
v 0.200978 -0.049112 4.131777
v 0.196985 -0.025643 4.236984
v 0.220021 -0.031572 4.313758
v 0.245701 -0.042833 4.454255
v 0.195391 -0.065173 4.594159
v -0.146223 -0.083748 4.615796
v -0.021272 -0.083755 4.656791
v 0.089705 -0.083748 4.659781
v -0.073236 -0.083754 4.649093
v 0.022236 -0.083753 4.663238
v 0.390120 -0.124427 3.345752
v -0.270987 -0.115042 3.363894
v 0.070343 -0.474231 0.275988
v -0.218634 -0.086606 4.519119
v -0.257928 -0.085696 4.370301
v -0.252696 -0.069915 4.181462
v -0.193060 -0.055825 4.076657
v -0.114780 -0.460342 0.109699
v 0.069944 -0.479224 0.420721
v -0.062513 -0.049792 4.083771
v -0.383357 -0.510026 0.000191
v 0.120762 -0.512610 0.021610
v -0.274905 -0.481406 0.091373
v 0.273446 -0.519935 0.005843
v -0.058758 -0.061658 4.003959
v -0.071790 -0.085035 3.927610
v -0.144492 -0.120145 3.844726
v -0.228073 -0.118636 3.672521
v -0.290383 -0.116714 3.487594
v -0.285516 -0.116183 3.424687
v -0.258472 -0.126424 3.237134
v -0.251406 -0.133240 3.081270
v -0.278691 -0.115853 2.659385
v 0.095433 -0.027351 2.115561
v 0.325679 -0.049158 2.294393
v -0.265576 -0.140787 2.816267
v 0.233523 -0.332668 2.525096
v 0.239431 -0.029688 2.229903
v 0.259747 -0.139481 2.152094
v -0.255881 -0.134027 2.958213
v 0.217109 -0.260596 1.343541
v 0.196797 -0.495676 1.393964
v -0.039236 -0.275693 1.213649
v 0.059013 -0.575209 1.217803
v 0.208566 -0.566107 1.288213
v 0.074094 -0.540981 1.331022
v -0.001621 -0.532189 1.178795
v 0.074598 -0.230396 1.157107
v -0.033403 -0.495270 1.145724
v 0.236271 -0.446160 1.389481
v -0.053170 -0.423461 1.117742
v -0.072635 -0.340531 1.199126
v 0.158413 -0.212498 1.198413
v 0.174997 -0.226694 1.318690
v 0.318085 -0.326743 1.278834
v 0.253105 -0.381614 1.378636
v 0.141070 -0.220410 1.302600
v 0.111552 -0.536389 1.352465
v 0.225455 -0.195898 1.893033
v 0.185967 -0.352299 2.547729
v 0.178561 -0.256312 1.568764
v -0.203305 -0.155832 1.887699
v 0.151584 -0.549366 1.328958
v 0.148144 -0.216147 1.261481
v 0.281250 -0.354950 1.338249
v 0.181826 -0.218553 1.275978
v -0.069532 -0.378093 1.164398
v 0.276524 -0.423164 1.350529
v 0.212992 -0.287135 1.383125
v -0.067275 -0.446990 1.181553
v 0.087813 -0.222677 1.230244
v -0.042581 -0.496129 1.213222
v -0.134217 -0.248916 1.573112
v 0.116655 -0.555021 1.308230
v 0.000329 -0.532917 1.250267
v -0.044393 -0.308845 1.170589
v -0.025649 -0.250611 1.274961
v 0.246277 -0.485084 1.360084
v 0.196969 -0.528838 1.351787
v 0.261907 -0.289395 1.320910
v 0.175780 -0.258860 1.413937
v 0.064766 -0.557517 1.284644
v 0.344941 0.006831 3.909354
v -0.046047 -0.286098 3.888647
v -0.078475 0.006831 3.929849
v -0.096263 -0.174186 3.891462
v 0.048448 -0.289227 3.936236
v 0.297399 -0.251889 3.938654
v 0.341624 -0.218754 3.905725
v 0.099684 -0.301963 3.954062
v 0.214882 -0.351575 3.919587
v 0.145005 -0.366061 3.923929
v -0.107872 -0.051612 3.894499
v 0.344482 -0.069305 3.908982
v 0.343884 -0.143407 3.908499
v -0.106083 -0.108494 3.893049
v -0.092099 -0.071333 3.905144
v 0.335428 -0.169217 3.925318
v 0.335984 -0.100169 3.925767
v -0.095060 -0.019535 3.906520
v 0.120255 -0.340726 3.940887
v 0.178722 -0.332391 3.940887
v 0.326738 -0.244318 3.918606
v 0.054720 -0.337494 3.922943
v -0.088683 -0.122197 3.903793
v -0.053756 -0.214355 3.901620
v 0.263140 -0.306704 3.926504
v 0.336551 -0.029262 3.926226
v -0.001268 -0.305587 3.902561
v 0.320336 -0.502302 0.127245
v 0.355515 -0.524210 0.049768
v -0.417362 -0.518269 0.056406
v 0.204409 -0.517863 0.011168
v 0.324453 -0.479781 0.564637
v -0.097612 -0.491678 0.028148
v 0.337737 -0.308472 1.184980
v 0.155856 -0.241780 1.505641
v 0.139103 -0.233422 1.459771
v 0.236751 -0.166457 2.015173
v 0.209459 -0.222396 1.740907
v 0.359119 -0.069391 2.406204
v 0.345033 -0.061341 2.505275
v 0.343035 -0.013541 2.518393
v 0.343022 -0.033395 2.516199
v 0.143222 -0.485354 3.578079
v 0.318315 -0.429526 3.866865
v 0.386345 -0.432046 3.777886
v 0.171974 -0.444383 3.911633
v 0.231741 -0.437348 3.905354
v -0.010209 -0.466312 3.643516
v 0.220837 -0.477432 3.577985
v -0.028631 -0.457154 3.822402
v 0.028010 -0.457062 3.882792
v 0.387503 -0.440517 3.667781
v 0.112191 -0.451056 3.910009
v -0.052522 -0.457657 3.709029
v 0.076198 -0.488178 3.590600
v 0.316073 -0.459553 3.604453
v 0.292010 -0.088486 2.233193
v 0.210666 -0.054664 2.175229
v -0.223664 -0.057441 2.122927
v 0.155325 -0.335933 2.712883
v 0.174627 -1.788587 3.660561
v 0.197757 -1.756624 3.733032
v 0.279478 -2.117477 3.718291
v 0.323629 -2.164456 3.690742
v 0.327625 -2.105277 3.669876
v 0.280258 -2.159410 3.647928
v 0.269709 -2.155255 3.671311
v 0.338691 -2.105003 3.684015
v 0.271262 -2.130993 3.697351
v 0.334000 -2.132354 3.689084
v 0.331285 -2.125209 3.667632
v 0.268269 -2.127527 3.668100
v 0.305954 -2.139935 3.708538
v 0.300246 -2.129324 3.657836
v 0.204058 -2.123314 3.720939
v 0.245465 -2.164329 3.698175
v 0.245202 -2.111828 3.666049
v 0.204253 -2.169242 3.644093
v 0.197257 -2.114057 3.694728
v 0.255198 -2.105221 3.690540
v 0.197422 -2.137990 3.667258
v 0.253712 -2.132066 3.697725
v 0.249613 -2.129141 3.668881
v 0.198108 -2.137386 3.701533
v 0.227155 -2.141988 3.714185
v 0.222370 -2.139668 3.651066
v 0.178226 -2.114365 3.659883
v 0.129679 -2.120695 3.655483
v 0.183754 -2.123441 3.722114
v 0.177761 -2.161892 3.676342
v 0.127722 -2.131671 3.687760
v 0.148334 -2.159685 3.709788
v 0.183465 -2.136203 3.666755
v 0.166685 -2.141188 3.719959
v 0.143019 -2.119704 3.713783
v 0.128351 -2.093694 3.682238
v 0.152180 -2.112319 3.653823
v 0.183302 -2.139063 3.701345
v 0.355470 -2.116417 3.705677
v 0.384178 -2.117665 3.694588
v 0.349990 -2.099850 3.669664
v 0.350507 -2.146628 3.666149
v 0.375777 -2.061547 3.672634
v 0.389022 -2.059335 3.691988
v 0.389458 -2.085802 3.696535
v 0.386349 -2.075972 3.672874
v 0.350926 -2.134258 3.684747
v 0.363887 -2.100473 3.661335
v 0.369701 -2.119378 3.703296
v 0.348222 -2.125184 3.666447
v 0.340875 -1.617795 3.649743
v 0.170383 -1.663826 3.711606
v 0.167902 -1.612563 3.669112
v 0.320749 -1.671628 3.766318
v 0.255862 -1.621741 3.788923
v 0.346554 -1.621989 3.764661
v 0.362391 -1.666932 3.689387
v 0.369439 -1.618080 3.734252
v 0.211332 -1.667096 3.644111
v 0.283813 -1.620213 3.622006
v 0.219657 -1.668807 3.769964
v 0.181913 -1.612903 3.754291
v 0.242486 -1.619739 3.623079
v 0.291876 -1.623719 3.787352
v 0.307970 -1.649676 3.777257
v 0.226394 -1.645206 3.632202
v 0.173454 -1.640120 3.730896
v 0.355984 -1.644009 3.670913
v 0.236665 -1.646546 3.780869
v 0.200715 -1.643140 3.764878
v 0.262520 -1.645896 3.626708
v 0.368954 -1.644223 3.709229
v 0.355170 -1.645768 3.744743
v 0.275033 -1.648500 3.781867
v 0.165082 -1.639316 3.692166
v 0.311552 -1.644530 3.638436
v 0.333159 -1.649276 3.766448
v 0.189126 -1.642177 3.653840
v 0.305599 -1.940088 3.758979
v 0.345268 -1.861705 3.737907
v 0.360241 -1.850316 3.702922
v 0.286608 -1.836517 3.625389
v 0.129799 -1.922483 3.719499
v 0.139607 -1.847221 3.696331
v 0.341525 -1.887521 3.641808
v 0.358721 -1.846218 3.672542
v 0.224520 -1.941590 3.771648
v 0.199162 -1.867695 3.764003
v 0.120429 -1.893235 3.611923
v 0.188618 -1.843811 3.621987
v 0.233850 -1.839625 3.620734
v 0.277347 -1.873194 3.767616
v 0.289934 -1.907205 3.763585
v 0.201310 -1.871509 3.612978
v 0.331672 -1.901092 3.748681
v 0.314085 -1.860429 3.634333
v 0.124072 -1.867402 3.652797
v 0.153797 -1.869747 3.613555
v 0.210005 -1.904989 3.769813
v 0.355097 -1.868385 3.654301
v 0.129972 -1.882004 3.706144
v 0.166602 -1.896256 3.745652
v 0.259931 -1.862089 3.622920
v 0.372201 -1.876156 3.683455
v 0.365645 -1.886213 3.718295
v 0.254440 -1.907789 3.770716
v 0.206442 -1.792374 3.639025
v 0.247598 -1.750586 3.643738
v 0.326208 -1.792080 3.648120
v 0.351275 -1.752090 3.708220
v 0.179132 -1.753442 3.711024
v 0.287859 -1.758473 3.760646
v 0.351736 -1.750956 3.685821
v 0.332747 -1.756441 3.736384
v 0.251820 -1.811708 3.767923
v 0.283952 -1.749782 3.641949
v 0.223459 -1.759364 3.755932
v 0.312047 -1.809968 3.752747
v 0.186073 -1.749446 3.676924
v 0.187181 -1.801742 3.735239
v 0.299990 -1.784747 3.757903
v 0.227351 -1.771946 3.640301
v 0.194293 -1.769765 3.654452
v 0.324279 -1.782531 3.745879
v 0.306663 -1.770321 3.642615
v 0.236872 -1.785121 3.763888
v 0.342055 -1.771916 3.668394
v 0.180275 -1.777633 3.723413
v 0.204904 -1.781812 3.747653
v 0.263282 -1.771137 3.634501
v 0.353604 -1.774210 3.694871
v 0.343603 -1.777738 3.723295
v 0.270866 -1.785328 3.764783
v 0.172702 -1.771911 3.689741
v 0.335780 -1.665848 3.657301
v 0.178373 -1.663989 3.676119
v 0.258372 -1.670218 3.775576
v 0.339962 -1.670354 3.751800
v 0.361644 -1.666677 3.723079
v 0.283807 -1.667826 3.633690
v 0.191173 -1.666017 3.744490
v 0.246163 -1.667909 3.634978
v 0.291177 -1.671063 3.774680
v 0.180747 -1.708762 3.711679
v 0.317521 -1.711704 3.755108
v 0.355823 -1.707957 3.689190
v 0.217387 -1.709128 3.653554
v 0.225052 -1.712635 3.758443
v 0.305974 -1.691536 3.765784
v 0.231181 -1.688507 3.642650
v 0.183262 -1.687419 3.726365
v 0.349956 -1.686838 3.674685
v 0.240625 -1.690964 3.768682
v 0.207681 -1.689927 3.753821
v 0.264292 -1.688531 3.637488
v 0.361851 -1.687287 3.703726
v 0.348588 -1.689181 3.733305
v 0.275783 -1.691103 3.770338
v 0.175568 -1.685798 3.695739
v 0.309228 -1.687176 3.647454
v 0.328423 -1.691703 3.754821
v 0.197019 -1.687033 3.662238
v 0.144397 -1.551160 3.711421
v 0.328842 -1.571151 3.794423
v 0.378860 -1.564072 3.689879
v 0.196152 -1.561713 3.620436
v 0.206130 -1.558920 3.798848
v 0.355330 -1.481438 3.628296
v 0.138190 -1.466636 3.649229
v 0.248738 -1.484180 3.826797
v 0.365261 -1.484746 3.801156
v 0.391557 -1.480180 3.765957
v 0.283830 -1.485107 3.588852
v 0.155635 -1.462186 3.782104
v 0.232052 -1.483051 3.589314
v 0.293858 -1.489376 3.823309
v 0.167990 -1.522060 3.631350
v 0.345840 -1.535665 3.797585
v 0.317775 -1.530330 3.614289
v 0.137002 -1.514848 3.682597
v 0.273024 -1.534416 3.812741
v 0.372797 -1.529515 3.775371
v 0.387974 -1.528906 3.723967
v 0.257773 -1.531726 3.597842
v 0.182063 -1.517852 3.794484
v 0.226061 -1.527603 3.813503
v 0.372124 -1.529320 3.660811
v 0.147190 -1.513459 3.743028
v 0.213573 -1.529251 3.604223
v 0.313316 -1.537584 3.807982
v 0.346700 -1.562850 3.641101
v 0.155930 -1.553762 3.661100
v 0.252991 -1.566311 3.804184
v 0.354092 -1.566687 3.779366
v 0.378351 -1.562514 3.747028
v 0.283820 -1.565772 3.608647
v 0.171324 -1.552172 3.765498
v 0.238282 -1.564660 3.609474
v 0.292675 -1.569586 3.801841
v 0.158259 -1.611262 3.711519
v 0.324524 -1.624751 3.779430
v 0.370075 -1.618943 3.689616
v 0.204250 -1.617930 3.633066
v 0.213346 -1.617540 3.783440
v 0.179326 -1.586482 3.643412
v 0.339039 -1.596598 3.780885
v 0.314438 -1.591578 3.627240
v 0.152062 -1.581604 3.687729
v 0.274102 -1.595603 3.796183
v 0.363344 -1.591865 3.758944
v 0.377773 -1.590754 3.716063
v 0.260319 -1.592958 3.613324
v 0.192067 -1.585047 3.778605
v 0.231748 -1.591396 3.796000
v 0.363468 -1.590831 3.666229
v 0.161276 -1.581391 3.736521
v 0.220449 -1.591441 3.619229
v 0.310449 -1.597702 3.791504
v 0.149089 -0.088648 4.190197
v 0.014159 -0.129602 4.174098
v 0.016822 -0.116219 4.147767
v 0.181101 -0.053563 4.234960
v 0.186864 0.006831 4.203496
v 0.095869 -0.124006 4.199842
v -0.229796 0.006831 4.064635
v -0.154591 -0.086471 4.090974
v -0.029480 -0.107013 4.129878
v 0.079431 -0.117093 4.166943
v -0.126959 -0.026584 4.092305
v 0.186690 -0.008727 4.203065
v 0.182951 -0.028765 4.202505
v -0.103573 -0.051657 4.097982
v -0.161254 -0.040549 4.079937
v 0.184608 -0.039245 4.219454
v 0.193142 -0.016722 4.220035
v -0.181901 -0.010263 4.073202
v 0.049365 -0.123399 4.170818
v -0.087335 -0.099343 4.112876
v -0.133936 -0.066933 4.087112
v 0.126547 -0.106118 4.197853
v 0.195538 -0.000094 4.220627
v -0.029770 -0.120822 4.145705
v 0.083877 -0.123057 4.181761
v 0.164486 -0.070709 4.213238
v 0.014775 -0.123326 4.161434
v 0.395113 0.601828 3.817156
v 0.121945 0.697917 3.628750
v -0.012056 0.622872 3.828959
v 0.401179 0.629665 3.729612
v 0.027515 0.651269 3.678901
v 0.148266 0.612214 3.919078
v 0.167926 0.766158 3.611085
v 0.325775 0.709592 3.655507
v 0.082936 0.738242 3.648906
v 0.081996 0.850016 3.663900
v 0.013500 0.694965 3.705005
v 0.297068 0.748169 3.881305
v 0.396045 0.690197 3.709842
v 0.408255 0.679529 3.784323
v 0.356817 0.822470 3.828166
v 0.391722 0.825616 3.790309
v 0.141507 0.809172 3.618343
v 0.299956 0.865626 3.623353
v 0.039679 0.745849 3.800455
v -0.004751 0.682483 3.776404
v 0.382469 0.663119 3.850275
v 0.056412 0.839978 3.726005
v 0.367155 0.743862 3.689753
v 0.407168 0.838020 3.738025
v 0.178395 0.758981 3.880588
v 0.134519 0.841353 3.826226
v 0.037113 0.684690 3.856121
v 0.198119 0.678190 3.911515
v 0.329132 0.670681 3.892588
v 0.122384 0.681100 3.901495
v 0.188095 0.918470 3.588372
v 0.354262 0.903416 3.622526
v 0.116677 0.907479 3.618448
v 0.405284 1.071030 3.796878
v 0.059785 0.890327 3.678872
v 0.078482 0.931692 3.781552
v 0.412647 0.894662 3.685970
v 0.416328 0.879650 3.763590
v 0.095920 1.092316 3.688218
v 0.419182 1.072027 3.710700
v 0.196583 0.943803 3.842971
v 0.157963 1.096201 3.824803
v 0.087230 0.952895 3.633430
v 0.056770 0.877222 3.750246
v 0.383316 0.865177 3.818618
v 0.188118 1.105353 3.582659
v 0.369639 0.927442 3.833313
v 0.333074 1.101374 3.845797
v 0.311411 0.961543 3.587274
v 0.390405 1.075472 3.635898
v 0.100334 0.868104 3.809511
v 0.216977 0.875450 3.841478
v 0.329616 0.864822 3.837755
v 0.160102 0.872924 3.834416
v 0.240205 1.165149 3.583497
v 0.360553 1.146129 3.611848
v 0.180853 1.163201 3.604127
v 0.161967 1.189239 3.758762
v 0.133405 1.159160 3.654952
v 0.196717 1.200921 3.810586
v 0.412912 1.135799 3.673867
v 0.415926 1.135115 3.754300
v 0.395842 1.180471 3.646017
v 0.142289 1.194649 3.685567
v 0.169541 1.197301 3.631056
v 0.341018 1.199434 3.829433
v 0.245062 1.207680 3.824414
v 0.130430 1.156177 3.729044
v 0.401120 1.137770 3.815728
v 0.391338 1.181115 3.821832
v 0.422474 1.178261 3.709136
v 0.409429 1.176819 3.783023
v 0.220037 1.202965 3.595715
v 0.327112 1.192720 3.599611
v 0.160861 1.158223 3.798483
v 0.265404 1.171947 3.836241
v 0.367082 1.153904 3.835597
v 0.209656 1.168878 3.829372
v 0.243277 1.235478 3.593162
v 0.361321 1.222653 3.619322
v 0.194157 1.232031 3.611321
v 0.155021 1.243027 3.764621
v 0.154579 1.224160 3.655241
v 0.186940 1.352558 3.837391
v 0.415034 1.215233 3.673160
v 0.418980 1.210928 3.741558
v 0.368831 1.379962 3.616625
v 0.131373 1.257815 3.686452
v 0.133389 1.371083 3.629853
v 0.339801 1.254377 3.834662
v 0.245342 1.364398 3.847221
v 0.151796 1.214859 3.718326
v 0.401779 1.206697 3.801895
v 0.372168 1.360285 3.823262
v 0.417510 1.255553 3.699469
v 0.401091 1.358851 3.783569
v 0.209074 1.284032 3.586693
v 0.294171 1.392879 3.569559
v 0.183119 1.216643 3.785357
v 0.269238 1.230868 3.823243
v 0.366862 1.216060 3.824842
v 0.223306 1.228906 3.818333
v 0.206409 1.442074 3.580611
v 0.324847 1.442573 3.594600
v 0.154116 1.431509 3.611431
v 0.331425 1.720590 3.663762
v 0.116288 1.419751 3.672509
v 0.123858 1.475768 3.711276
v 0.386040 1.438790 3.652857
v 0.403162 1.435374 3.736091
v 0.187324 1.721615 3.682109
v 0.335238 1.505393 3.816638
v 0.260518 1.725323 3.764165
v 0.334326 1.725363 3.740805
v 0.391877 1.496431 3.690269
v 0.126151 1.414395 3.750386
v 0.386241 1.433550 3.800411
v 0.354981 1.721885 3.713527
v 0.184153 1.492077 3.601723
v 0.283801 1.722192 3.643678
v 0.195438 1.485725 3.821679
v 0.199090 1.725086 3.736110
v 0.166960 1.417515 3.816556
v 0.271358 1.440805 3.838051
v 0.355406 1.441532 3.823569
v 0.217781 1.430902 3.839275
v 0.234139 1.743679 3.649856
v 0.307240 1.741841 3.653322
v 0.202344 1.743233 3.667294
v 0.182737 1.743586 3.697555
v 0.344642 1.741876 3.676607
v 0.355722 1.742723 3.698668
v 0.189929 1.746307 3.722744
v 0.343240 1.745072 3.723845
v 0.212334 1.748656 3.745114
v 0.275707 1.747122 3.761367
v 0.324506 1.747170 3.745358
v 0.242999 1.748276 3.759335
v 0.215755 1.764511 3.651856
v 0.241039 1.806176 3.630751
v 0.328238 1.762629 3.660701
v 0.350513 1.812062 3.707139
v 0.165547 1.811651 3.709640
v 0.283009 1.825658 3.765058
v 0.350116 1.809709 3.679274
v 0.335215 1.818354 3.738517
v 0.258335 1.772445 3.761621
v 0.217780 1.829591 3.627615
v 0.307335 1.827035 3.631467
v 0.181512 1.825814 3.637458
v 0.309038 1.884414 3.755543
v 0.156935 1.828770 3.678051
v 0.362903 1.941103 3.734552
v 0.342083 1.830745 3.659197
v 0.354840 1.834940 3.690750
v 0.380460 1.921463 3.695570
v 0.290998 1.897872 3.632594
v 0.164526 1.870703 3.730729
v 0.101323 1.914760 3.671099
v 0.330636 1.851938 3.641819
v 0.164696 1.838095 3.722292
v 0.347345 1.840261 3.723372
v 0.377552 1.915094 3.665628
v 0.240547 1.886320 3.771268
v 0.176308 1.948709 3.760703
v 0.152743 1.850189 3.638889
v 0.162292 1.918786 3.600754
v 0.193026 1.845154 3.750716
v 0.264581 1.854436 3.769638
v 0.325494 1.848728 3.747870
v 0.227850 1.852551 3.769786
v 0.140494 1.347445 3.788003
v 0.196516 1.249906 3.819620
v 0.387463 1.265574 3.632208
v 0.109190 1.358586 3.701426
v 0.160334 1.270164 3.626448
v 0.339030 1.369907 3.840525
v 0.245684 1.257486 3.833355
v 0.381683 1.241124 3.822612
v 0.405112 1.371747 3.691969
v 0.406887 1.242668 3.779799
v 0.186386 1.388502 3.579528
v 0.315985 1.279907 3.586063
v 0.163635 1.285971 3.811829
v 0.122838 1.294475 3.737099
v 0.399773 1.314029 3.653635
v 0.223584 1.340962 3.568812
v 0.410654 1.297781 3.742306
v 0.390103 1.286789 3.811435
v 0.317136 1.301045 3.846068
v 0.123169 1.312194 3.655223
v 0.342301 1.330267 3.589854
v 0.357660 1.294140 3.837469
v 0.169375 1.330008 3.595773
v 0.216871 1.293839 3.843312
v 0.190099 1.945427 3.607474
v 0.322558 1.925966 3.642184
v 0.123466 1.943881 3.587228
v 0.140039 1.989839 3.609189
v 0.089068 1.936931 3.623600
v 0.143437 2.011863 3.647326
v 0.369675 1.936473 3.653440
v 0.390023 1.947499 3.679127
v 0.204697 2.052453 3.661097
v 0.125499 2.006624 3.725605
v 0.104490 1.982040 3.643115
v 0.129695 2.045731 3.690887
v 0.354606 1.962432 3.653077
v 0.101049 1.957010 3.693861
v 0.384145 1.961432 3.714456
v 0.384458 2.028872 3.681963
v 0.212947 2.027276 3.769015
v 0.162884 2.086407 3.750826
v 0.374159 2.003633 3.735431
v 0.330343 2.085508 3.738305
v 0.142729 1.978482 3.741713
v 0.244702 1.991006 3.770312
v 0.339008 1.982412 3.749069
v 0.192061 1.987975 3.768717
v 0.061936 2.105047 3.512997
v 0.081706 2.112199 3.533099
v 0.041835 2.110125 3.536199
v 0.061604 2.117278 3.556302
v 0.054817 2.059743 3.533528
v 0.072690 1.979536 3.625992
v 0.093800 2.067576 3.532407
v 0.092643 2.078944 3.570119
v 0.087361 1.967996 3.579897
v 0.049236 2.072912 3.578879
v 0.124668 1.986981 3.575119
v 0.115673 2.005577 3.608531
v 0.081553 2.029687 3.603874
v 0.114679 2.030670 3.572126
v 0.091904 2.012357 3.550864
v 0.058778 2.011374 3.582612
v 0.229939 2.066217 3.661892
v 0.344550 2.046995 3.666957
v 0.204971 2.085842 3.661330
v 0.325599 2.077449 3.670234
v 0.369439 2.042416 3.671740
v 0.385151 2.050388 3.687335
v 0.223964 2.111839 3.663187
v 0.358479 2.076405 3.673453
v 0.155154 2.086493 3.668705
v 0.343138 2.108706 3.678358
v 0.192514 2.122242 3.678052
v 0.132311 2.069328 3.698421
v 0.387222 2.060742 3.713736
v 0.206953 2.179621 3.699770
v 0.358422 2.168575 3.684917
v 0.166748 2.166194 3.643843
v 0.346476 2.117976 3.699320
v 0.194419 2.123770 3.714667
v 0.150232 2.096443 3.730849
v 0.230797 2.117628 3.735500
v 0.364814 2.093471 3.725034
v 0.177623 2.116437 3.739716
v 0.309426 2.034451 3.666933
v 0.390290 2.035454 3.703943
v 0.172737 2.072996 3.665976
v 0.173247 1.994522 3.628045
v 0.139928 2.063519 3.726288
v 0.104036 1.985941 3.682148
v 0.363807 2.020064 3.665714
v 0.389072 1.976579 3.673487
v 0.204224 2.093492 3.750625
v 0.163243 2.021896 3.761177
v 0.378174 2.053440 3.731857
v 0.310276 2.023109 3.757765
v 0.298815 1.965234 3.652419
v 0.391802 1.983952 3.699841
v 0.334645 1.998515 3.662567
v 0.294399 2.060223 3.756113
v 0.388575 2.020638 3.720825
v 0.392819 2.010135 3.692330
v 0.349420 2.044504 3.745344
v 0.182915 2.061506 3.763460
v 0.378552 1.999721 3.669609
v 0.122797 2.025806 3.712945
v 0.175433 2.037906 3.656275
v 0.147696 2.050452 3.748124
v 0.136466 2.029450 3.676713
v 0.215121 2.017668 3.651519
v 0.238245 0.755126 3.617400
v 0.262492 0.673537 3.911822
v 0.265033 0.911384 3.591209
v 0.270852 0.871393 3.843196
v 0.294854 1.159513 3.584192
v 0.313612 1.168290 3.838586
v 0.294996 1.231052 3.594251
v 0.316308 1.228011 3.825439
v 0.256809 1.445449 3.573974
v 0.317293 1.445030 3.833652
v 0.265438 1.743120 3.644853
v 0.303793 1.746894 3.756563
v 0.260831 1.827559 3.623064
v 0.295674 1.853629 3.760940
v 0.275113 1.341088 3.565336
v 0.270205 1.299957 3.847165
v 0.261242 1.929503 3.629354
v 0.285943 1.990464 3.765001
v 0.284692 2.062250 3.665489
v 0.298082 2.102803 3.670406
v 0.283381 2.177253 3.695204
v 0.306044 2.115388 3.728244
v 0.240096 2.062066 3.761747
v 0.273593 2.006989 3.659117
v 0.233623 1.972968 3.634328
v 0.269576 2.026633 3.765605
v 0.269344 2.090718 3.747332
v 0.262675 2.115421 3.710967
v 0.258428 2.110363 3.680090
v 0.257293 2.085802 3.666750
v 0.250346 2.039446 3.660874
v 0.293162 1.257577 3.835133
v 0.260568 1.284130 3.580523
v 0.226035 1.905547 3.613697
v 0.270876 1.955683 3.768315
v 0.284260 1.805358 3.628511
v 0.214881 1.822783 3.762411
v 0.314623 1.771438 3.750591
v 0.249307 1.722751 3.645150
v 0.290580 1.725199 3.763847
v 0.238535 1.393051 3.567938
v 0.294161 1.368844 3.845280
v 0.280102 1.107919 3.845360
v 0.271992 1.199330 3.592048
v 0.292644 1.205456 3.827754
v 0.255814 1.102273 3.577395
v 0.193619 0.703675 3.612013
v 0.218508 0.882043 3.597233
v 0.241197 0.847626 3.842435
v 0.215675 0.607630 3.920679
v 0.388818 2.131130 3.655738
v 0.367478 2.154946 3.644464
v 0.351866 2.179151 3.649458
v 0.392071 2.140088 3.676752
v 0.353281 2.202618 3.643919
v 0.353992 2.187524 3.665119
v 0.372856 2.172276 3.681139
v 0.381225 2.092831 3.715347
v 0.354235 2.153004 3.654200
v 0.347339 2.120758 3.682370
v 0.378945 2.114920 3.657170
v 0.391975 2.112573 3.675767
v 0.323846 2.198027 3.644917
v 0.326343 2.202327 3.666116
v 0.299899 2.202277 3.635071
v 0.357745 2.195848 3.633052
v 0.302857 2.207714 3.682556
v 0.273517 2.202218 3.671386
v 0.273057 2.201081 3.645099
v 0.333210 2.132842 3.709554
v 0.319372 2.169638 3.651445
v 0.272965 2.122059 3.667325
v 0.264489 2.118079 3.690557
v 0.328253 2.168407 3.665817
v 0.221115 2.210541 3.631721
v 0.197279 2.206084 3.647541
v 0.204188 2.234357 3.622850
v 0.199382 2.203092 3.678054
v 0.226146 2.207779 3.689126
v 0.248339 2.202788 3.673356
v 0.245411 2.202559 3.646464
v 0.252056 2.132241 3.720155
v 0.239906 2.177022 3.648253
v 0.200928 2.134758 3.659678
v 0.197556 2.174045 3.676537
v 0.249266 2.169870 3.671745
v 0.143022 2.174076 3.634390
v 0.168077 2.197335 3.647024
v 0.119905 2.165451 3.658571
v 0.235357 2.232159 3.624214
v 0.167885 2.209642 3.676455
v 0.130079 2.188843 3.688433
v 0.153003 2.209774 3.693684
v 0.135146 2.086669 3.673658
v 0.169543 2.183531 3.699759
v 0.191238 2.127866 3.694849
v 0.137776 2.098905 3.708123
v 0.159826 2.127464 3.730787
v 0.388753 2.184259 3.628075
v 0.369666 2.204387 3.618731
v 0.354509 2.225634 3.623302
v 0.392861 2.191669 3.648715
v 0.389367 2.231493 3.640466
v 0.357638 2.233059 3.638298
v 0.376903 2.219222 3.654365
v 0.321339 2.252308 3.614817
v 0.323812 2.259822 3.633352
v 0.300054 2.254951 3.607372
v 0.366194 2.262488 3.631702
v 0.302830 2.267506 3.647601
v 0.276718 2.260034 3.637531
v 0.276415 2.254994 3.615838
v 0.217840 2.262707 3.603696
v 0.196291 2.258395 3.616554
v 0.277193 2.297665 3.603691
v 0.198850 2.261128 3.642217
v 0.223537 2.270690 3.653205
v 0.242577 2.264197 3.638038
v 0.239439 2.258948 3.614191
v 0.135412 2.229046 3.608345
v 0.157143 2.248355 3.618710
v 0.112035 2.226956 3.630733
v 0.286150 2.294159 3.588947
v 0.155180 2.263602 3.643400
v 0.118811 2.247994 3.657558
v 0.140226 2.265331 3.659861
v 0.272213 2.225259 3.644179
v 0.284095 2.233325 3.664596
v 0.195954 2.225899 3.650130
v 0.155859 2.237882 3.671005
v 0.163678 2.228661 3.649656
v 0.387012 2.175245 3.670532
v 0.392723 2.158919 3.652768
v 0.283406 2.228427 3.623338
v 0.116880 2.203628 3.662864
v 0.135713 2.228601 3.680690
v 0.323661 2.224056 3.639534
v 0.315545 2.225065 3.626410
v 0.208626 2.233414 3.671992
v 0.362481 2.209329 3.661173
v 0.319141 2.233555 3.662384
v 0.240098 2.234925 3.669780
v 0.155446 2.210583 3.623191
v 0.123625 2.191762 3.631176
v 0.244884 2.226672 3.645143
v 0.380856 2.161129 3.635749
v 0.385973 2.243034 3.599850
v 0.371682 2.255739 3.594472
v 0.360928 2.271617 3.599017
v 0.390157 2.250615 3.619491
v 0.375978 2.268468 3.603096
v 0.364654 2.281213 3.612998
v 0.378596 2.270711 3.623933
v 0.316698 2.328238 3.573506
v 0.320029 2.340782 3.590604
v 0.301317 2.326061 3.571234
v 0.302520 2.346088 3.575472
v 0.305906 2.346883 3.601064
v 0.287862 2.340958 3.593652
v 0.285888 2.329457 3.576784
v 0.213323 2.339548 3.558834
v 0.199032 2.340276 3.565107
v 0.215003 2.358836 3.561301
v 0.201741 2.351016 3.582818
v 0.220023 2.358811 3.591075
v 0.233973 2.353652 3.579770
v 0.228978 2.342075 3.560922
v 0.122481 2.304757 3.576326
v 0.137847 2.317890 3.581812
v 0.105421 2.305309 3.586908
v 0.119571 2.331903 3.588014
v 0.137320 2.334281 3.601431
v 0.110036 2.324403 3.609817
v 0.126057 2.335822 3.613706
v 0.142977 2.277723 3.590614
v 0.113934 2.264485 3.595302
v 0.228876 2.303489 3.580254
v 0.201841 2.302967 3.582273
v 0.323466 2.296654 3.598878
v 0.314889 2.291961 3.588518
v 0.150595 2.295569 3.609104
v 0.392992 2.217054 3.621490
v 0.382120 2.218591 3.606009
v 0.194105 2.302889 3.599478
v 0.319638 2.309601 3.619757
v 0.104597 2.277888 3.621760
v 0.359909 2.247789 3.605553
v 0.356219 2.256742 3.615446
v 0.206554 2.315838 3.619534
v 0.141719 2.306342 3.629237
v 0.235925 2.318536 3.617546
v 0.288444 2.309467 3.621745
v 0.122299 2.298593 3.638163
v 0.239473 2.305907 3.594347
v 0.060349 0.765051 3.678016
v 0.294856 0.839961 3.843128
v 0.360699 0.730594 3.852937
v 0.390672 0.725391 3.806018
v 0.154927 0.882019 3.603554
v 0.283463 0.785358 3.642870
v 0.076293 0.831586 3.783471
v 0.030466 0.742433 3.737676
v 0.377346 0.848528 3.673153
v 0.401370 0.744906 3.751847
v 0.189418 0.849079 3.840098
v 0.108538 0.754525 3.860976
v 0.209771 0.814395 3.606392
v 0.237688 0.756311 3.883035
v 0.266590 0.819654 3.855166
v 0.184280 0.857320 3.599665
v 0.112332 0.829959 3.639416
v 0.329060 0.798742 3.847664
v 0.329631 0.810808 3.664256
v 0.161022 0.820455 3.847594
v 0.386905 0.792251 3.720975
v 0.056758 0.794734 3.760872
v 0.097361 0.804747 3.812936
v 0.249915 0.842858 3.619734
v 0.392926 0.785640 3.770541
v 0.374920 0.780325 3.812014
v 0.214975 0.824069 3.853143
v 0.060207 0.798909 3.707565
v 0.405104 0.929920 3.800217
v 0.117468 1.087917 3.772983
v 0.053995 0.944470 3.699051
v 0.422833 0.942122 3.714271
v 0.225555 1.109182 3.841774
v 0.129248 0.932747 3.826647
v 0.126532 1.094192 3.623110
v 0.155794 0.970327 3.587147
v 0.387791 1.080384 3.833620
v 0.310291 0.937144 3.846188
v 0.317460 1.094186 3.584553
v 0.392019 0.950815 3.639638
v 0.253916 0.942218 3.846305
v 0.230527 0.968160 3.580419
v 0.203190 1.035894 3.575470
v 0.294642 1.026737 3.850106
v 0.078488 1.016014 3.653656
v 0.239926 1.030621 3.848177
v 0.395713 0.999185 3.822540
v 0.352516 1.016214 3.603518
v 0.354982 1.013380 3.844454
v 0.130016 1.027556 3.598271
v 0.172255 1.022452 3.839677
v 0.411543 1.004128 3.669728
v 0.075111 1.010386 3.733984
v 0.111064 1.008680 3.806881
v 0.275850 1.030007 3.575258
v 0.414965 0.999649 3.757408
v 0.386859 0.512208 3.790113
v 0.351832 0.609430 3.879486
v 0.265088 0.681925 3.625141
v 0.094118 0.581801 3.622523
v 0.054203 0.617343 3.893461
v -0.025590 0.530542 3.834651
v 0.357447 0.631440 3.669140
v 0.385109 0.527733 3.696828
v -0.021297 0.622493 3.738063
v 0.006624 0.543140 3.673300
v 0.285520 0.608739 3.914557
v 0.122595 0.517124 3.918122
v 0.160922 0.582921 3.607024
v 0.185035 0.511733 3.918038
v 0.233374 0.554158 3.917776
v 0.148950 0.642828 3.617396
v 0.369429 0.550567 3.844688
v 0.395409 0.557598 3.755572
v 0.212634 0.636280 3.610681
v 0.169142 0.554069 3.921434
v -0.016434 0.575214 3.705270
v 0.371826 0.572549 3.681244
v 0.002371 0.566579 3.868190
v 0.064634 0.614277 3.650982
v 0.085538 0.560870 3.909533
v -0.034627 0.567509 3.785815
v 0.296308 0.602127 3.632585
v 0.307059 0.557794 3.900272
v 0.331343 0.511975 3.873610
v 0.237830 0.572869 3.605848
v 0.029939 0.527372 3.888505
v 0.327586 0.542193 3.643557
v -0.044158 0.530392 3.732983
v 0.251689 0.512483 3.909607
v 0.279247 0.475196 3.893125
v 0.274556 0.518921 3.607313
v -0.045525 0.500569 3.777380
v 0.071599 0.493490 3.902815
v 0.036924 0.522870 3.633482
v -0.003931 0.501221 3.863645
v 0.357712 0.501135 3.650201
v -0.034087 0.501623 3.687987
v 0.147474 0.483948 3.917747
v 0.184590 0.531800 3.591635
v 0.394874 0.487310 3.729157
v 0.361276 0.477326 3.829581
v 0.112124 0.538097 3.599262
v 0.203681 0.479127 3.913143
v 0.313842 0.161073 2.598538
v 0.347835 0.116515 2.345040
v -0.253047 0.134805 2.300364
v -0.287451 0.023922 2.594528
v 0.345217 0.178844 2.493896
v -0.260386 0.186325 2.453599
v -0.288002 0.021030 2.416920
v 0.177166 0.279586 2.854862
v 0.210783 0.217029 2.796156
v -0.156628 0.335834 2.690366
v -0.270687 0.024663 2.728341
v 0.251888 0.253322 2.690829
v -0.238529 0.261993 2.599547
v 0.320748 0.190021 2.314352
v 0.319652 0.277902 2.466304
v 0.248663 0.322557 2.618815
v 0.348590 0.198093 2.406681
v 0.319047 0.116654 2.287972
v 0.292375 0.046571 2.250734
v 0.195404 0.317344 2.730848
v 0.301454 0.267151 2.578391
v 0.281768 0.231768 2.210660
v 0.222705 0.128254 2.083373
v 0.276198 0.308793 2.333920
v -0.099717 0.385128 2.576076
v 0.258557 0.095423 2.195416
v 0.279598 0.325769 2.481256
v 0.305523 0.261528 2.333804
v 0.288107 0.168379 2.222043
v -0.160636 0.092304 2.008627
v 0.264362 0.244965 2.074734
v -0.251629 0.190549 2.093915
v 0.251828 0.318785 2.212450
v -0.251404 0.257406 2.238645
v -0.148963 0.392589 2.454073
v 0.209381 0.375213 2.377303
v -0.220371 0.330424 2.385102
v 0.243808 0.347646 2.360118
v 0.270114 0.273109 2.200200
v 0.263173 0.205423 2.105648
v -0.245428 0.257634 2.434034
v -0.256718 0.189528 2.273626
v -0.100520 0.334268 2.812081
v 0.035921 0.369104 2.737950
v 0.060051 0.065939 2.007428
v 0.035790 0.437685 2.466671
v -0.189061 0.386562 2.330230
v 0.185863 0.406319 2.343009
v 0.061523 0.398252 2.608198
v 0.002251 0.349975 2.829425
v 0.115758 0.445089 2.372819
v 0.150394 0.324388 2.806624
v 0.179635 0.109470 2.006503
v 0.248732 0.229930 1.971006
v 0.003259 0.464425 2.376192
v 0.148535 0.404771 2.462647
v 0.115442 0.329638 2.856620
v -0.097240 0.443616 2.370792
v -0.233751 0.330235 2.224506
v -0.251917 0.250241 2.077035
v 0.259220 0.290201 2.064067
v -0.244652 0.139053 2.156104
v -0.045657 0.365207 2.713253
v -0.037568 0.069528 2.006394
v 0.229317 0.361712 2.224974
v 0.138605 0.100321 1.941856
v -0.044276 0.433117 2.462471
v -0.197844 0.296455 2.801127
v 0.204755 0.158302 1.948143
v -0.198738 0.333285 2.549533
v 0.021893 0.038647 2.114783
v -0.233219 0.184224 1.967805
v -0.191254 0.131905 1.942744
v -0.100298 0.097517 1.939020
v 0.021313 0.081115 1.939756
v 0.002846 0.403684 2.593077
v -0.140859 0.124719 1.882876
v 0.252831 0.277846 1.936116
v 0.197067 0.403057 1.603601
v -0.235522 0.238101 1.941917
v 0.244097 0.339530 2.053403
v -0.237076 0.321310 2.061805
v -0.160981 0.329891 1.586597
v -0.138281 0.442813 2.240678
v 0.213191 0.401587 2.185552
v -0.205841 0.387584 2.171594
v 0.059944 0.093680 1.883292
v -0.071413 0.485401 1.296189
v 0.200304 0.477785 1.420255
v 0.198363 0.336648 1.582960
v 0.038988 0.487684 2.270306
v -0.078877 0.210347 1.562817
v 0.187971 0.461789 2.059638
v -0.067134 0.502306 2.084742
v -0.149153 0.445093 2.041121
v 0.168026 0.137408 1.886557
v 0.121203 0.504140 2.087866
v 0.018198 0.520151 2.090354
v 0.155203 0.452455 2.254310
v 0.236386 0.261030 1.833172
v 0.194902 0.183663 1.816062
v -0.202805 0.385371 1.982271
v -0.225281 0.303562 1.896050
v -0.031281 0.099025 1.882303
v -0.070316 0.123639 1.806085
v 0.243907 0.324506 1.889703
v -0.038595 0.483341 2.269933
v 0.226269 0.392758 1.984555
v -0.205442 0.218222 1.830404
v -0.157220 0.159781 1.813302
v 0.036574 0.107706 1.806278
v 0.135657 0.126431 1.808014
v -0.095790 0.158185 1.724837
v 0.231409 0.308505 1.767195
v 0.220831 0.148654 2.952400
v -0.255053 0.030719 3.163464
v -0.200295 0.281201 1.765645
v 0.227074 0.376962 1.810503
v -0.195917 0.368183 1.810660
v 0.036118 0.336068 2.907614
v -0.082211 0.501492 1.885493
v 0.202500 0.454079 1.861765
v -0.150685 0.439517 1.852920
v 0.074280 0.128617 1.719705
v 0.186310 0.263505 2.952163
v -0.262028 0.029226 2.904419
v -0.148719 0.306858 2.897343
v 0.053878 0.541788 1.898472
v 0.202922 0.213818 2.903529
v 0.120057 0.308046 2.957258
v 0.207346 0.290036 1.660988
v 0.173450 0.217919 1.643701
v -0.040635 0.168260 1.632057
v 0.160260 0.166877 1.725737
v 0.214468 0.356829 1.684401
v -0.120524 0.206420 1.643855
v 0.150900 0.513762 1.894127
v 0.046263 0.155701 1.632260
v 0.125441 0.171269 1.632943
v -0.181258 0.347023 1.682542
v -0.166290 0.269403 1.658348
v 0.002384 0.131886 1.718790
v -0.154855 0.422260 1.712859
v 0.028440 0.539553 1.756277
v -0.006158 0.539131 1.899359
v 0.113559 0.528707 1.758871
v 0.202889 0.428640 1.715081
v 0.167911 0.492754 1.748023
v -0.036987 0.526269 1.756864
v -0.103228 0.474560 1.737769
v -0.154444 0.399748 1.608505
v -0.030202 0.519145 1.329044
v -0.068892 0.493828 1.648985
v 0.175869 0.463178 1.632127
v -0.120393 0.451941 1.631017
v 0.065394 0.185577 1.558049
v 0.050349 0.553464 0.878511
v -0.095690 0.440611 1.267500
v 0.047436 0.525737 1.651596
v 0.231228 0.360155 1.398052
v -0.098475 0.378244 1.251664
v 0.227353 0.421828 1.409608
v 0.314760 0.557998 0.927092
v 0.138760 0.214368 1.559112
v -0.074784 0.315933 1.256752
v 0.092311 0.580387 0.898250
v 0.131832 0.504602 1.651464
v 0.154000 0.482092 1.562176
v 0.104075 0.509390 1.570376
v 0.184995 0.314725 1.510025
v -0.157272 0.371817 1.542373
v 0.003478 0.187729 1.557842
v -0.039813 0.217433 1.515045
v -0.003952 0.523998 1.653835
v -0.144778 0.311705 1.530476
v 0.039961 0.207869 1.511887
v 0.112825 0.219451 1.505104
v 0.149955 0.301413 2.907557
v -0.044506 0.333570 2.903497
v 0.052937 0.346592 3.161396
v 0.314611 0.089746 2.613826
v -0.266517 0.188055 2.577807
v -0.269250 0.128653 2.407086
v 0.225290 0.121626 2.802980
v -0.233710 0.264562 2.711049
v -0.216366 0.263860 2.897300
v 0.219975 0.121515 2.905291
v 0.194613 0.375519 1.519474
v 0.184048 0.436926 1.538050
v 0.161193 0.353033 3.237260
v -0.184274 0.281461 2.953875
v -0.093664 0.315651 2.957452
v 0.005869 0.330606 2.958137
v -0.228444 0.228047 2.956539
v -0.094990 0.466927 1.572035
v -0.132480 0.433685 1.558070
v 0.025004 0.517029 1.571464
v -0.035242 0.507206 1.578307
v -0.238861 0.239453 2.812888
v -0.263170 0.199505 2.654363
v 0.210348 0.160168 2.860166
v 0.265297 0.141070 2.709631
v -0.282161 0.131145 2.502774
v 0.042699 0.326780 3.009192
v -0.253426 0.027962 3.011252
v -0.139545 0.300394 3.006453
v 0.219441 0.203031 3.009344
v -0.223969 0.227913 3.079596
v 0.161449 0.291974 3.008914
v -0.037561 0.324459 3.009192
v 0.012149 0.335835 3.081193
v -0.206733 0.255608 3.005838
v 0.238668 0.110842 3.010269
v -0.179799 0.286962 3.076931
v -0.088956 0.320653 3.080509
v 0.261451 0.148035 3.084088
v 0.131144 0.312519 3.081393
v 0.212414 0.266094 3.082772
v -0.138573 0.316394 3.158647
v 0.272576 0.219968 3.163714
v 0.188024 0.311756 3.162200
v -0.031689 0.341941 3.161396
v 0.263512 0.300982 3.238659
v 0.030961 0.360780 3.237056
v -0.207706 0.264160 3.158029
v 0.304728 0.124334 3.164643
v -0.230326 0.211123 3.235434
v -0.181626 0.301504 3.232728
v -0.080304 0.342588 3.236361
v 0.331128 0.178986 3.239995
v -0.266510 0.037107 3.309215
v 0.316532 0.379601 3.455860
v 0.080882 0.384467 3.304490
v -0.133113 0.342882 3.307436
v 0.332354 0.263105 3.307071
v -0.198884 0.353710 3.414071
v 0.233299 0.361563 3.306051
v -0.011576 0.369656 3.311357
v 0.187615 0.399254 3.360390
v -0.216759 0.253635 3.299621
v 0.370462 0.158047 3.304722
v 0.381320 0.214195 3.357577
v -0.273552 0.204882 3.409887
v -0.069084 0.385041 3.399258
v 0.038793 0.430939 3.442462
v -0.284215 0.038178 3.457924
v 0.080963 0.443391 3.455725
v -0.135892 0.404251 3.489555
v 0.382342 0.317681 3.472916
v 0.255158 0.424616 3.480512
v -0.003064 0.441526 3.509277
v -0.277048 0.206344 3.479180
v -0.249110 0.281335 3.423715
v 0.426215 0.197410 3.425452
v -0.200674 0.358051 3.486080
v -0.088840 0.424043 3.587140
v 0.428190 0.246252 3.491351
v 0.323849 0.376497 3.865327
v 0.373033 0.365379 3.569604
v -0.269272 0.038459 3.565539
v 0.408372 0.332695 3.716196
v 0.203675 0.447063 3.504949
v -0.139209 0.392886 3.597403
v 0.416728 0.293987 3.604366
v -0.150939 0.342928 3.671939
v 0.009009 0.419692 3.871683
v -0.229183 0.281262 3.555193
v 0.434255 0.201204 3.562231
v 0.316418 0.421135 3.549571
v -0.085266 0.402429 3.708636
v 0.423121 0.243370 3.681949
v -0.215316 0.206670 3.670554
v -0.173267 0.039042 3.782623
v 0.373570 0.329427 3.835817
v -0.084857 0.368540 3.774676
v 0.403415 0.287254 3.787595
v -0.084280 0.319840 3.838221
v -0.071237 0.429456 3.668059
v 0.223295 0.408594 3.902827
v 0.127926 0.264665 3.981141
v -0.141295 0.268603 3.776438
v 0.401387 0.203930 3.784004
v -0.067919 0.027914 3.963032
v -0.039992 0.391066 3.830459
v 0.378678 0.244492 3.846599
v -0.134280 0.204865 3.842934
v -0.118682 0.038416 3.880484
v 0.113582 0.406824 3.910810
v -0.107466 0.708481 0.139085
v -0.122202 0.292529 1.471730
v -0.040571 0.352683 3.867143
v 0.351470 0.283712 3.874353
v 0.004187 0.259583 3.924889
v 0.272135 0.365351 3.892056
v 0.037387 0.403035 3.892067
v 0.195525 0.409581 1.471269
v -0.147254 0.350404 1.474619
v -0.091624 0.254456 3.875355
v 0.356128 0.201809 3.884774
v -0.055680 0.154089 3.926084
v 0.004295 0.365746 3.889243
v 0.315866 0.313148 3.895888
v 0.324609 0.202098 3.941329
v 0.079962 0.385380 3.918875
v 0.214004 0.299534 3.954065
v 0.049797 0.247528 3.966563
v 0.298118 0.206254 3.968425
v 0.176387 0.199114 4.022709
v 0.243194 0.243670 3.974097
v 0.087091 0.263079 3.977538
v -0.007332 0.181462 3.959592
v 0.309479 0.153797 3.970000
v -0.032771 0.114118 4.003852
v 0.025496 0.182183 4.010987
v 0.072340 0.201852 4.020812
v 0.102186 0.207172 4.023318
v 0.241593 0.184589 4.018162
v 0.269248 0.150079 4.018432
v 0.196293 0.350753 1.462247
v -0.140516 0.410323 1.484505
v -0.061046 0.489960 1.506854
v 0.175313 0.462400 1.489723
v -0.109062 0.455012 1.497241
v 0.068365 0.224425 1.464944
v 0.353948 0.467624 1.212960
v -0.024121 0.416584 1.042834
v 0.358878 0.393464 1.200986
v 0.051426 0.515390 1.501618
v 0.060346 0.279155 1.068013
v -0.021388 0.491542 1.059355
v 0.351526 0.677289 0.083333
v 0.053212 0.585574 1.124256
v 0.321481 0.534927 1.223339
v 0.006005 0.545228 1.089478
v 0.133152 0.498034 1.502844
v 0.166063 0.489251 1.454247
v 0.117432 0.516907 1.448333
v -0.127037 0.393458 1.366045
v 0.008451 0.226424 1.465855
v -0.013274 0.243575 1.377055
v -0.113906 0.335929 1.361115
v 0.001756 0.514721 1.505242
v -0.079281 0.277963 1.367742
v 0.199517 0.443992 1.441566
v 0.062853 0.232078 1.393964
v 0.134042 0.240148 1.404804
v 0.176974 0.293360 1.459671
v 0.212544 0.384675 1.430083
v -0.072932 0.483168 1.403717
v -0.105789 0.451920 1.383425
v 0.042458 0.526392 1.429784
v -0.016737 0.519608 1.421970
v 0.204056 0.327375 1.422082
v 0.106477 0.233837 1.333517
v 0.024425 0.518927 0.858734
v 0.078920 0.539989 1.377584
v 0.340520 0.471508 0.901814
v 0.020259 0.472702 0.846593
v 0.338000 0.516897 0.911573
v 0.176205 0.254069 1.362813
v 0.043411 0.428133 0.847933
v 0.154859 0.517085 1.414968
v 0.263594 0.543098 1.308459
v 0.013361 0.549116 1.303308
v 0.049650 0.239225 1.307014
v 0.147456 0.541206 1.373718
v 0.126747 0.595230 1.245517
v 0.030318 0.541864 1.358012
v -0.041006 0.511731 1.264300
v 0.027334 0.249463 1.242612
v -0.069504 0.479646 1.231228
v 0.307618 0.486120 1.303976
v -0.087228 0.417243 1.203247
v -0.036895 0.364571 1.113621
v 0.102487 0.233909 1.283918
v 0.239281 0.233578 1.233185
v 0.245656 0.333192 1.364338
v 0.326392 0.411846 1.293131
v 0.213692 0.241977 1.131167
v 0.341566 0.572537 0.572144
v 0.030369 0.530073 0.577882
v 0.342582 0.532456 0.564979
v 0.180135 0.610220 1.176825
v 0.099847 0.460034 0.576310
v 0.036090 0.570983 0.585934
v -0.079356 0.731029 0.093233
v 0.106895 0.626257 0.606577
v 0.294942 0.266062 1.163038
v 0.321816 0.608781 0.589647
v 0.063946 0.601907 0.597713
v 0.268008 0.582312 1.216894
v 0.301160 0.566655 1.092324
v 0.348477 0.400742 1.059524
v 0.249227 0.595491 1.080419
v 0.147771 0.248705 1.102623
v 0.170931 0.606075 1.051344
v 0.107276 0.599651 1.035156
v 0.123549 0.612660 1.155553
v 0.048997 0.562941 1.007683
v 0.197748 0.304350 1.008942
v 0.356781 0.459382 1.070504
v 0.340504 0.520177 1.082325
v 0.273955 0.311957 1.029916
v 0.318374 0.344754 1.045835
v 0.017074 0.531441 0.981307
v -0.003110 0.471863 0.958803
v 0.011744 0.412786 0.953892
v 0.117815 0.316977 0.981481
v 0.220126 0.375067 0.877874
v 0.197839 0.599388 0.915397
v 0.287127 0.392081 0.886807
v 0.272592 0.585837 0.932612
v 0.130691 0.611035 0.761583
v 0.332326 0.486087 0.731899
v 0.164660 0.376821 0.866989
v 0.299600 0.595173 0.766940
v 0.150999 0.599137 0.909288
v 0.254784 0.612597 0.767674
v 0.185092 0.616859 0.759865
v 0.078316 0.584939 0.752646
v 0.046964 0.562566 0.737425
v 0.131562 0.424575 0.722771
v 0.202180 0.418907 0.728694
v 0.267721 0.425923 0.728186
v 0.306236 0.448629 0.729863
v 0.340406 0.524868 0.736994
v 0.329203 0.564839 0.749358
v 0.026533 0.522348 0.724401
v 0.038353 0.483897 0.719013
v 0.225267 0.446258 0.573098
v -0.162438 0.658150 0.149033
v 0.208784 0.644089 0.600007
v 0.394244 0.584890 0.059144
v -0.182482 0.589734 0.156767
v 0.393243 0.632596 0.070755
v -0.258944 0.479215 0.025668
v 0.289461 0.461901 0.566669
v -0.149155 0.523178 0.156838
v 0.339415 0.562383 0.017634
v 0.282478 0.633041 0.602145
v 0.133610 0.663120 0.446029
v 0.337258 0.534122 0.398957
v 0.037073 0.531973 0.419236
v 0.346406 0.574151 0.401484
v 0.171123 0.447185 0.573925
v 0.025676 0.571664 0.424311
v 0.163746 0.643399 0.603865
v 0.258388 0.664685 0.438094
v 0.187790 0.669123 0.437932
v 0.130997 0.470686 0.415060
v 0.202315 0.464799 0.413289
v 0.267766 0.472027 0.405099
v 0.080350 0.636211 0.444093
v 0.047385 0.613155 0.433332
v 0.335727 0.615397 0.413415
v 0.303886 0.646684 0.433063
v 0.025199 0.523129 0.284772
v 0.353799 0.613076 0.259237
v 0.000230 0.568028 0.285312
v 0.354712 0.569839 0.251768
v 0.006778 0.614869 0.290391
v 0.078671 0.675742 0.297176
v 0.327359 0.652170 0.275806
v 0.037871 0.650140 0.297940
v 0.210714 0.478817 0.261180
v 0.197761 0.690268 0.287366
v 0.279153 0.678339 0.287592
v 0.029248 0.474635 0.154852
v 0.145381 0.486068 0.142593
v 0.263104 0.495557 0.124409
v 0.145889 0.476831 0.264814
v -0.045884 0.663850 0.203018
v -0.076357 0.607581 0.206095
v 0.141319 0.691305 0.289227
v -0.060359 0.553003 0.206745
v 0.371993 0.557841 0.135182
v 0.315726 0.682416 0.164388
v 0.386404 0.602142 0.140453
v 0.329536 0.527752 0.250665
v 0.369844 0.647790 0.154288
v -0.020751 0.499067 0.199757
v 0.033985 0.714199 0.159940
v -0.006472 0.692584 0.196359
v 0.250292 0.702338 0.168538
v 0.144336 0.709028 0.164521
v 0.162415 0.504402 0.052913
v 0.042231 0.549208 0.018937
v 0.184388 0.661406 0.031374
v 0.192620 0.607658 0.010871
v 0.164541 0.710317 0.083614
v 0.119946 0.694463 0.042487
v 0.143539 0.583159 0.009391
v 0.136504 0.634845 0.020662
v 0.245242 0.560881 0.002226
v 0.303443 0.514431 0.039727
v 0.338103 0.659969 0.042641
v 0.352369 0.609115 0.024022
v 0.293438 0.698830 0.085519
v 0.288855 0.633653 0.018381
v 0.288029 0.585080 0.005802
v 0.266150 0.688574 0.046054
v 0.032836 0.486048 0.064341
v 0.030929 0.672066 0.024961
v 0.037008 0.607261 0.016342
v 0.037229 0.721784 0.067711
v -0.215596 0.625014 0.003728
v -0.082283 0.716171 0.019289
v -0.088618 0.578913 0.016445
v -0.087808 0.648458 0.014695
v -0.184277 0.702484 0.005964
v -0.094393 0.177517 4.518830
v -0.264193 0.024149 4.090835
v 0.104810 0.157010 4.071956
v 0.022425 0.152405 4.203773
v -0.098788 0.026534 4.048508
v 0.041940 0.152576 4.065908
v 0.218084 0.133281 4.075052
v -0.206346 0.122189 4.192696
v 0.173574 0.150609 4.073708
v 0.080474 0.156640 4.070741
v 0.172516 0.119412 4.125193
v 0.081677 0.134389 4.112801
v 0.052899 0.133044 4.107366
v -0.011443 0.121560 4.054433
v 0.230729 0.101456 4.076608
v 0.194623 0.091675 4.130539
v 0.129352 0.131865 4.121331
v -0.035503 0.088964 4.086644
v 0.006659 0.123636 4.097850
v -0.245800 0.736090 0.058635
v -0.216995 0.745132 0.035415
v -0.383514 0.643176 0.023732
v -0.338072 0.682339 0.061515
v -0.392927 0.493510 0.027458
v -0.415580 0.605944 0.061703
v -0.296099 0.722016 0.026660
v -0.441661 0.573388 0.020471
v -0.233247 0.737633 0.009964
v -0.350657 0.604114 -0.000418
v -0.288210 0.680322 0.002733
v -0.161505 0.742435 0.022031
v -0.315877 0.565152 0.107083
v -0.299708 0.633600 0.105845
v -0.161793 0.736055 0.080811
v -0.242187 0.555475 0.006680
v -0.225714 0.707493 0.097484
v 0.080248 0.128690 4.146533
v -0.105794 0.024741 4.097741
v 0.015846 0.124790 4.127803
v 0.167143 0.090106 4.170487
v 0.138247 0.118371 4.162239
v 0.054047 0.128598 4.139131
v 0.147245 0.102778 4.222661
v 0.051163 0.130993 4.158537
v -0.028023 0.142599 4.162161
v -0.027262 0.103675 4.114162
v 0.180452 0.059891 4.175940
v 0.171602 0.067143 4.200550
v 0.111620 0.127130 4.178359
v -0.074877 0.090453 4.106363
v -0.084911 0.135293 4.135415
v -0.072462 0.151375 4.175969
v 0.172185 0.087810 4.258468
v -0.282976 0.030918 4.443970
v 0.121347 0.129034 4.238283
v -0.020458 0.152331 4.193978
v 0.095410 0.161310 4.281218
v 0.037905 0.190572 4.488340
v -0.148395 0.128653 4.136608
v 0.199454 0.053946 4.264491
v -0.115800 0.160873 4.224335
v -0.048750 0.167353 4.247506
v 0.201569 0.078864 4.312041
v 0.159653 0.120418 4.301807
v -0.000596 0.167836 4.257370
v 0.007738 0.169652 4.578400
v -0.299588 0.028896 4.274764
v 0.027595 0.182650 4.337778
v 0.012810 0.190517 4.413824
v 0.112487 0.184091 4.432814
v -0.076422 0.181780 4.318319
v 0.197633 0.111146 4.374200
v -0.109315 0.183816 4.390501
v 0.138163 0.158328 4.362124
v -0.018819 0.182570 4.331041
v -0.229442 0.030065 4.592618
v -0.018190 0.155999 4.606760
v -0.165969 0.158675 4.298380
v 0.227400 0.068929 4.378371
v -0.208584 0.144667 4.376434
v -0.037395 0.190100 4.406616
v 0.182644 0.142556 4.445685
v 0.226948 0.095729 4.452881
v -0.062983 0.190039 4.471076
v 0.204007 0.126545 4.521772
v 0.091648 0.179292 4.553965
v 0.146238 0.169590 4.509867
v -0.007368 0.190523 4.482386
v -0.148966 0.168830 4.456489
v 0.231749 0.083326 4.528483
v -0.170883 0.144885 4.515837
v -0.038346 0.182272 4.531303
v 0.004179 0.182432 4.537259
v 0.150240 0.156914 4.565241
v 0.184375 0.120418 4.584195
v -0.072074 0.169565 4.562281
v 0.126386 0.151950 4.607680
v 0.095212 0.166641 4.593092
v 0.056820 0.155986 4.618268
v -0.029722 0.169644 4.573621
v -0.064178 0.155990 4.597569
v -0.033704 0.119656 4.644027
v -0.113438 0.157992 4.559514
v 0.138018 0.114622 4.632704
v 0.051235 0.119650 4.653626
v -0.093083 0.119651 4.629762
v -0.049621 0.139858 4.625897
v 0.089518 0.139847 4.637589
v -0.004338 0.139860 4.632493
v -0.110424 0.139848 4.598042
v 0.087958 0.360427 2.759960
v 0.116138 0.072596 2.008117
v 0.086367 0.428549 2.470171
v 0.108649 0.101391 1.883861
v 0.089273 0.478997 2.269560
v 0.087818 0.324896 2.911282
v 0.112332 0.135657 1.719536
v 0.096551 0.536475 1.900246
v 0.098113 0.190954 1.556385
v 0.084752 0.522259 1.653740
v 0.107802 0.336787 3.161396
v 0.095767 0.315078 3.009192
v 0.141801 0.388182 3.304348
v 0.151620 0.440949 3.452741
v 0.175564 0.258090 3.981141
v 0.177566 0.397709 3.911000
v 0.099969 0.228214 1.461735
v 0.087578 0.512852 1.503351
v 0.137933 0.236236 1.345389
v 0.112036 0.535223 1.395520
v 0.250385 0.244753 1.144142
v 0.218388 0.604323 1.195989
v 0.250235 0.377783 0.880874
v 0.230633 0.597370 0.924291
v 0.253978 0.448933 0.569533
v 0.241335 0.642720 0.602010
v 0.245507 0.481611 0.255293
v 0.233744 0.688786 0.288593
v 0.230373 0.506667 0.039774
v 0.243102 0.661199 0.027799
v 0.250360 0.607688 0.006632
v 0.220256 0.708890 0.084718
v 0.191095 0.560386 0.007178
v 0.128772 0.155279 4.073027
v 0.066542 0.152055 4.216312
v 0.104967 0.128259 4.154327
v 0.084483 0.190341 4.497579
v 0.045351 0.169615 4.585917
v 0.075205 0.182272 4.347724
v 0.029727 0.139856 4.637815
v 0.017145 0.155994 4.612164
v 0.006865 0.119654 4.650038
v 0.045057 0.182346 4.543735
v 0.059413 0.190292 4.421229
v 0.044519 0.167575 4.266752
v 0.052667 0.143025 4.184473
v 0.103278 0.133904 4.116511
v 0.200585 0.690655 0.044995
v 0.219654 0.633422 0.017357
v 0.222429 0.584713 0.004215
v 0.201409 0.706272 0.167684
v 0.209371 0.490808 0.132958
v 0.223562 0.668239 0.437485
v 0.237386 0.466625 0.409403
v 0.220464 0.616020 0.763357
v 0.237243 0.420684 0.728832
v 0.210834 0.602773 1.065781
v 0.238365 0.305355 1.020364
v 0.201443 0.226347 1.217095
v 0.168523 0.589947 1.266960
v 0.100898 0.233415 1.400036
v 0.080554 0.523588 1.438836
v 0.136099 0.204298 4.023495
v 0.153972 0.310395 3.956781
v 0.112735 0.433352 3.426678
v 0.096436 0.364804 3.237056
v 0.072816 0.327472 3.081193
v 0.065081 0.322466 2.958137
v 0.061505 0.343379 2.844546
v 0.079031 0.210862 1.508357
v 0.065042 0.515330 1.570661
v 0.088598 0.159756 1.632048
v 0.071577 0.536911 1.757808
v 0.089622 0.112212 1.806703
v 0.070729 0.515722 2.090598
v -0.108836 0.046173 2.114609
v 0.159529 0.054847 2.111103
v 0.115768 0.387371 2.614125
v 0.061431 0.458643 2.375770
v 0.084085 0.085664 1.940522
v 0.303068 0.346003 3.365967
v -0.188429 0.327843 3.355659
v 0.191330 0.424539 3.430212
v 0.407225 0.238378 3.412902
v -0.250796 0.195177 3.355661
v -0.064803 0.424381 3.506842
v 0.044496 0.398182 3.367023
v 0.115417 0.407928 3.359730
v 0.080570 0.420633 3.401762
v -0.008120 0.417343 3.450089
v -0.277746 0.038129 3.419452
v -0.237301 0.273249 3.385584
v 0.248838 0.398539 3.410801
v 0.405377 0.180110 3.381799
v -0.133043 0.388052 3.438041
v 0.147581 0.420754 3.400455
v 0.362104 0.297041 3.407146
v -0.286626 0.074687 2.593598
v -0.286331 0.052896 2.418035
v -0.275539 0.097161 2.727016
v -0.258686 0.102379 3.162128
v -0.266028 0.103288 2.903088
v 0.314798 0.023774 2.619967
v 0.226387 0.030289 2.805017
v 0.221474 0.030266 2.906224
v -0.257117 0.097740 3.009922
v 0.240211 0.028085 3.011147
v 0.306295 0.030842 3.165525
v -0.269451 0.100119 3.307016
v 0.370829 0.037731 3.303809
v -0.292504 0.099761 3.450630
v 0.407734 0.027430 3.424654
v -0.275280 0.100595 3.563156
v 0.414373 0.025585 3.563263
v -0.179496 0.102322 3.781060
v 0.383880 0.028762 3.785036
v -0.062219 0.067901 3.961802
v -0.124079 0.100468 3.878944
v 0.354694 0.044053 3.885791
v 0.311417 0.037573 3.970812
v -0.245009 0.057759 4.096736
v -0.075205 0.055838 4.047889
v 0.238039 0.026064 4.077498
v -0.082650 0.053140 4.101641
v 0.187510 0.016031 4.177003
v -0.260103 0.078239 4.446664
v 0.214587 0.013343 4.265727
v -0.277764 0.072243 4.279837
v -0.203400 0.075711 4.582660
v 0.243325 0.016315 4.379494
v 0.245822 0.019658 4.532239
v -0.079868 0.029886 4.666111
v 0.140351 0.028457 4.653160
v 0.046170 0.029885 4.680960
v -0.145074 0.029885 4.651885
v -0.018903 0.029886 4.675143
v -0.279754 0.099616 3.412241
v 0.396332 0.039619 3.371834
v 0.388302 0.073348 3.344397
v -0.274763 0.069129 3.371037
v 0.015174 0.052736 4.677315
v -0.097847 0.052737 4.660570
v 0.089277 0.052733 4.674001
v -0.039862 0.052737 4.669161
v -0.175716 0.052733 4.628032
v 0.199157 0.041747 4.601188
v -0.250535 0.054182 4.523186
v -0.287613 0.053720 4.365401
v 0.252793 0.028852 4.454803
v 0.227048 0.023146 4.314348
v -0.280462 0.045723 4.174451
v -0.218087 0.039841 4.068491
v 0.202873 0.020363 4.237592
v -0.087239 0.042041 4.082352
v 0.203514 0.034051 4.132263
v -0.074155 0.045538 4.005200
v 0.274130 0.057430 4.019373
v -0.075304 0.053386 3.928875
v 0.328049 0.074428 3.943007
v -0.145286 0.071178 3.846268
v 0.370360 0.071491 3.849206
v -0.229683 0.070413 3.674063
v 0.406943 0.055053 3.677001
v 0.419066 0.054109 3.479884
v -0.291378 0.069439 3.494879
v -0.286509 0.069170 3.437668
v 0.406154 0.065597 3.393274
v 0.341513 0.061360 3.241005
v -0.263702 0.064644 3.238466
v 0.269147 0.050487 3.085083
v -0.256408 0.057308 3.082582
v -0.281782 0.048301 2.660676
v -0.270269 0.056093 2.817580
v -0.260883 0.057707 2.959525
v 0.226463 0.050886 2.953395
v 0.215719 0.054776 2.862185
v 0.268024 0.048587 2.715429
v -0.289001 0.041550 2.505290
v 0.392901 0.369172 3.784059
v 0.058494 0.457053 3.514326
v -0.044904 0.417265 3.793184
v 0.393033 0.380186 3.650179
v -0.031907 0.446568 3.587867
v 0.091714 0.427374 3.902597
v 0.129645 0.455803 3.501572
v 0.156248 0.421217 3.906814
v 0.272599 0.420674 3.890966
v 0.263633 0.454330 3.559093
v -0.051074 0.443319 3.749874
v 0.065012 0.445491 3.896611
v 0.026594 0.468965 3.585589
v -0.008616 0.442319 3.851773
v 0.360890 0.426602 3.609976
v -0.046577 0.451976 3.650538
v 0.139872 0.442846 3.907992
v 0.174644 0.470072 3.548302
v 0.398933 0.408632 3.716915
v 0.358267 0.407910 3.828995
v 0.110701 0.476738 3.550490
v 0.196212 0.435155 3.908420
v 0.314703 0.057060 2.616868
v 0.225833 0.076373 2.803989
v 0.220718 0.076306 2.905753
v 0.239432 0.069840 3.010704
v 0.305505 0.078014 3.165080
v 0.370644 0.098437 3.303350
v 0.417059 0.103938 3.424138
v 0.424405 0.103616 3.562742
v 0.392713 0.107888 3.784515
v 0.355418 0.122327 3.885278
v 0.309976 0.097969 3.970402
v 0.007765 0.264804 1.192208
v 0.286001 0.494640 0.251491
v 0.231906 0.064226 4.077049
v 0.185873 0.036750 4.176467
v 0.210469 0.029157 4.265103
v 0.238864 0.037969 4.378928
v 0.241849 0.047500 4.530942
v -0.056576 0.075180 4.660463
v 0.139621 0.071320 4.647114
v 0.048725 0.075176 4.672575
v -0.119730 0.075177 4.645532
v -0.005902 0.075179 4.667972
v 0.400896 0.109182 3.371345
v -0.282983 0.134417 2.592685
v -0.284690 0.086035 2.419129
v -0.260779 0.192660 2.725715
v -0.242017 0.189442 3.160817
v -0.249415 0.197223 2.901782
v -0.240504 0.186550 3.008615
v -0.254207 0.158167 3.304022
v -0.289149 0.160234 3.437620
v -0.271012 0.161610 3.559980
v -0.175868 0.164460 3.779526
v -0.051866 0.106440 3.960595
v -0.121110 0.161400 3.877433
v 0.222683 0.251634 1.296846
v 0.322686 0.427462 0.894710
v 0.286248 0.272590 1.258037
v -0.212965 0.090344 4.105910
v -0.051211 0.079406 4.047282
v -0.059042 0.074845 4.105472
v -0.223557 0.124706 4.449310
v -0.242247 0.114808 4.285382
v -0.165501 0.120533 4.571520
v 0.000353 0.289962 1.128144
v -0.275010 0.158932 3.399313
v 0.307042 0.495458 0.401466
v -0.279498 0.044379 2.341752
v -0.287203 0.087765 2.505450
v 0.267714 0.089228 2.713224
v 0.215037 0.101441 2.861641
v -0.280547 0.024885 2.340824
v -0.228223 0.137050 2.022083
v -0.274397 0.066740 2.336325
v -0.165828 0.206801 1.738920
v -0.253359 0.081596 2.246045
v 0.225695 0.093764 2.952958
v 0.268379 0.092977 3.084646
v 0.340696 0.114433 3.240561
v 0.413340 0.151202 3.394598
v 0.428935 0.156940 3.479370
v 0.416917 0.158802 3.676487
v 0.375082 0.162833 3.848692
v 0.327528 0.139640 3.942586
v 0.272685 0.106098 4.018959
v 0.070645 0.446059 0.722499
v -0.070359 0.246163 1.468942
v -0.107886 0.251250 1.524685
v 0.003352 0.341517 1.048362
v 0.047588 0.352907 0.963896
v 0.053001 0.491063 0.577272
v 0.091385 0.392310 0.854800
v 0.200978 0.062774 4.131777
v 0.196985 0.039305 4.236984
v 0.220021 0.045234 4.313758
v 0.245701 0.056495 4.454255
v 0.195391 0.078835 4.594159
v -0.146223 0.097410 4.615796
v -0.021272 0.097417 4.656791
v 0.089705 0.097410 4.659781
v -0.073236 0.097416 4.649093
v 0.022236 0.097415 4.663238
v 0.390120 0.138089 3.345752
v -0.270987 0.128704 3.363894
v 0.070343 0.487893 0.275988
v -0.218634 0.100268 4.519119
v -0.257928 0.099358 4.370301
v -0.252696 0.083577 4.181462
v -0.193060 0.069487 4.076657
v -0.114780 0.474004 0.109699
v 0.069944 0.492886 0.420721
v -0.062513 0.063454 4.083771
v -0.383357 0.523688 0.000191
v 0.120762 0.526272 0.021610
v -0.274905 0.495068 0.091373
v 0.273446 0.533597 0.005843
v -0.058758 0.075320 4.003959
v -0.071790 0.098697 3.927610
v -0.144492 0.133807 3.844726
v -0.228073 0.132298 3.672521
v -0.290383 0.130376 3.487594
v -0.285516 0.129844 3.424687
v -0.258472 0.140086 3.237134
v -0.251406 0.146902 3.081270
v -0.278691 0.129515 2.659385
v 0.095433 0.041013 2.115561
v 0.325679 0.062820 2.294393
v -0.265576 0.154449 2.816267
v 0.233523 0.346330 2.525096
v 0.239430 0.043350 2.229903
v 0.259747 0.153143 2.152094
v -0.255881 0.147689 2.958213
v 0.217109 0.274258 1.343541
v 0.196797 0.509338 1.393964
v -0.039236 0.289355 1.213649
v 0.059013 0.588871 1.217803
v 0.208566 0.579769 1.288213
v 0.074094 0.554643 1.331022
v -0.001621 0.545851 1.178795
v 0.074598 0.244058 1.157107
v -0.033403 0.508932 1.145724
v 0.236271 0.459822 1.389481
v -0.053170 0.437123 1.117742
v -0.072635 0.354193 1.199126
v 0.158413 0.226160 1.198413
v 0.174997 0.240356 1.318690
v 0.318085 0.340405 1.278834
v 0.253105 0.395276 1.378636
v 0.141070 0.234072 1.302600
v 0.111552 0.550051 1.352465
v 0.225455 0.209560 1.893033
v 0.185967 0.365961 2.547729
v 0.178561 0.269974 1.568764
v -0.203305 0.169494 1.887699
v 0.151584 0.563028 1.328958
v 0.148144 0.229809 1.261481
v 0.281250 0.368612 1.338249
v 0.181826 0.232215 1.275979
v -0.069532 0.391755 1.164398
v 0.276524 0.436826 1.350529
v 0.212992 0.300797 1.383125
v -0.067275 0.460652 1.181553
v 0.087813 0.236339 1.230244
v -0.042581 0.509791 1.213222
v -0.134217 0.262578 1.573112
v 0.116655 0.568683 1.308230
v 0.000329 0.546579 1.250267
v -0.044393 0.322507 1.170589
v -0.025649 0.264273 1.274961
v 0.246277 0.498746 1.360084
v 0.196969 0.542500 1.351787
v 0.261907 0.303057 1.320910
v 0.175780 0.272522 1.413937
v 0.064766 0.571179 1.284644
v -0.046047 0.299760 3.888647
v -0.096263 0.187848 3.891462
v 0.048448 0.302889 3.936236
v 0.297399 0.265551 3.938654
v 0.341624 0.232416 3.905725
v 0.099684 0.315625 3.954062
v 0.214881 0.365237 3.919587
v 0.145005 0.379723 3.923929
v -0.107872 0.065274 3.894499
v 0.344482 0.082967 3.908982
v 0.343884 0.157069 3.908499
v -0.106083 0.122156 3.893049
v -0.092099 0.084995 3.905144
v 0.335428 0.182879 3.925318
v 0.335984 0.113831 3.925767
v -0.095060 0.033197 3.906520
v 0.120255 0.354388 3.940887
v 0.178722 0.346053 3.940887
v 0.326738 0.257980 3.918606
v 0.054720 0.351156 3.922943
v -0.088683 0.135859 3.903793
v -0.053756 0.228017 3.901620
v 0.263140 0.320366 3.926504
v 0.336551 0.042924 3.926226
v -0.001268 0.319249 3.902561
v 0.320336 0.515964 0.127245
v 0.355515 0.537872 0.049768
v -0.417362 0.531931 0.056406
v 0.204409 0.531525 0.011168
v 0.324453 0.493443 0.564637
v -0.097612 0.505340 0.028148
v 0.337737 0.322134 1.184980
v 0.155856 0.255442 1.505641
v 0.139103 0.247084 1.459771
v 0.236751 0.180119 2.015173
v 0.209459 0.236058 1.740906
v 0.359119 0.083053 2.406204
v 0.345033 0.075003 2.505275
v 0.343035 0.027203 2.518393
v 0.343022 0.047057 2.516199
v 0.143222 0.499016 3.578079
v 0.318315 0.443188 3.866865
v 0.386345 0.445708 3.777886
v 0.171974 0.458045 3.911633
v 0.231741 0.451010 3.905354
v -0.010209 0.479974 3.643516
v 0.220837 0.491094 3.577985
v -0.028631 0.470816 3.822402
v 0.028010 0.470724 3.882792
v 0.387503 0.454179 3.667781
v 0.112191 0.464718 3.910009
v -0.052522 0.471319 3.709029
v 0.076198 0.501840 3.590600
v 0.316073 0.473215 3.604453
v 0.292010 0.102148 2.233193
v 0.210666 0.068326 2.175229
v -0.223664 0.071103 2.122927
v 0.155325 0.349595 2.712883
v 0.174627 1.802248 3.660561
v 0.197757 1.770286 3.733032
v 0.279478 2.131139 3.718291
v 0.323629 2.178118 3.690742
v 0.327625 2.118939 3.669876
v 0.280258 2.173072 3.647928
v 0.269709 2.168917 3.671311
v 0.338691 2.118665 3.684015
v 0.271262 2.144655 3.697351
v 0.334000 2.146016 3.689084
v 0.331285 2.138871 3.667632
v 0.268269 2.141189 3.668100
v 0.305954 2.153597 3.708538
v 0.300246 2.142986 3.657836
v 0.204058 2.136975 3.720939
v 0.245465 2.177991 3.698175
v 0.245202 2.125489 3.666049
v 0.204253 2.182904 3.644093
v 0.197257 2.127719 3.694728
v 0.255198 2.118883 3.690540
v 0.197422 2.151652 3.667258
v 0.253712 2.145727 3.697725
v 0.249613 2.142803 3.668881
v 0.198108 2.151048 3.701533
v 0.227155 2.155650 3.714185
v 0.222370 2.153329 3.651066
v 0.178226 2.128027 3.659883
v 0.129679 2.134357 3.655483
v 0.183754 2.137103 3.722114
v 0.177761 2.175554 3.676342
v 0.127722 2.145333 3.687760
v 0.148334 2.173347 3.709788
v 0.183465 2.149865 3.666755
v 0.166685 2.154850 3.719959
v 0.143019 2.133365 3.713783
v 0.128351 2.107356 3.682238
v 0.152180 2.125981 3.653823
v 0.183302 2.152725 3.701345
v 0.355470 2.130079 3.705677
v 0.384178 2.131327 3.694588
v 0.349990 2.113512 3.669664
v 0.350507 2.160290 3.666149
v 0.375777 2.075209 3.672634
v 0.389022 2.072997 3.691988
v 0.389458 2.099464 3.696535
v 0.386349 2.089633 3.672874
v 0.350926 2.147920 3.684747
v 0.363887 2.114136 3.661335
v 0.369701 2.133040 3.703296
v 0.348222 2.138846 3.666447
v 0.340875 1.631457 3.649743
v 0.170383 1.677487 3.711606
v 0.167902 1.626225 3.669112
v 0.320749 1.685290 3.766318
v 0.255862 1.635403 3.788923
v 0.346554 1.635651 3.764661
v 0.362391 1.680594 3.689387
v 0.369439 1.631742 3.734252
v 0.211332 1.680758 3.644111
v 0.283813 1.633875 3.622006
v 0.219657 1.682469 3.769964
v 0.181913 1.626565 3.754291
v 0.242486 1.633401 3.623079
v 0.291876 1.637381 3.787352
v 0.307970 1.663338 3.777257
v 0.226394 1.658868 3.632202
v 0.173454 1.653781 3.730896
v 0.355984 1.657671 3.670913
v 0.236665 1.660208 3.780869
v 0.200715 1.656802 3.764878
v 0.262520 1.659558 3.626708
v 0.368954 1.657885 3.709229
v 0.355170 1.659430 3.744743
v 0.275033 1.662162 3.781867
v 0.165082 1.652978 3.692166
v 0.311552 1.658192 3.638436
v 0.333159 1.662938 3.766448
v 0.189126 1.655839 3.653840
v 0.305599 1.953750 3.758979
v 0.345268 1.875367 3.737907
v 0.360241 1.863978 3.702922
v 0.286608 1.850179 3.625389
v 0.129799 1.936144 3.719499
v 0.139607 1.860883 3.696331
v 0.341525 1.901183 3.641808
v 0.358721 1.859879 3.672542
v 0.224520 1.955252 3.771648
v 0.199162 1.881357 3.764003
v 0.120429 1.906897 3.611923
v 0.188618 1.857473 3.621987
v 0.233850 1.853287 3.620734
v 0.277347 1.886856 3.767616
v 0.289934 1.920867 3.763585
v 0.201310 1.885171 3.612978
v 0.331672 1.914754 3.748681
v 0.314085 1.874091 3.634333
v 0.124072 1.881064 3.652797
v 0.153797 1.883409 3.613555
v 0.210005 1.918651 3.769813
v 0.355097 1.882047 3.654301
v 0.129972 1.895666 3.706144
v 0.166602 1.909918 3.745652
v 0.259931 1.875751 3.622920
v 0.372201 1.889818 3.683455
v 0.365645 1.899875 3.718295
v 0.254440 1.921450 3.770716
v 0.206442 1.806036 3.639025
v 0.247598 1.764248 3.643738
v 0.326208 1.805742 3.648120
v 0.351275 1.765752 3.708220
v 0.179132 1.767104 3.711024
v 0.287859 1.772135 3.760646
v 0.351736 1.764618 3.685821
v 0.332747 1.770102 3.736384
v 0.251820 1.825370 3.767923
v 0.283952 1.763444 3.641949
v 0.223459 1.773026 3.755932
v 0.312047 1.823629 3.752747
v 0.186073 1.763108 3.676924
v 0.187181 1.815404 3.735239
v 0.299990 1.798409 3.757903
v 0.227351 1.785608 3.640301
v 0.194293 1.783427 3.654452
v 0.324279 1.796193 3.745879
v 0.306663 1.783983 3.642615
v 0.236872 1.798783 3.763888
v 0.342055 1.785578 3.668394
v 0.180275 1.791295 3.723413
v 0.204904 1.795473 3.747653
v 0.263282 1.784799 3.634501
v 0.353604 1.787872 3.694871
v 0.343603 1.791400 3.723295
v 0.270866 1.798990 3.764783
v 0.172702 1.785572 3.689741
v 0.335780 1.679510 3.657301
v 0.178373 1.677651 3.676119
v 0.258372 1.683880 3.775576
v 0.339962 1.684016 3.751800
v 0.361644 1.680339 3.723079
v 0.283807 1.681488 3.633690
v 0.191173 1.679679 3.744490
v 0.246163 1.681571 3.634978
v 0.291177 1.684725 3.774680
v 0.180747 1.722424 3.711679
v 0.317521 1.725365 3.755108
v 0.355823 1.721619 3.689190
v 0.217387 1.722790 3.653554
v 0.225052 1.726297 3.758443
v 0.305974 1.705197 3.765784
v 0.231181 1.702169 3.642650
v 0.183262 1.701081 3.726365
v 0.349956 1.700500 3.674685
v 0.240625 1.704626 3.768682
v 0.207681 1.703589 3.753821
v 0.264292 1.702193 3.637488
v 0.361851 1.700949 3.703726
v 0.348588 1.702843 3.733305
v 0.275783 1.704765 3.770338
v 0.175568 1.699459 3.695739
v 0.309228 1.700838 3.647454
v 0.328423 1.705365 3.754821
v 0.197019 1.700695 3.662238
v 0.144397 1.564822 3.711421
v 0.328842 1.584813 3.794423
v 0.378860 1.577734 3.689879
v 0.196152 1.575375 3.620436
v 0.206130 1.572582 3.798848
v 0.355330 1.495100 3.628296
v 0.138190 1.480298 3.649229
v 0.248738 1.497842 3.826797
v 0.365261 1.498408 3.801156
v 0.391557 1.493842 3.765957
v 0.283830 1.498768 3.588852
v 0.155635 1.475848 3.782104
v 0.232052 1.496712 3.589314
v 0.293858 1.503038 3.823309
v 0.167990 1.535722 3.631350
v 0.345840 1.549327 3.797584
v 0.317775 1.543992 3.614289
v 0.137002 1.528509 3.682597
v 0.273024 1.548078 3.812741
v 0.372797 1.543177 3.775371
v 0.387974 1.542567 3.723967
v 0.257773 1.545388 3.597842
v 0.182063 1.531514 3.794484
v 0.226061 1.541265 3.813503
v 0.372124 1.542982 3.660811
v 0.147190 1.527121 3.743028
v 0.213573 1.542913 3.604223
v 0.313316 1.551245 3.807982
v 0.346699 1.576512 3.641101
v 0.155930 1.567424 3.661100
v 0.252991 1.579973 3.804184
v 0.354092 1.580349 3.779366
v 0.378351 1.576175 3.747028
v 0.283820 1.579434 3.608647
v 0.171324 1.565834 3.765498
v 0.238282 1.578322 3.609474
v 0.292675 1.583247 3.801841
v 0.158259 1.624924 3.711519
v 0.324524 1.638413 3.779430
v 0.370075 1.632605 3.689616
v 0.204250 1.631592 3.633066
v 0.213346 1.631202 3.783440
v 0.179326 1.600144 3.643412
v 0.339039 1.610260 3.780885
v 0.314438 1.605240 3.627240
v 0.152062 1.595266 3.687729
v 0.274102 1.609264 3.796183
v 0.363344 1.605526 3.758944
v 0.377773 1.604416 3.716063
v 0.260319 1.606620 3.613324
v 0.192067 1.598709 3.778605
v 0.231748 1.605057 3.796000
v 0.363468 1.604493 3.666229
v 0.161276 1.595052 3.736521
v 0.220449 1.605103 3.619229
v 0.310449 1.611364 3.791504
v 0.149089 0.102310 4.190197
v 0.014159 0.143264 4.174098
v 0.016822 0.129881 4.147767
v 0.181101 0.067225 4.234960
v 0.095869 0.137668 4.199842
v -0.154591 0.100133 4.090974
v -0.029480 0.120675 4.129878
v 0.079431 0.130755 4.166943
v -0.126959 0.040246 4.092304
v 0.186690 0.022389 4.203065
v 0.182951 0.042427 4.202505
v -0.103573 0.065319 4.097982
v -0.161254 0.054211 4.079937
v 0.184608 0.052907 4.219454
v 0.193142 0.030384 4.220035
v -0.181901 0.023925 4.073203
v 0.049365 0.137061 4.170818
v -0.087335 0.113005 4.112876
v -0.133935 0.080595 4.087112
v 0.126547 0.119780 4.197853
v 0.195538 0.013756 4.220627
v -0.029770 0.134484 4.145705
v 0.083877 0.136719 4.181761
v 0.164486 0.084371 4.213238
v 0.014775 0.136988 4.161434
v 0.277975 -0.723278 3.634480
v 0.129366 -0.744230 3.624937
v 0.369260 -0.675117 3.680591
v 0.040395 -0.701090 3.677445
v -0.000598 -0.669215 3.736390
v 0.408315 -0.680134 3.744130
v 0.398696 -0.650165 3.822384
v 0.006125 -0.672100 3.818497
v 0.359355 -0.654743 3.872256
v 0.295584 -0.658119 3.907151
v 0.163431 -0.666539 3.908993
v 0.078953 -0.668507 3.885159
v 0.310172 -0.893518 3.600617
v 0.154604 -0.903391 3.596051
v 0.390641 -0.885794 3.652466
v 0.082382 -0.882702 3.648433
v 0.050658 -0.871640 3.712049
v 0.420977 -0.874642 3.723017
v 0.402506 -0.857469 3.798514
v 0.074527 -0.856476 3.785415
v 0.358954 -0.849090 3.829749
v 0.299012 -0.854961 3.842338
v 0.189289 -0.862058 3.839355
v 0.130191 -0.855892 3.825017
v 0.324522 -1.141096 3.591280
v 0.211287 -1.152410 3.588480
v 0.393248 -1.124601 3.641006
v 0.153396 -1.146145 3.627321
v 0.131113 -1.410469 3.640452
v 0.124533 -1.145116 3.688398
v 0.361565 -1.425683 3.621136
v 0.420240 -1.122084 3.711331
v 0.407158 -1.121656 3.792518
v 0.180736 -1.424927 3.589975
v 0.286419 -1.431912 3.577471
v 0.144678 -1.141171 3.768527
v 0.390274 -1.129929 3.828549
v 0.339032 -1.150117 3.838425
v 0.239414 -1.158433 3.833937
v 0.181635 -1.150103 3.818802
v 0.324507 -1.214184 3.600791
v 0.218067 -1.222061 3.597430
v 0.394982 -1.204042 3.645045
v 0.172633 -1.213572 3.631652
v 0.189245 -1.729296 3.682308
v 0.145724 -1.207066 3.683620
v 0.329542 -1.727688 3.664609
v 0.422644 -1.199878 3.704915
v 0.410029 -1.194672 3.776186
v 0.218490 -1.730046 3.655486
v 0.283838 -1.728999 3.645738
v 0.166394 -1.198100 3.754017
v 0.389100 -1.194797 3.818257
v 0.340714 -1.210647 3.825840
v 0.245988 -1.217430 3.821466
v 0.202060 -1.210482 3.808183
v 0.113386 -1.403309 3.708765
v 0.399498 -1.424665 3.690823
v 0.398315 -1.419158 3.776631
v 0.146653 -1.400275 3.789080
v 0.370687 -1.423070 3.813900
v 0.338305 -1.431550 3.829969
v 0.246480 -1.423612 3.839395
v 0.189771 -1.409997 3.833170
v 0.166292 -1.810365 3.651049
v 0.182929 -1.731144 3.711534
v 0.326807 -1.814416 3.643397
v 0.353162 -1.728943 3.688299
v 0.352392 -1.729556 3.709817
v 0.199655 -1.815623 3.631555
v 0.284924 -1.813389 3.624369
v 0.200732 -1.734053 3.733250
v 0.332525 -1.733203 3.736956
v 0.315991 -1.733221 3.751182
v 0.260508 -1.733782 3.760682
v 0.226000 -1.735253 3.754941
v 0.048556 -2.090023 3.557643
v 0.155663 -1.821443 3.705966
v 0.079466 -2.092599 3.553103
v 0.351862 -1.819871 3.675953
v 0.352755 -1.822966 3.705815
v 0.050685 -2.080552 3.524393
v 0.079629 -2.083928 3.523249
v 0.178871 -1.826856 3.734664
v 0.338346 -1.831018 3.738898
v 0.310650 -1.838222 3.753985
v 0.247372 -1.840187 3.770337
v 0.208805 -1.836213 3.764431
v 0.141752 -1.273288 3.779606
v 0.188628 -1.275424 3.833241
v 0.377380 -1.307104 3.618927
v 0.114206 -1.290642 3.692806
v 0.143601 -1.306447 3.623247
v 0.339000 -1.285929 3.843644
v 0.245139 -1.284494 3.846476
v 0.374300 -1.274916 3.826935
v 0.410517 -1.293629 3.694565
v 0.402932 -1.275924 3.785161
v 0.197149 -1.324530 3.576421
v 0.304792 -1.324752 3.570596
v 0.294049 -1.912974 3.639351
v 0.148171 -1.945489 3.593522
v 0.347517 -1.915145 3.644623
v 0.104084 -1.922687 3.597174
v 0.127599 -1.982632 3.626232
v 0.083694 -1.934321 3.658841
v 0.135638 -2.026065 3.731636
v 0.385140 -1.930606 3.665865
v 0.388350 -1.937795 3.694800
v 0.191387 -2.013831 3.653088
v 0.159659 -2.027483 3.663383
v 0.120042 -1.956463 3.718218
v 0.370125 -1.959508 3.733933
v 0.305908 -1.974762 3.759535
v 0.217620 -1.976829 3.771085
v 0.167329 -1.970182 3.759996
v 0.070769 -1.993644 3.559033
v 0.060762 -2.006605 3.603570
v 0.110452 -2.008079 3.555947
v 0.104931 -2.021112 3.590926
v 0.315963 -2.044388 3.666904
v 0.212870 -2.055039 3.661271
v 0.360282 -2.022623 3.667627
v 0.189157 -2.101188 3.661650
v 0.339024 -2.086472 3.673916
v 0.375788 -2.038212 3.677804
v 0.388601 -2.040056 3.699032
v 0.134740 -2.054129 3.681292
v 0.344385 -2.096690 3.686836
v 0.194943 -2.105523 3.698310
v 0.140073 -2.068273 3.716228
v 0.379724 -2.059698 3.724664
v 0.345358 -2.102873 3.718002
v 0.196308 -2.109088 3.732441
v 0.162759 -2.095510 3.739579
v 0.119597 -2.005296 3.693991
v 0.360724 -1.981491 3.661874
v 0.388970 -1.992929 3.681264
v 0.208987 -2.048947 3.763006
v 0.162334 -2.044118 3.759651
v 0.376383 -2.017255 3.735816
v 0.318491 -2.042392 3.751434
v 0.304280 -1.990635 3.664158
v 0.392040 -2.000039 3.704840
v 0.202818 -0.751025 3.608268
v 0.229967 -0.662081 3.911609
v 0.222967 -0.901706 3.588921
v 0.243914 -0.859872 3.842265
v 0.267948 -1.148669 3.583845
v 0.289508 -1.156457 3.837413
v 0.269136 -1.219603 3.593707
v 0.292773 -1.215778 3.824341
v 0.231609 -1.430100 3.577292
v 0.294326 -1.429256 3.835914
v 0.249664 -1.729738 3.647335
v 0.289751 -1.733369 3.760344
v 0.237601 -1.814783 3.624998
v 0.280380 -1.840688 3.766802
v 0.249348 -1.327363 3.567074
v 0.293671 -1.286839 3.846616
v 0.225979 -1.921806 3.617095
v 0.268933 -1.976966 3.767812
v 0.254697 -2.049967 3.663541
v 0.257877 -2.093893 3.670158
v 0.259998 -2.095587 3.694093
v 0.266191 -2.103383 3.730787
v 0.270486 -2.047261 3.759507
v 0.243551 -1.996572 3.653039
v 0.380215 -2.122739 3.647949
v 0.392900 -2.120392 3.665962
v 0.356174 -2.159926 3.645047
v 0.351993 -2.167093 3.656536
v 0.385625 -2.138268 3.683384
v 0.360175 -2.174725 3.673791
v 0.325418 -2.184692 3.653380
v 0.316911 -2.186176 3.639293
v 0.320772 -2.192910 3.677662
v 0.282163 -2.189693 3.635818
v 0.270776 -2.185729 3.658445
v 0.283478 -2.192474 3.680548
v 0.237798 -2.193377 3.636719
v 0.204546 -2.197272 3.634364
v 0.196496 -2.187939 3.664392
v 0.247682 -2.186469 3.659245
v 0.208433 -2.192841 3.686856
v 0.242715 -2.192974 3.684686
v 0.160140 -2.174239 3.634338
v 0.126389 -2.150247 3.643645
v 0.169703 -2.190369 3.663908
v 0.121744 -2.161335 3.674917
v 0.162395 -2.198547 3.685952
v 0.141601 -2.188411 3.695796
v 0.381335 -2.175009 3.621470
v 0.392426 -2.173070 3.637504
v 0.358979 -2.206720 3.619470
v 0.354611 -2.213768 3.629741
v 0.388279 -2.187981 3.656178
v 0.364700 -2.219711 3.647123
v 0.323003 -2.240334 3.622094
v 0.314971 -2.239497 3.610312
v 0.318757 -2.252028 3.643539
v 0.284548 -2.242431 3.608409
v 0.274268 -2.241482 3.626573
v 0.285620 -2.251870 3.645583
v 0.232433 -2.247665 3.606728
v 0.203260 -2.248408 3.606503
v 0.195350 -2.242819 3.629807
v 0.241829 -2.245159 3.624992
v 0.207883 -2.253821 3.650958
v 0.237780 -2.256222 3.648914
v 0.150460 -2.225291 3.609063
v 0.119953 -2.209783 3.615815
v 0.157903 -2.243079 3.631938
v 0.111655 -2.222588 3.646759
v 0.149210 -2.253421 3.652804
v 0.129627 -2.245151 3.662226
v 0.380610 -2.225998 3.598821
v 0.389237 -2.232034 3.608696
v 0.363339 -2.247328 3.598556
v 0.362033 -2.261793 3.605182
v 0.386989 -2.238226 3.627968
v 0.369173 -2.261091 3.622233
v 0.318741 -2.319860 3.579974
v 0.311986 -2.303988 3.576085
v 0.316518 -2.321983 3.602958
v 0.290251 -2.305273 3.577419
v 0.285204 -2.320529 3.583875
v 0.293308 -2.321975 3.604744
v 0.224418 -2.317388 3.564507
v 0.203661 -2.316554 3.566810
v 0.198547 -2.330374 3.572267
v 0.232352 -2.332755 3.568140
v 0.208475 -2.331689 3.596553
v 0.231079 -2.333669 3.594766
v 0.135026 -2.288871 3.580998
v 0.112593 -2.279429 3.584299
v 0.138802 -2.313091 3.591136
v 0.104353 -2.300803 3.598601
v 0.135345 -2.314987 3.613636
v 0.118619 -2.308698 3.619906
v 0.077507 -0.794484 3.675279
v 0.295111 -0.798985 3.854228
v 0.358856 -0.771799 3.834063
v 0.384020 -0.767459 3.788509
v 0.152112 -0.837187 3.610653
v 0.288480 -0.814322 3.641949
v 0.069453 -0.782963 3.785293
v 0.055076 -0.782728 3.736140
v 0.365171 -0.783344 3.689612
v 0.395826 -0.776821 3.750550
v 0.188583 -0.809932 3.851683
v 0.131034 -0.800631 3.836228
v 0.214870 -0.839673 3.603631
v 0.240782 -0.808875 3.853723
v 0.404401 -0.984249 3.798609
v 0.091636 -0.993614 3.776026
v 0.068418 -1.000814 3.690084
v 0.419860 -0.988728 3.710570
v 0.209329 -1.015888 3.845570
v 0.136801 -1.000293 3.827711
v 0.100595 -1.005368 3.623465
v 0.164848 -1.021619 3.581223
v 0.381656 -0.990462 3.835667
v 0.323407 -1.008765 3.849176
v 0.311298 -1.011425 3.582270
v 0.389325 -0.994105 3.634253
v 0.267284 -1.015017 3.849142
v 0.241404 -1.019289 3.575364
v 0.388355 -0.534654 3.802383
v 0.341404 -0.542721 3.878610
v 0.249981 -0.611842 3.615412
v 0.112458 -0.623065 3.628404
v 0.036970 -0.550658 3.892404
v -0.020686 -0.553981 3.833718
v 0.340595 -0.566232 3.656447
v 0.390072 -0.555198 3.712458
v -0.034771 -0.555407 3.738369
v 0.017622 -0.575537 3.678735
v 0.269885 -0.542828 3.912413
v 0.134215 -0.543485 3.919302
v 0.180284 -0.626492 3.613105
v 0.199226 -0.539052 3.919677
v 0.323147 -0.461073 3.868393
v 0.228246 -0.513393 3.594141
v 0.028492 -0.485093 3.884417
v 0.319164 -0.495898 3.627286
v -0.049921 -0.486310 3.722878
v 0.236963 -0.463510 3.906975
v 0.387297 -0.468218 3.781549
v 0.078254 -0.522251 3.610217
v -0.027871 -0.487930 3.831099
v 0.384761 -0.480038 3.682132
v -0.003360 -0.494659 3.661818
v 0.114792 -0.474110 3.915154
v 0.145310 -0.521237 3.594954
v 0.175239 -0.467642 3.915457
v -0.249838 -0.103726 2.237929
v -0.254331 -0.205579 2.534653
v 0.330795 -0.084569 2.307686
v 0.309517 -0.203565 2.591075
v 0.358239 -0.129836 2.408736
v -0.259142 -0.145784 2.370723
v 0.187991 -0.275884 2.788554
v -0.210554 -0.290624 2.676125
v 0.274827 -0.057646 2.225739
v 0.303232 -0.126595 2.260114
v 0.330806 -0.226125 2.386288
v 0.291024 -0.291549 2.546459
v 0.199371 -0.326694 2.656295
v 0.238246 -0.098245 2.153258
v 0.274483 -0.179168 2.171355
v 0.282155 -0.256643 2.266139
v 0.260965 -0.323747 2.418680
v 0.211640 -0.130243 2.007691
v -0.204278 -0.097758 2.013452
v 0.254486 -0.201220 2.035378
v 0.264202 -0.263629 2.133629
v -0.241123 -0.151206 2.045308
v 0.231976 -0.342269 2.298055
v -0.238878 -0.283121 2.316976
v -0.256228 -0.205907 2.160746
v 0.182186 -0.374115 2.436674
v -0.191770 -0.347690 2.433856
v 0.315263 -0.099945 2.604785
v 0.002518 -0.356637 2.726273
v 0.021624 -0.051510 2.006997
v 0.003129 -0.425165 2.464746
v 0.120542 -0.336698 2.773030
v 0.146034 -0.069816 2.007885
v 0.114553 -0.406658 2.469165
v -0.101179 -0.340084 2.700686
v -0.103123 -0.065019 2.006608
v -0.097837 -0.404755 2.459146
v -0.092112 -0.096387 1.882095
v -0.177823 -0.130497 1.884720
v 0.243502 -0.232964 1.905836
v 0.199895 -0.157866 1.889382
v 0.253133 -0.293753 1.984947
v -0.163458 -0.350123 1.596675
v -0.138552 -0.417633 1.620486
v -0.223806 -0.345659 2.123860
v -0.242148 -0.265403 1.997225
v -0.221229 -0.187125 1.903027
v 0.229518 -0.358076 2.125574
v 0.010276 -0.235119 1.288717
v -0.089736 -0.455204 2.262247
v -0.178795 -0.399424 2.209152
v 0.190094 -0.414977 2.229681
v 0.135670 -0.098661 1.884677
v 0.024962 -0.079427 1.882902
v 0.196674 -0.260406 1.373634
v 0.200182 -0.355485 1.592172
v 0.160854 -0.224971 1.563305
v 0.191269 -0.290420 1.575360
v -0.111111 -0.218631 1.568397
v -0.039890 -0.182142 1.558566
v 0.118327 -0.456528 2.265562
v 0.007021 -0.475107 2.270399
v -0.048595 -0.128193 1.719802
v -0.135951 -0.166432 1.731882
v 0.225096 -0.261249 1.751921
v 0.187010 -0.184360 1.732672
v 0.231150 -0.327440 1.786723
v 0.116278 -0.302570 2.911268
v -0.177552 -0.393198 1.833888
v -0.204068 -0.311932 1.786744
v -0.186812 -0.226292 1.749118
v 0.217937 -0.401324 1.836272
v -0.044521 -0.513403 1.896780
v -0.118007 -0.456173 1.869529
v 0.180306 -0.475151 1.882533
v 0.133827 -0.131560 1.721044
v 0.046793 -0.114013 1.719519
v -0.190350 -0.273132 2.895396
v -0.097946 -0.309188 2.900818
v 0.181340 -0.256904 2.903771
v 0.120807 -0.515806 1.899160
v 0.028200 -0.528790 1.898250
v -0.150179 -0.282971 1.578624
v 0.188976 -0.421732 1.617001
v -0.036553 -0.501054 1.654278
v -0.097871 -0.456349 1.640413
v 0.157053 -0.472626 1.644955
v 0.116454 -0.184490 1.556650
v 0.041735 -0.171109 1.558414
v -0.102157 -0.394730 1.256441
v 0.232255 -0.376543 1.403992
v 0.216657 -0.438360 1.414997
v -0.083850 -0.454774 1.281772
v 0.126135 -0.368588 0.859248
v -0.088175 -0.334449 1.252118
v 0.105851 -0.503313 1.653707
v 0.025260 -0.512510 1.651620
v 0.003037 -0.324574 2.905667
v -0.277547 -0.147193 2.588737
v -0.280085 -0.088762 2.413095
v 0.221527 -0.143128 2.801022
v -0.247463 -0.217390 2.721723
v -0.233732 -0.221354 2.900335
v 0.215526 -0.142231 2.904735
v -0.055032 -0.272757 1.264666
v 0.224673 -0.317022 1.391268
v 0.306936 -0.393734 0.891000
v 0.141574 -0.314009 3.161597
v 0.018064 -0.333812 3.161396
v 0.009366 -0.315463 3.009192
v 0.125455 -0.292715 3.009123
v -0.224641 -0.210235 3.007595
v -0.089919 -0.300694 3.008507
v -0.180471 -0.267590 3.004930
v 0.233670 -0.130477 3.009929
v 0.195521 -0.247450 3.008883
v -0.226004 -0.214104 3.159792
v -0.087007 -0.317521 3.160709
v -0.180702 -0.281271 3.157118
v 0.296496 -0.146161 3.164301
v 0.235556 -0.265489 3.162981
v -0.238175 -0.181029 3.302173
v 0.179905 -0.366159 3.304739
v 0.042538 -0.363538 3.306242
v -0.072960 -0.345460 3.313775
v -0.183794 -0.297363 3.300123
v 0.360889 -0.185552 3.306108
v 0.288582 -0.311684 3.307193
v -0.278300 -0.191965 3.430891
v 0.195169 -0.421272 3.458938
v 0.042292 -0.428552 3.469859
v -0.060372 -0.420679 3.546091
v -0.201625 -0.343834 3.436476
v 0.417536 -0.232597 3.438102
v 0.327110 -0.382407 3.508989
v -0.259488 -0.193115 3.557989
v -0.097078 -0.399606 3.637771
v -0.186841 -0.340079 3.564146
v 0.432336 -0.229894 3.572637
v 0.399578 -0.329110 3.637014
v -0.166318 -0.192368 3.778370
v -0.036891 -0.121350 3.960042
v 0.105808 -0.252250 3.980240
v -0.063029 -0.380491 3.779583
v -0.110806 -0.316462 3.774837
v 0.404062 -0.230523 3.784774
v 0.399631 -0.316309 3.788635
v 0.204381 -0.239179 3.979380
v -0.112996 -0.186235 3.876535
v 0.198490 -0.365845 1.465660
v 0.187699 -0.424491 1.479235
v 0.217204 -0.373679 3.906312
v 0.078537 -0.394493 3.906076
v 0.359924 -0.415931 1.207216
v -0.100669 -0.252016 1.471530
v -0.010326 -0.376305 3.868454
v -0.064860 -0.296646 3.872641
v 0.355141 -0.227838 3.882043
v 0.333244 -0.318756 3.869962
v -0.149524 -0.365399 1.479031
v -0.137037 -0.308596 1.471956
v 0.069259 -0.243092 3.972993
v 0.025376 -0.212010 3.961135
v 0.306515 -0.166337 3.969506
v 0.278831 -0.215087 3.969157
v -0.125329 -0.424115 1.490690
v 0.318746 -0.276378 1.174728
v 0.189074 -0.308696 1.460445
v 0.160237 -0.253479 1.459567
v -0.033307 -0.219643 1.466280
v -0.029741 -0.493900 1.507890
v -0.088655 -0.456150 1.503011
v 0.157440 -0.468689 1.498877
v 0.117654 -0.220217 1.460442
v 0.045486 -0.210316 1.465974
v 0.026172 -0.292251 1.056824
v 0.102127 -0.246713 1.082942
v -0.028603 -0.439181 1.047749
v 0.344459 -0.538365 0.567417
v 0.087234 -0.591972 1.141883
v 0.341088 -0.490278 1.218305
v 0.108010 -0.494851 1.503657
v 0.029970 -0.502195 1.502090
v 0.296624 -0.547272 1.224167
v -0.008008 -0.511260 1.074361
v 0.024971 -0.548536 1.105759
v -0.000834 -0.522268 1.345468
v -0.054743 -0.485942 1.311648
v 0.179353 -0.485721 1.421529
v 0.155364 -0.227632 1.352713
v 0.084407 -0.220922 1.323923
v 0.017279 -0.481157 0.850991
v 0.341946 -0.479996 0.906071
v 0.328873 -0.525403 0.918515
v 0.037010 -0.526451 0.868387
v 0.030068 -0.437337 0.845566
v 0.131020 -0.515835 1.404866
v 0.058491 -0.527987 1.368207
v 0.062959 -0.393791 0.851681
v 0.334004 -0.436033 0.898221
v 0.351314 -0.344380 1.193748
v -0.012088 -0.366636 1.043431
v 0.308772 -0.461940 0.565621
v 0.270698 -0.237113 1.152110
v 0.188038 -0.229303 1.120787
v 0.072391 -0.459422 0.578221
v 0.133410 -0.437867 0.574043
v 0.028162 -0.535922 0.581389
v -0.086085 -0.456624 0.062823
v 0.135152 -0.624764 0.606973
v 0.333989 -0.578426 0.579456
v 0.240356 -0.583684 1.206006
v 0.156426 -0.598643 1.166716
v 0.304746 -0.608817 0.598587
v 0.049552 -0.576223 0.591411
v 0.082114 -0.598624 0.603287
v 0.121106 -0.580157 0.905698
v 0.067698 -0.551249 0.888626
v 0.295915 -0.559954 0.933169
v 0.266985 -0.368374 0.883107
v 0.198732 -0.361164 0.874403
v 0.249321 -0.580321 0.928595
v 0.177931 -0.586168 0.911646
v 0.335918 -0.499489 0.564247
v 0.039665 -0.497375 0.576235
v 0.328323 -0.508362 0.066327
v 0.270027 -0.439182 0.567926
v 0.204553 -0.432159 0.574196
v -0.180939 -0.608631 0.153979
v 0.397447 -0.594416 0.062885
v 0.378860 -0.642699 0.078867
v -0.135205 -0.675824 0.143533
v -0.084923 -0.671286 0.016112
v -0.170683 -0.543977 0.157640
v 0.259759 -0.626296 0.602545
v 0.189387 -0.630596 0.600471
v -0.127365 -0.479401 0.144234
v 0.381108 -0.548212 0.055963
v 0.282322 -0.547719 0.004840
v 0.346049 -0.535352 0.250957
v 0.044999 -0.488865 0.283425
v 0.010443 -0.532485 0.284057
v 0.021796 -0.622789 0.293698
v 0.344363 -0.620503 0.266578
v 0.356853 -0.577290 0.254171
v -0.002104 -0.576732 0.287702
v 0.308433 -0.495072 0.250856
v 0.103288 -0.465640 0.267953
v 0.106432 -0.673900 0.292452
v 0.056373 -0.647750 0.300104
v 0.304914 -0.653282 0.283839
v 0.264329 -0.471905 0.252871
v 0.185809 -0.463960 0.263560
v 0.254092 -0.672142 0.288650
v 0.174655 -0.677236 0.287524
v -0.089514 -0.597847 0.014864
v -0.067568 -0.721671 0.048750
v -0.086442 -0.706869 0.125661
v 0.322058 -0.673947 0.105944
v 0.265630 -0.495513 0.036478
v 0.113031 -0.485585 0.059055
v -0.089768 -0.531648 0.020514
v 0.140342 -0.543805 0.011355
v 0.281531 -0.647178 0.030616
v 0.131345 -0.650461 0.030664
v 0.290297 -0.594390 0.009920
v 0.139283 -0.593889 0.013299
v 0.252480 -0.692356 0.085194
v 0.118784 -0.699879 0.079362
v -0.194329 -0.133691 4.451766
v 0.015482 -0.176956 4.485164
v 0.092811 -0.143688 4.071452
v 0.146038 -0.140017 4.073533
v -0.035062 -0.083267 4.048918
v 0.064587 -0.141345 4.069126
v 0.015580 -0.129746 4.061030
v 0.227165 -0.104901 4.076109
v 0.201037 -0.130712 4.074049
v 0.091816 -0.132550 4.225557
v 0.001219 -0.138812 4.198807
v -0.210578 -0.726295 0.058455
v -0.288862 -0.704559 0.060111
v -0.206730 -0.729566 0.020019
v -0.320507 -0.624960 0.000746
v -0.383591 -0.627134 0.062246
v -0.353602 -0.482666 0.013890
v -0.370772 -0.491637 0.057682
v -0.428637 -0.558025 0.059789
v -0.257784 -0.703636 0.005740
v -0.373370 -0.554890 -0.000641
v 0.068042 -0.115113 4.143212
v 0.119991 -0.112018 4.158731
v -0.045105 -0.073999 4.108602
v 0.037052 -0.113830 4.134068
v -0.006587 -0.104099 4.120961
v 0.174982 -0.059593 4.174445
v 0.155407 -0.092807 4.165831
v -0.187458 -0.094405 4.115878
v -0.044416 -0.138305 4.187096
v -0.106491 -0.131680 4.159503
v 0.188592 -0.056493 4.262833
v 0.149886 -0.093643 4.250563
v 0.112107 -0.171433 4.503583
v 0.004629 -0.169063 4.334229
v -0.212854 -0.122754 4.290018
v 0.103388 -0.162530 4.354434
v -0.024108 -0.126199 4.629591
v -0.045064 -0.168575 4.326357
v -0.115766 -0.162082 4.308477
v 0.215774 -0.075217 4.377190
v 0.172067 -0.120993 4.369235
v -0.141747 -0.127441 4.565608
v -0.010558 -0.155998 4.575871
v -0.032803 -0.176657 4.478270
v -0.100755 -0.170915 4.463064
v 0.221135 -0.090874 4.526191
v 0.179373 -0.134849 4.516056
v 0.067692 -0.155200 4.590135
v -0.050110 -0.155949 4.569732
v -0.092585 -0.155021 4.548527
v 0.134545 -0.121324 4.622719
v 0.122996 -0.145862 4.590161
v 0.053258 -0.126191 4.639166
v -0.079015 -0.126192 4.616888
v 0.061940 -0.351104 2.748955
v 0.088095 -0.055605 2.007772
v 0.061078 -0.419455 2.468421
v 0.084297 -0.083873 1.883576
v 0.064131 -0.469679 2.269933
v 0.061968 -0.316820 2.909448
v 0.093306 -0.118475 1.719620
v 0.075215 -0.525469 1.899359
v 0.081754 -0.174604 1.557217
v 0.066094 -0.510336 1.652668
v 0.080370 -0.328434 3.161396
v 0.069233 -0.307267 3.009192
v 0.111342 -0.375298 3.304419
v 0.116292 -0.429829 3.454233
v 0.151745 -0.247715 3.981141
v 0.145574 -0.388605 3.910905
v 0.084167 -0.212658 1.463340
v 0.069502 -0.500459 1.502484
v 0.122205 -0.221375 1.339453
v 0.095478 -0.523944 1.386552
v 0.232038 -0.229703 1.137654
v 0.199262 -0.593610 1.186407
v 0.235180 -0.362763 0.879374
v 0.214236 -0.584717 0.919844
v 0.239622 -0.433934 0.571316
v 0.225060 -0.629742 0.601008
v 0.228110 -0.466552 0.258236
v 0.215752 -0.675865 0.287980
v 0.196394 -0.491873 0.046343
v 0.213745 -0.647641 0.029587
v 0.221490 -0.594011 0.008752
v 0.192398 -0.695942 0.084166
v 0.218168 -0.546972 0.004702
v 0.116716 -0.142483 4.072424
v 0.043939 -0.138568 4.209425
v 0.092084 -0.114813 4.149953
v 0.060654 -0.176794 4.492337
v 0.026071 -0.155972 4.581614
v 0.050860 -0.168799 4.342129
v 0.012627 -0.126196 4.635076
v 0.311031 -0.350142 3.415387
v -0.193977 -0.330881 3.395066
v 0.189648 -0.399792 3.402715
v 0.395679 -0.212758 3.393482
v -0.263988 -0.188414 3.392649
v -0.066943 -0.396520 3.470914
v 0.041645 -0.404341 3.414171
v 0.114076 -0.408808 3.401109
v -0.287334 -0.031497 2.594059
v -0.286750 -0.021801 2.414251
v -0.275157 -0.038041 2.727672
v -0.258678 -0.046916 3.162790
v -0.265914 -0.045277 2.903748
v 0.315617 -0.026174 2.613790
v 0.226107 -0.039877 2.804498
v 0.221093 -0.039832 2.905986
v -0.257080 -0.042310 3.010581
v 0.239818 -0.035489 3.010924
v 0.305896 -0.040979 3.165300
v -0.269668 -0.054336 3.308314
v 0.370735 -0.054696 3.303578
v -0.291270 -0.055586 3.455706
v 0.412439 -0.043195 3.424394
v -0.274845 -0.056146 3.564546
v 0.419434 -0.040808 3.563000
v -0.178845 -0.057305 3.781835
v 0.388337 -0.045848 3.784773
v -0.064979 -0.034790 3.962411
v -0.123472 -0.056060 3.879707
v 0.355059 -0.068571 3.885532
v 0.310461 -0.054382 3.970605
v -0.256462 -0.027549 4.092967
v -0.086890 -0.030050 4.048195
v 0.233625 -0.031559 4.077272
v -0.094247 -0.027134 4.099709
v 0.186850 -0.012149 4.176733
v -0.273514 -0.041130 4.445329
v 0.212962 -0.006890 4.265412
v -0.290655 -0.037103 4.277183
v -0.218122 -0.039432 4.587808
v 0.241527 -0.012808 4.379209
v 0.244214 -0.019370 4.531881
v -0.068117 -0.039075 4.664975
v 0.140039 -0.036324 4.652102
v 0.047459 -0.039073 4.678525
v -0.132547 -0.039073 4.650178
v -0.012344 -0.039075 4.673238
v -0.280029 -0.055488 3.417276
v 0.398635 -0.059742 3.371587
v 0.318124 -0.398503 3.866639
v 0.213385 -0.450907 3.550535
v 0.023260 -0.430435 3.879818
v 0.315947 -0.427433 3.577674
v -0.057711 -0.433306 3.690926
v 0.229394 -0.415950 3.904164
v 0.387160 -0.393365 3.778824
v 0.074196 -0.462898 3.559894
v -0.032699 -0.427922 3.809463
v 0.391029 -0.400887 3.656291
v -0.018275 -0.445405 3.618747
v 0.107072 -0.431768 3.905040
v 0.142165 -0.459644 3.549314
v 0.168042 -0.425339 3.908206
v 0.315524 -0.058304 2.610811
v 0.225562 -0.085338 2.803485
v 0.220346 -0.085248 2.905522
v 0.239050 -0.076679 3.010487
v 0.305116 -0.087512 3.164861
v 0.370553 -0.114580 3.303581
v 0.421637 -0.141598 3.424340
v 0.429330 -0.143989 3.562487
v 0.397050 -0.146833 3.784259
v 0.355773 -0.149061 3.885026
v 0.309728 -0.113090 3.970201
v 0.231426 -0.069336 4.076829
v 0.183950 -0.034632 4.176203
v 0.206252 -0.026344 4.264797
v 0.234451 -0.038132 4.378650
v 0.237953 -0.050303 4.529713
v -0.045140 -0.083756 4.653255
v 0.138984 -0.079102 4.640035
v 0.049980 -0.083751 4.663984
v -0.106587 -0.083752 4.638530
v 0.000482 -0.083754 4.660014
v 0.403137 -0.131639 3.373838
v -0.285213 -0.092795 2.593142
v -0.285139 -0.055002 2.415318
v -0.271018 -0.134707 2.726365
v -0.253619 -0.134369 3.161473
v -0.260989 -0.138944 2.902435
v -0.252078 -0.130604 3.009269
v -0.264688 -0.117337 3.305519
v -0.290826 -0.116336 3.444125
v -0.273146 -0.117441 3.561568
v -0.177682 -0.119729 3.780293
v -0.058296 -0.073326 3.961198
v -0.122595 -0.117272 3.878189
v -0.230341 -0.060390 4.101323
v -0.063417 -0.052868 4.047585
v -0.070936 -0.050148 4.103557
v -0.243274 -0.087810 4.447987
v -0.261449 -0.079863 4.282610
v -0.185714 -0.084460 4.577216
v -0.277790 -0.115877 3.405777
v 0.244497 -0.259935 1.309671
v 0.223257 -0.509049 1.360094
v -0.023554 -0.275933 1.179778
v 0.031445 -0.551202 1.269438
v 0.171663 -0.542820 1.339847
v 0.094951 -0.557059 1.297152
v -0.025405 -0.511585 1.230430
v 0.046056 -0.233660 1.208741
v -0.055203 -0.477585 1.197358
v 0.264533 -0.456577 1.355611
v -0.073737 -0.411456 1.169377
v -0.058477 -0.344642 1.165256
v 0.124641 -0.217178 1.250047
v 0.200461 -0.224009 1.284820
v 0.274347 -0.322387 1.330468
v 0.282135 -0.388178 1.344766
v 0.164985 -0.217350 1.268730
v 0.134120 -0.552193 1.318594
v -0.024233 -0.270526 3.901107
v -0.078889 -0.157952 3.902912
v 0.022572 -0.325817 3.908875
v 0.306633 -0.280349 3.917338
v 0.333116 -0.205109 3.923527
v 0.089255 -0.342002 3.936401
v 0.214443 -0.323885 3.937291
v 0.149488 -0.336558 3.940887
v -0.093484 -0.045668 3.905826
v 0.336265 -0.065035 3.925995
v 0.335706 -0.134838 3.925543
v -0.090600 -0.096765 3.904469
v 0.282486 -2.137197 3.707980
v 0.327760 -2.138542 3.701436
v 0.322940 -2.126958 3.661946
v 0.277317 -2.130212 3.658741
v 0.267963 -2.126158 3.682206
v 0.332549 -2.126275 3.676233
v 0.205167 -2.141865 3.711032
v 0.248521 -2.138480 3.710061
v 0.242201 -2.134244 3.658226
v 0.203113 -2.142040 3.652408
v 0.198140 -2.134209 3.686629
v 0.251238 -2.127400 3.682293
v 0.173401 -2.132380 3.652194
v 0.132823 -2.093573 3.665789
v 0.176823 -2.143172 3.711967
v 0.185667 -2.134770 3.686730
v 0.133503 -2.104974 3.699469
v 0.154785 -2.133302 3.721755
v 0.356946 -2.135665 3.695297
v 0.382701 -2.098417 3.704967
v 0.352113 -2.119596 3.661932
v 0.348923 -2.126862 3.674259
v 0.377361 -2.081403 3.664902
v 0.390498 -2.079123 3.683877
v 0.338145 -1.643544 3.653793
v 0.164756 -1.639428 3.711565
v 0.173513 -1.640120 3.672867
v 0.322501 -1.649870 3.772404
v 0.257207 -1.647718 3.781771
v 0.343022 -1.647906 3.757769
v 0.365958 -1.644658 3.689493
v 0.365262 -1.644121 3.728265
v 0.208045 -1.644276 3.638985
v 0.283809 -1.645727 3.628267
v 0.216728 -1.645011 3.776218
v 0.186875 -1.641365 3.749039
v 0.244457 -1.645551 3.629455
v 0.291502 -1.649088 3.780561
v 0.307318 -1.905420 3.757261
v 0.354085 -1.894573 3.736229
v 0.370351 -1.879059 3.699246
v 0.288803 -1.860363 3.628992
v 0.147162 -1.889762 3.725114
v 0.120465 -1.874160 3.683715
v 0.336081 -1.862899 3.641814
v 0.368136 -1.873825 3.669085
v 0.232534 -1.907124 3.771458
v 0.187735 -1.901371 3.762353
v 0.136586 -1.864881 3.625406
v 0.175455 -1.874467 3.611371
v 0.229942 -1.865755 3.617216
v 0.274111 -1.907608 3.767966
v 0.211100 -1.771603 3.645443
v 0.244320 -1.771541 3.637247
v 0.327223 -1.770514 3.654413
v 0.350894 -1.775236 3.707680
v 0.172342 -1.775707 3.710332
v 0.285435 -1.785224 3.762851
v 0.350926 -1.773492 3.682549
v 0.333981 -1.780556 3.737450
v 0.255079 -1.785235 3.764771
v 0.284106 -1.770730 3.635233
v 0.219172 -1.784232 3.759170
v 0.313336 -1.783861 3.751668
v 0.180352 -1.769009 3.668746
v 0.192471 -1.779174 3.734135
v 0.333601 -1.686408 3.660535
v 0.182853 -1.685993 3.679117
v 0.259446 -1.690960 3.769865
v 0.337141 -1.691048 3.746297
v 0.358309 -1.687470 3.718298
v 0.283804 -1.688198 3.638689
v 0.195136 -1.688743 3.740296
v 0.247737 -1.688519 3.640069
v 0.290878 -1.691319 3.769258
v 0.175570 -1.686316 3.711642
v 0.319133 -1.691686 3.760707
v 0.359104 -1.687465 3.689288
v 0.214363 -1.688133 3.648837
v 0.222357 -1.690743 3.764198
v 0.135797 -1.513871 3.711360
v 0.331520 -1.537896 3.803725
v 0.384310 -1.530028 3.690042
v 0.191127 -1.526834 3.612601
v 0.201653 -1.522551 3.808408
v 0.350313 -1.528761 3.635739
v 0.148502 -1.517280 3.656129
v 0.251210 -1.531921 3.813653
v 0.358769 -1.532376 3.788490
v 0.383881 -1.528039 3.754954
v 0.283824 -1.531996 3.600358
v 0.164755 -1.514493 3.772451
v 0.235673 -1.530488 3.601032
v 0.293170 -1.536000 3.810830
v 0.343787 -1.590322 3.645422
v 0.161916 -1.583163 3.665106
v 0.254427 -1.594026 3.796554
v 0.350323 -1.594338 3.772014
v 0.373895 -1.590297 3.740640
v 0.283816 -1.592993 3.615326
v 0.176619 -1.582538 3.759895
v 0.240384 -1.592199 3.616276
v 0.292275 -1.596652 3.794596
v 0.151328 -1.581211 3.711471
v 0.326683 -1.597951 3.786926
v 0.374467 -1.591507 3.689748
v 0.200201 -1.589821 3.626751
v 0.209738 -1.588230 3.791144
v 0.148167 -0.088882 4.206429
v 0.032661 -0.123466 4.166317
v -0.005601 -0.122578 4.154964
v 0.176351 -0.053522 4.217754
v 0.103744 -0.118737 4.189101
v -0.114734 -0.081631 4.095347
v -0.057195 -0.114322 4.132172
v 0.066049 -0.123228 4.175708
v -0.172523 -0.026381 4.076459
v 0.194781 -0.007714 4.220328
v 0.189968 -0.027204 4.219745
v -0.148317 -0.053741 4.083525
v 0.277975 0.736940 3.634480
v 0.129366 0.757892 3.624937
v 0.369260 0.688779 3.680591
v 0.040395 0.714752 3.677445
v -0.000598 0.682877 3.736390
v 0.408315 0.693796 3.744130
v 0.398696 0.663827 3.822384
v 0.006125 0.685762 3.818497
v 0.359355 0.668405 3.872256
v 0.295584 0.671781 3.907151
v 0.163431 0.680201 3.908993
v 0.078953 0.682169 3.885159
v 0.310172 0.907180 3.600617
v 0.154604 0.917053 3.596051
v 0.390641 0.899456 3.652466
v 0.082382 0.896364 3.648433
v 0.050658 0.885302 3.712049
v 0.420977 0.888304 3.723017
v 0.402506 0.871131 3.798514
v 0.074527 0.870138 3.785415
v 0.358954 0.862752 3.829749
v 0.299012 0.868623 3.842338
v 0.189289 0.875720 3.839355
v 0.130191 0.869554 3.825017
v 0.324522 1.154757 3.591280
v 0.211287 1.166071 3.588480
v 0.393248 1.138263 3.641006
v 0.153396 1.159807 3.627321
v 0.131113 1.424131 3.640452
v 0.124533 1.158778 3.688398
v 0.361565 1.439345 3.621136
v 0.420240 1.135746 3.711331
v 0.407158 1.135318 3.792518
v 0.180736 1.438589 3.589975
v 0.286419 1.445574 3.577471
v 0.144678 1.154833 3.768527
v 0.390274 1.143591 3.828549
v 0.339032 1.163779 3.838426
v 0.239414 1.172095 3.833937
v 0.181635 1.163765 3.818802
v 0.324507 1.227846 3.600791
v 0.218067 1.235722 3.597430
v 0.394982 1.217704 3.645045
v 0.172633 1.227234 3.631652
v 0.189245 1.742958 3.682308
v 0.145724 1.220728 3.683620
v 0.329542 1.741350 3.664609
v 0.422644 1.213540 3.704915
v 0.410029 1.208334 3.776186
v 0.218490 1.743708 3.655486
v 0.283838 1.742661 3.645738
v 0.166394 1.211761 3.754017
v 0.389100 1.208459 3.818257
v 0.340714 1.224309 3.825840
v 0.245988 1.231092 3.821466
v 0.202060 1.224144 3.808183
v 0.113386 1.416971 3.708765
v 0.399498 1.438327 3.690823
v 0.398315 1.432819 3.776631
v 0.146653 1.413937 3.789080
v 0.370687 1.436732 3.813900
v 0.338305 1.445212 3.829969
v 0.246480 1.437273 3.839395
v 0.189771 1.423659 3.833170
v 0.166292 1.824027 3.651049
v 0.182929 1.744806 3.711534
v 0.326807 1.828078 3.643397
v 0.353162 1.742605 3.688299
v 0.352392 1.743217 3.709817
v 0.199655 1.829285 3.631555
v 0.284924 1.827050 3.624369
v 0.200732 1.747715 3.733250
v 0.332525 1.746865 3.736956
v 0.315991 1.746882 3.751182
v 0.260508 1.747444 3.760682
v 0.226000 1.748915 3.754941
v 0.048556 2.103685 3.557643
v 0.155663 1.835105 3.705966
v 0.079466 2.106261 3.553103
v 0.351862 1.833533 3.675953
v 0.352755 1.836628 3.705815
v 0.050685 2.094213 3.524393
v 0.079629 2.097590 3.523249
v 0.178871 1.840518 3.734664
v 0.338346 1.844680 3.738898
v 0.310650 1.851884 3.753985
v 0.247372 1.853849 3.770337
v 0.208805 1.849875 3.764431
v 0.141752 1.286950 3.779606
v 0.188628 1.289085 3.833241
v 0.377380 1.320765 3.618927
v 0.114206 1.304304 3.692806
v 0.143601 1.320109 3.623247
v 0.339000 1.299591 3.843644
v 0.245139 1.298156 3.846476
v 0.374300 1.288578 3.826935
v 0.410517 1.307291 3.694565
v 0.402932 1.289585 3.785161
v 0.197149 1.338192 3.576421
v 0.304792 1.338414 3.570596
v 0.294049 1.926636 3.639351
v 0.148171 1.959151 3.593522
v 0.347517 1.928807 3.644623
v 0.104084 1.936349 3.597174
v 0.127599 1.996293 3.626232
v 0.083694 1.947982 3.658841
v 0.135638 2.039727 3.731636
v 0.385140 1.944268 3.665865
v 0.388350 1.951457 3.694800
v 0.191387 2.027493 3.653088
v 0.159659 2.041145 3.663383
v 0.120042 1.970125 3.718218
v 0.370125 1.973169 3.733933
v 0.305908 1.988424 3.759535
v 0.217620 1.990491 3.771085
v 0.167329 1.983844 3.759996
v 0.070769 2.007305 3.559033
v 0.060762 2.020267 3.603570
v 0.110452 2.021741 3.555947
v 0.104931 2.034774 3.590926
v 0.315963 2.058050 3.666904
v 0.212870 2.068701 3.661271
v 0.360282 2.036285 3.667627
v 0.189157 2.114850 3.661650
v 0.339024 2.100134 3.673916
v 0.375788 2.051874 3.677804
v 0.388601 2.053718 3.699032
v 0.134740 2.067791 3.681291
v 0.344385 2.110352 3.686836
v 0.194943 2.119185 3.698310
v 0.140073 2.081934 3.716228
v 0.379724 2.073359 3.724664
v 0.345358 2.116535 3.718002
v 0.196308 2.122750 3.732441
v 0.162759 2.109171 3.739579
v 0.119597 2.018958 3.693991
v 0.360724 1.995153 3.661874
v 0.388970 2.006591 3.681264
v 0.208987 2.062609 3.763006
v 0.162334 2.057780 3.759651
v 0.376383 2.030916 3.735816
v 0.318491 2.056054 3.751434
v 0.304280 2.004297 3.664158
v 0.392040 2.013701 3.704840
v 0.202818 0.764687 3.608268
v 0.229967 0.675743 3.911609
v 0.222967 0.915368 3.588921
v 0.243914 0.873534 3.842265
v 0.267948 1.162331 3.583845
v 0.289508 1.170119 3.837413
v 0.269136 1.233265 3.593707
v 0.292773 1.229440 3.824341
v 0.231609 1.443762 3.577292
v 0.294326 1.442918 3.835914
v 0.249664 1.743400 3.647335
v 0.289751 1.747031 3.760344
v 0.237601 1.828444 3.624998
v 0.280380 1.854349 3.766802
v 0.249348 1.341025 3.567074
v 0.293671 1.300501 3.846616
v 0.225979 1.935467 3.617095
v 0.268933 1.990627 3.767812
v 0.254697 2.063629 3.663541
v 0.257877 2.107555 3.670158
v 0.259998 2.109249 3.694093
v 0.266191 2.117045 3.730787
v 0.270486 2.060922 3.759507
v 0.243551 2.010234 3.653039
v 0.380215 2.136401 3.647949
v 0.392900 2.134054 3.665962
v 0.356174 2.173588 3.645047
v 0.351993 2.180755 3.656536
v 0.385625 2.151930 3.683384
v 0.360175 2.188387 3.673791
v 0.325418 2.198354 3.653380
v 0.316911 2.199837 3.639293
v 0.320772 2.206572 3.677662
v 0.282163 2.203355 3.635818
v 0.270776 2.199390 3.658445
v 0.283478 2.206136 3.680548
v 0.237798 2.207039 3.636719
v 0.204546 2.210934 3.634364
v 0.196496 2.201601 3.664392
v 0.247682 2.200131 3.659245
v 0.208433 2.206503 3.686856
v 0.242715 2.206635 3.684686
v 0.160140 2.187901 3.634338
v 0.126389 2.163909 3.643645
v 0.169703 2.204031 3.663908
v 0.121744 2.174997 3.674917
v 0.162395 2.212209 3.685952
v 0.141601 2.202073 3.695796
v 0.381335 2.188671 3.621470
v 0.392426 2.186732 3.637504
v 0.358979 2.220382 3.619470
v 0.354611 2.227430 3.629741
v 0.388279 2.201643 3.656178
v 0.364700 2.233372 3.647123
v 0.323003 2.253996 3.622094
v 0.314971 2.253159 3.610312
v 0.318757 2.265690 3.643539
v 0.284548 2.256093 3.608409
v 0.274268 2.255144 3.626573
v 0.285620 2.265532 3.645583
v 0.232433 2.261327 3.606728
v 0.203260 2.262070 3.606503
v 0.195350 2.256481 3.629807
v 0.241829 2.258821 3.624992
v 0.207883 2.267483 3.650958
v 0.237780 2.269884 3.648914
v 0.150460 2.238953 3.609063
v 0.119953 2.223445 3.615815
v 0.157903 2.256741 3.631938
v 0.111655 2.236250 3.646759
v 0.149210 2.267082 3.652804
v 0.129627 2.258813 3.662226
v 0.380610 2.239660 3.598821
v 0.389237 2.245696 3.608696
v 0.363339 2.260989 3.598556
v 0.362033 2.275455 3.605182
v 0.386989 2.251888 3.627968
v 0.369173 2.274753 3.622233
v 0.318741 2.333522 3.579975
v 0.311986 2.317650 3.576085
v 0.316518 2.335645 3.602958
v 0.290251 2.318934 3.577419
v 0.285204 2.334191 3.583875
v 0.293308 2.335637 3.604744
v 0.224418 2.331050 3.564507
v 0.203661 2.330215 3.566810
v 0.198547 2.344036 3.572267
v 0.232352 2.346417 3.568140
v 0.208475 2.345351 3.596553
v 0.231079 2.347331 3.594766
v 0.135026 2.302533 3.580998
v 0.112593 2.293091 3.584299
v 0.138802 2.326753 3.591136
v 0.104353 2.314465 3.598601
v 0.135345 2.328649 3.613636
v 0.118619 2.322360 3.619906
v 0.077507 0.808146 3.675279
v 0.295111 0.812647 3.854228
v 0.358856 0.785461 3.834063
v 0.384020 0.781121 3.788509
v 0.152112 0.850849 3.610653
v 0.288480 0.827984 3.641949
v 0.069453 0.796625 3.785293
v 0.055076 0.796390 3.736140
v 0.365171 0.797006 3.689612
v 0.395826 0.790483 3.750550
v 0.188583 0.823594 3.851683
v 0.131034 0.814293 3.836228
v 0.214870 0.853335 3.603631
v 0.240782 0.822537 3.853723
v 0.404401 0.997911 3.798609
v 0.091636 1.007276 3.776026
v 0.068418 1.014476 3.690084
v 0.419860 1.002390 3.710570
v 0.209329 1.029550 3.845570
v 0.136801 1.013954 3.827711
v 0.100595 1.019030 3.623465
v 0.164848 1.035281 3.581223
v 0.381656 1.004124 3.835667
v 0.323407 1.022426 3.849176
v 0.311298 1.025087 3.582270
v 0.389325 1.007767 3.634253
v 0.267284 1.028679 3.849142
v 0.241404 1.032950 3.575364
v 0.388356 0.548316 3.802383
v 0.341404 0.556383 3.878610
v 0.249981 0.625504 3.615412
v 0.112458 0.636727 3.628404
v 0.036970 0.564320 3.892404
v -0.020686 0.567643 3.833718
v 0.340595 0.579894 3.656447
v 0.390072 0.568860 3.712458
v -0.034771 0.569069 3.738369
v 0.017622 0.589199 3.678735
v 0.269885 0.556490 3.912413
v 0.134215 0.557147 3.919302
v 0.180284 0.640154 3.613105
v 0.199226 0.552714 3.919677
v 0.323147 0.474735 3.868393
v 0.228246 0.527055 3.594141
v 0.028492 0.498755 3.884417
v 0.319164 0.509560 3.627286
v -0.049921 0.499972 3.722878
v 0.236963 0.477172 3.906975
v 0.387297 0.481880 3.781549
v 0.078254 0.535913 3.610217
v -0.027871 0.501592 3.831099
v 0.384761 0.493700 3.682132
v -0.003360 0.508321 3.661818
v 0.114792 0.487772 3.915154
v 0.145310 0.534899 3.594954
v 0.175239 0.481304 3.915457
v -0.266430 0.006831 2.256540
v -0.287361 0.006831 2.594765
v 0.310622 0.006831 2.275659
v 0.315688 0.006831 2.616061
v -0.249838 0.117388 2.237929
v -0.254331 0.219241 2.534653
v 0.330795 0.098231 2.307686
v 0.309517 0.217227 2.591075
v -0.287979 0.006831 2.413440
v 0.361550 0.006831 2.413496
v 0.358239 0.143498 2.408736
v -0.259142 0.159446 2.370723
v -0.267429 0.006831 2.728678
v 0.226527 0.006831 2.805278
v 0.187991 0.289546 2.788554
v -0.210554 0.304286 2.676125
v 0.274827 0.071308 2.225739
v 0.303232 0.140257 2.260114
v 0.330806 0.239787 2.386288
v 0.291024 0.305211 2.546459
v 0.199371 0.340356 2.656295
v 0.238246 0.111907 2.153258
v 0.274483 0.192830 2.171355
v 0.282155 0.270305 2.266139
v 0.260965 0.337409 2.418680
v 0.211640 0.143905 2.007691
v -0.204278 0.111420 2.013452
v 0.254486 0.214882 2.035378
v 0.264202 0.277291 2.133629
v -0.241123 0.164868 2.045308
v 0.231976 0.355931 2.298055
v -0.238878 0.296783 2.316976
v -0.256228 0.219569 2.160746
v 0.182186 0.387777 2.436674
v -0.191770 0.361352 2.433856
v 0.022016 0.006831 2.178811
v 0.315263 0.113607 2.604785
v 0.002518 0.370299 2.726273
v 0.021624 0.065172 2.006997
v 0.003129 0.438827 2.464746
v 0.185976 0.006831 2.223463
v 0.120542 0.350360 2.773030
v 0.146034 0.083478 2.007885
v 0.114553 0.420320 2.469165
v -0.112415 0.006831 2.178713
v -0.101179 0.353746 2.700686
v -0.103123 0.078681 2.006608
v -0.097837 0.418417 2.459146
v -0.092112 0.110049 1.882095
v -0.177823 0.144159 1.884720
v 0.243502 0.246626 1.905836
v 0.199895 0.171528 1.889382
v 0.253133 0.307415 1.984947
v -0.163458 0.363785 1.596675
v -0.138552 0.431295 1.620486
v -0.223806 0.359321 2.123860
v -0.242148 0.279065 1.997225
v -0.221229 0.200787 1.903027
v 0.229518 0.371738 2.125575
v 0.010276 0.248781 1.288717
v -0.089736 0.468866 2.262247
v -0.178795 0.413086 2.209152
v 0.190094 0.428638 2.229681
v 0.135670 0.112323 1.884677
v 0.024962 0.093088 1.882902
v 0.196674 0.274068 1.373634
v 0.200182 0.369147 1.592172
v 0.160854 0.238633 1.563305
v 0.191269 0.304082 1.575360
v -0.111111 0.232293 1.568397
v -0.039890 0.195804 1.558566
v 0.118327 0.470190 2.265562
v 0.007021 0.488769 2.270399
v -0.048595 0.141855 1.719802
v -0.135951 0.180094 1.731882
v 0.225096 0.274911 1.751921
v 0.187010 0.198022 1.732672
v 0.231150 0.341102 1.786723
v 0.116278 0.316232 2.911268
v -0.177552 0.406860 1.833888
v -0.204068 0.325594 1.786744
v -0.186812 0.239954 1.749118
v 0.217937 0.414986 1.836272
v -0.044521 0.527065 1.896780
v -0.118007 0.469835 1.869529
v 0.180306 0.488813 1.882533
v 0.133827 0.145222 1.721044
v 0.046793 0.127675 1.719519
v -0.259143 0.006831 2.904757
v -0.190350 0.286794 2.895396
v -0.097946 0.322850 2.900818
v 0.181340 0.270566 2.903771
v 0.221667 0.006831 2.906343
v 0.120807 0.529468 1.899160
v 0.028200 0.542452 1.898250
v -0.150179 0.296633 1.578624
v 0.188976 0.435394 1.617001
v -0.036553 0.514716 1.654278
v -0.097871 0.470011 1.640413
v 0.157053 0.486288 1.644955
v 0.116454 0.198152 1.556650
v 0.041735 0.184771 1.558414
v -0.102157 0.408392 1.256441
v 0.232255 0.390204 1.403992
v 0.216657 0.452022 1.414997
v -0.083850 0.468436 1.281772
v 0.126135 0.382250 0.859248
v -0.088175 0.348111 1.252118
v 0.105851 0.516975 1.653707
v 0.025260 0.526172 1.651620
v 0.003037 0.338236 2.905667
v -0.277547 0.160855 2.588737
v -0.280085 0.102424 2.413095
v 0.221527 0.156790 2.801022
v -0.247463 0.231052 2.721723
v -0.233732 0.235016 2.900335
v 0.215526 0.155893 2.904735
v -0.055032 0.286419 1.264666
v 0.224673 0.330684 1.391268
v 0.306936 0.407396 0.891000
v 0.141574 0.327671 3.161597
v 0.018064 0.347474 3.161396
v 0.009366 0.329125 3.009192
v 0.125455 0.306376 3.009123
v -0.224641 0.223897 3.007595
v -0.250695 0.006831 3.011590
v -0.089919 0.314356 3.008507
v -0.180471 0.281252 3.004930
v 0.233670 0.144139 3.009929
v 0.195521 0.261111 3.008883
v 0.240409 0.006831 3.011260
v -0.226004 0.227766 3.159792
v -0.252336 0.006831 3.163804
v -0.087007 0.331183 3.160709
v -0.180702 0.294933 3.157118
v 0.296496 0.159823 3.164301
v 0.235556 0.279151 3.162981
v 0.306497 0.006831 3.165638
v -0.238175 0.194691 3.302173
v -0.264088 0.006831 3.309566
v 0.179905 0.379821 3.304739
v 0.042538 0.377200 3.306242
v -0.072960 0.359122 3.313775
v -0.183794 0.311025 3.300123
v 0.360889 0.199214 3.306108
v 0.288582 0.325346 3.307193
v 0.370876 0.006831 3.303926
v -0.278300 0.205627 3.430891
v -0.279231 0.006831 3.458319
v 0.195169 0.434934 3.458938
v 0.042292 0.442214 3.469859
v -0.060372 0.434341 3.546091
v -0.201625 0.357496 3.436476
v 0.417536 0.246259 3.438102
v 0.327110 0.396069 3.508989
v 0.405361 0.006831 3.424786
v -0.259488 0.206777 3.557989
v -0.265200 0.006831 3.565937
v -0.097078 0.413268 3.637771
v -0.186841 0.353741 3.564146
v 0.432336 0.243556 3.572637
v 0.399578 0.342772 3.637014
v 0.411820 0.006831 3.563396
v -0.166318 0.206030 3.778370
v -0.169245 0.006831 3.783021
v -0.069434 0.006831 3.963345
v -0.036891 0.135012 3.960042
v 0.105808 0.265912 3.980240
v -0.063029 0.394153 3.779583
v -0.110806 0.330124 3.774837
v 0.404062 0.244185 3.784774
v 0.399631 0.329971 3.788635
v 0.381632 0.006831 3.785168
v 0.204381 0.252841 3.979380
v -0.112996 0.199897 3.876535
v -0.115242 0.006831 3.880876
v 0.198490 0.379507 1.465660
v 0.187699 0.438153 1.479235
v 0.217204 0.387341 3.906312
v 0.078537 0.408155 3.906076
v 0.359924 0.429593 1.207216
v -0.100669 0.265678 1.471530
v -0.010326 0.389967 3.868454
v -0.064860 0.310308 3.872641
v 0.355141 0.241500 3.882043
v 0.333244 0.332418 3.869962
v 0.354510 0.006831 3.885921
v -0.149524 0.379061 1.479031
v -0.137037 0.322258 1.471956
v 0.069259 0.256754 3.972993
v 0.025376 0.225672 3.961135
v 0.306515 0.179999 3.969506
v 0.278831 0.228749 3.969157
v 0.312013 0.006831 3.970916
v -0.125329 0.437777 1.490691
v 0.318746 0.290040 1.174728
v 0.189074 0.322358 1.460445
v 0.160237 0.267141 1.459567
v -0.033307 0.233305 1.466280
v -0.029741 0.507562 1.507890
v -0.088655 0.469812 1.503011
v 0.157440 0.482351 1.498877
v 0.117654 0.233879 1.460442
v 0.045486 0.223978 1.465974
v 0.026172 0.305913 1.056824
v 0.102127 0.260375 1.082942
v -0.028603 0.452843 1.047749
v 0.344459 0.552027 0.567417
v 0.087234 0.605634 1.141883
v 0.341088 0.503940 1.218305
v 0.108010 0.508513 1.503657
v 0.029970 0.515857 1.502090
v 0.296624 0.560934 1.224167
v -0.008008 0.524922 1.074361
v 0.024971 0.562198 1.105759
v -0.000834 0.535930 1.345468
v -0.054743 0.499604 1.311648
v 0.179353 0.499383 1.421529
v 0.155364 0.241294 1.352713
v 0.084407 0.234584 1.323923
v 0.017279 0.494819 0.850991
v 0.341946 0.493658 0.906071
v 0.328873 0.539065 0.918515
v 0.037010 0.540113 0.868387
v 0.030068 0.450999 0.845566
v 0.131020 0.529497 1.404866
v 0.058491 0.541649 1.368207
v 0.062959 0.407453 0.851681
v 0.334004 0.449695 0.898221
v 0.351314 0.358042 1.193748
v -0.012088 0.380298 1.043431
v 0.308772 0.475602 0.565621
v 0.270698 0.250775 1.152110
v 0.188038 0.242965 1.120787
v 0.072391 0.473084 0.578221
v 0.133410 0.451529 0.574043
v 0.028162 0.549584 0.581389
v -0.086085 0.470286 0.062823
v 0.135152 0.638426 0.606973
v 0.333989 0.592088 0.579456
v 0.240356 0.597346 1.206006
v 0.156426 0.612305 1.166716
v 0.304746 0.622479 0.598587
v 0.049552 0.589885 0.591411
v 0.082114 0.612286 0.603287
v 0.121106 0.593819 0.905698
v 0.067698 0.564911 0.888626
v 0.295915 0.573616 0.933169
v 0.266985 0.382036 0.883107
v 0.198732 0.374826 0.874403
v 0.249321 0.593983 0.928595
v 0.177931 0.599830 0.911646
v 0.335918 0.513151 0.564247
v 0.039665 0.511037 0.576235
v 0.328323 0.522024 0.066327
v 0.270027 0.452844 0.567926
v 0.204553 0.445821 0.574196
v -0.180939 0.622293 0.153979
v 0.397447 0.608078 0.062885
v 0.378860 0.656361 0.078867
v -0.135205 0.689485 0.143533
v -0.084923 0.684948 0.016112
v -0.170683 0.557639 0.157640
v 0.259759 0.639958 0.602545
v 0.189387 0.644258 0.600471
v -0.127365 0.493063 0.144234
v 0.381108 0.561874 0.055963
v 0.282322 0.561381 0.004840
v 0.346049 0.549014 0.250957
v 0.044999 0.502527 0.283425
v 0.010443 0.546147 0.284058
v 0.021796 0.636451 0.293698
v 0.344363 0.634165 0.266578
v 0.356853 0.590952 0.254171
v -0.002104 0.590394 0.287702
v 0.308433 0.508734 0.250856
v 0.103288 0.479302 0.267953
v 0.106432 0.687562 0.292452
v 0.056373 0.661412 0.300104
v 0.304914 0.666944 0.283839
v 0.264329 0.485567 0.252871
v 0.185809 0.477622 0.263560
v 0.254092 0.685804 0.288650
v 0.174655 0.690898 0.287524
v -0.089514 0.611509 0.014864
v -0.067568 0.735333 0.048750
v -0.086442 0.720531 0.125661
v 0.322058 0.687609 0.105944
v 0.265630 0.509175 0.036478
v 0.113031 0.499247 0.059055
v -0.089768 0.545310 0.020514
v 0.140342 0.557467 0.011355
v 0.281531 0.660840 0.030616
v 0.131345 0.664123 0.030664
v 0.290297 0.608052 0.009920
v 0.139283 0.607551 0.013299
v 0.252480 0.706018 0.085194
v 0.118784 0.713541 0.079362
v -0.194329 0.147353 4.451766
v 0.015482 0.190618 4.485164
v 0.092811 0.157350 4.071452
v 0.146038 0.153679 4.073533
v -0.035062 0.096928 4.048918
v -0.104790 0.006831 4.048665
v 0.064587 0.155007 4.069126
v 0.015580 0.143408 4.061030
v 0.227165 0.118563 4.076109
v 0.201037 0.144374 4.074049
v 0.240919 0.006831 4.077613
v 0.091816 0.146212 4.225557
v 0.001219 0.152474 4.198807
v -0.210578 0.739957 0.058455
v -0.288862 0.718221 0.060111
v -0.206730 0.743228 0.020019
v -0.320507 0.638622 0.000746
v -0.383591 0.640796 0.062246
v -0.353602 0.496328 0.013890
v -0.370772 0.505299 0.057682
v -0.428637 0.571687 0.059789
v -0.257784 0.717298 0.005740
v -0.373370 0.568552 -0.000641
v 0.068042 0.128775 4.143212
v 0.119991 0.125680 4.158731
v -0.045105 0.087661 4.108602
v -0.111555 0.006831 4.096748
v 0.037052 0.127492 4.134068
v -0.006587 0.117761 4.120961
v 0.174982 0.073255 4.174445
v 0.155407 0.106469 4.165831
v 0.187760 0.006831 4.177140
v -0.187458 0.108067 4.115878
v -0.267127 0.006831 4.090178
v -0.044416 0.151967 4.187096
v -0.106491 0.145342 4.159503
v 0.188592 0.070155 4.262833
v 0.149886 0.107305 4.250563
v 0.215183 0.006831 4.265885
v 0.112107 0.185095 4.503583
v -0.286719 0.006831 4.443284
v -0.234253 0.006831 4.594938
v 0.004629 0.182725 4.334229
v -0.212854 0.136416 4.290018
v -0.303065 0.006831 4.273613
v 0.103388 0.176192 4.354434
v -0.085796 0.006831 4.665834
v -0.024108 0.139860 4.629591
v -0.151264 0.006831 4.652003
v -0.045064 0.182237 4.326357
v -0.115766 0.175744 4.308477
v 0.215774 0.088879 4.377190
v 0.172067 0.134655 4.369235
v 0.244008 0.006831 4.379638
v -0.141747 0.141103 4.565608
v -0.010558 0.169660 4.575871
v -0.032803 0.190319 4.478270
v -0.100755 0.184577 4.463064
v 0.221135 0.104536 4.526191
v 0.179373 0.148511 4.516056
v 0.246438 0.006831 4.532273
v 0.045519 0.006831 4.681298
v 0.067692 0.168862 4.590135
v -0.050110 0.169611 4.569732
v -0.092585 0.168683 4.548527
v 0.134545 0.134986 4.622719
v 0.122996 0.159524 4.590161
v 0.140481 0.006831 4.652707
v 0.053258 0.139853 4.639166
v -0.079015 0.139854 4.616888
v 0.099935 0.006831 2.179590
v 0.061940 0.364766 2.748955
v 0.088095 0.069267 2.007772
v 0.061078 0.433117 2.468421
v 0.084297 0.097535 1.883576
v 0.064131 0.483341 2.269933
v 0.061968 0.330482 2.909448
v 0.093306 0.132137 1.719620
v 0.075215 0.539131 1.899359
v 0.081754 0.188266 1.557217
v 0.066094 0.523998 1.652668
v 0.080370 0.342096 3.161396
v 0.069233 0.320929 3.009192
v 0.111342 0.388960 3.304419
v 0.116292 0.443491 3.454233
v 0.151745 0.261377 3.981141
v 0.145574 0.402267 3.910905
v 0.084167 0.226320 1.463340
v 0.069502 0.514121 1.502484
v 0.122205 0.235037 1.339453
v 0.095478 0.537606 1.386552
v 0.232038 0.243365 1.137654
v 0.199262 0.607272 1.186407
v 0.235180 0.376425 0.879374
v 0.214236 0.598379 0.919844
v 0.239622 0.447596 0.571316
v 0.225060 0.643404 0.601008
v 0.228110 0.480214 0.258236
v 0.215752 0.689527 0.287980
v 0.196394 0.505535 0.046343
v 0.213745 0.661303 0.029587
v 0.221490 0.607673 0.008751
v 0.192398 0.709604 0.084166
v 0.218168 0.560634 0.004702
v 0.116716 0.156145 4.072424
v 0.043939 0.152230 4.209425
v 0.092084 0.128475 4.149953
v 0.060654 0.190456 4.492337
v 0.026071 0.169634 4.581614
v 0.050860 0.182461 4.342129
v -0.022212 0.006831 4.675255
v 0.012627 0.139858 4.635076
v 0.311031 0.363804 3.415387
v 0.395171 0.006831 3.371958
v -0.193977 0.344543 3.395066
v 0.189648 0.413454 3.402715
v 0.395679 0.226420 3.393482
v -0.275964 0.006831 3.419825
v -0.263988 0.202076 3.392649
v -0.066943 0.410182 3.470914
v 0.041645 0.418003 3.414171
v 0.114076 0.422470 3.401109
v -0.287334 0.045159 2.594059
v -0.286750 0.035463 2.414251
v -0.275157 0.051703 2.727672
v -0.258678 0.060578 3.162790
v -0.265914 0.058939 2.903748
v 0.315617 0.039836 2.613790
v 0.226107 0.053539 2.804498
v 0.221093 0.053493 2.905986
v -0.257080 0.055972 3.010581
v 0.239818 0.049151 3.010924
v 0.305896 0.054641 3.165300
v -0.269668 0.067998 3.308314
v 0.370735 0.068358 3.303578
v -0.291270 0.069248 3.455706
v 0.412439 0.056857 3.424394
v -0.274845 0.069808 3.564546
v 0.419434 0.054470 3.563000
v -0.178845 0.070967 3.781835
v 0.388337 0.059509 3.784773
v -0.064979 0.048452 3.962411
v -0.123472 0.069722 3.879707
v 0.355059 0.082233 3.885532
v 0.310461 0.068044 3.970605
v -0.256462 0.041211 4.092967
v -0.086890 0.043712 4.048195
v 0.233625 0.045221 4.077272
v -0.094247 0.040796 4.099709
v 0.186850 0.025811 4.176733
v -0.273514 0.054792 4.445329
v 0.212962 0.020552 4.265412
v -0.290655 0.050765 4.277183
v -0.218122 0.053094 4.587808
v 0.241527 0.026470 4.379209
v 0.244214 0.033032 4.531881
v -0.068117 0.052737 4.664975
v 0.140039 0.049986 4.652102
v 0.047459 0.052735 4.678525
v -0.132547 0.052735 4.650178
v -0.012344 0.052737 4.673238
v -0.280029 0.069150 3.417276
v 0.398635 0.073404 3.371587
v 0.318124 0.412165 3.866639
v 0.213385 0.464569 3.550535
v 0.023260 0.444097 3.879818
v 0.315947 0.441095 3.577674
v -0.057711 0.446968 3.690926
v 0.229394 0.429612 3.904164
v 0.387160 0.407027 3.778824
v 0.074196 0.476560 3.559894
v -0.032699 0.441584 3.809463
v 0.391029 0.414549 3.656291
v -0.018275 0.459067 3.618747
v 0.107072 0.445430 3.905040
v 0.142165 0.473306 3.549314
v 0.168042 0.439001 3.908206
v 0.315524 0.071966 2.610811
v 0.225562 0.099000 2.803485
v 0.220346 0.098910 2.905522
v 0.239050 0.090341 3.010487
v 0.305116 0.101174 3.164861
v 0.370553 0.128242 3.303581
v 0.421637 0.155260 3.424340
v 0.429330 0.157651 3.562487
v 0.397050 0.160495 3.784259
v 0.355773 0.162723 3.885026
v 0.309728 0.126752 3.970201
v 0.231426 0.082998 4.076829
v 0.183950 0.048294 4.176203
v 0.206252 0.040006 4.264797
v 0.234451 0.051794 4.378650
v 0.237953 0.063965 4.529713
v -0.045140 0.097418 4.653255
v 0.138984 0.092764 4.640035
v 0.049980 0.097413 4.663984
v -0.106587 0.097414 4.638530
v 0.000482 0.097416 4.660014
v 0.403137 0.145301 3.373838
v -0.285213 0.106457 2.593142
v -0.285139 0.068664 2.415318
v -0.271018 0.148369 2.726365
v -0.253619 0.148031 3.161473
v -0.260989 0.152606 2.902435
v -0.252078 0.144266 3.009269
v -0.264688 0.130999 3.305519
v -0.290826 0.129998 3.444125
v -0.273146 0.131103 3.561568
v -0.177682 0.133391 3.780293
v -0.058296 0.086988 3.961198
v -0.122595 0.130934 3.878189
v -0.230341 0.074052 4.101323
v -0.063417 0.066530 4.047585
v -0.070936 0.063810 4.103557
v -0.243274 0.101472 4.447987
v -0.261449 0.093525 4.282610
v -0.185714 0.098122 4.577216
v -0.277790 0.129539 3.405777
v 0.244497 0.273597 1.309671
v 0.223257 0.522711 1.360094
v -0.023554 0.289595 1.179778
v 0.031445 0.564864 1.269438
v 0.171663 0.556482 1.339847
v 0.094951 0.570720 1.297152
v -0.025405 0.525247 1.230430
v 0.046056 0.247322 1.208741
v -0.055203 0.491247 1.197358
v 0.264533 0.470239 1.355611
v -0.073737 0.425118 1.169377
v -0.058477 0.358304 1.165256
v 0.124641 0.230840 1.250047
v 0.200461 0.237671 1.284820
v 0.274347 0.336049 1.330468
v 0.282135 0.401840 1.344766
v 0.164985 0.231012 1.268730
v 0.134120 0.565855 1.318594
v 0.336695 0.006831 3.926342
v -0.024233 0.284188 3.901107
v -0.095896 0.006831 3.906871
v -0.078889 0.171614 3.902912
v 0.022572 0.339479 3.908875
v 0.306633 0.294011 3.917338
v 0.333116 0.218771 3.923527
v 0.089255 0.355664 3.936401
v 0.214443 0.337547 3.937291
v 0.149488 0.350220 3.940887
v -0.093484 0.059330 3.905826
v 0.336265 0.078697 3.925995
v 0.335706 0.148500 3.925543
v -0.090600 0.110427 3.904469
v 0.282486 2.150859 3.707980
v 0.327760 2.152204 3.701436
v 0.322940 2.140620 3.661946
v 0.277317 2.143874 3.658741
v 0.267963 2.139820 3.682206
v 0.332549 2.139937 3.676233
v 0.205167 2.155526 3.711032
v 0.248521 2.152142 3.710061
v 0.242201 2.147906 3.658226
v 0.203113 2.155701 3.652408
v 0.198140 2.147871 3.686629
v 0.251238 2.141062 3.682293
v 0.173401 2.146042 3.652194
v 0.132823 2.107235 3.665789
v 0.176823 2.156834 3.711967
v 0.185667 2.148432 3.686730
v 0.133503 2.118636 3.699469
v 0.154785 2.146964 3.721755
v 0.356946 2.149327 3.695297
v 0.382701 2.112079 3.704967
v 0.352113 2.133258 3.661932
v 0.348923 2.140524 3.674259
v 0.377361 2.095064 3.664902
v 0.390498 2.092785 3.683877
v 0.338145 1.657206 3.653793
v 0.164756 1.653090 3.711565
v 0.173513 1.653782 3.672867
v 0.322501 1.663532 3.772404
v 0.257207 1.661380 3.781771
v 0.343022 1.661567 3.757769
v 0.365958 1.658320 3.689493
v 0.365262 1.657783 3.728265
v 0.208045 1.657938 3.638985
v 0.283809 1.659389 3.628267
v 0.216728 1.658673 3.776218
v 0.186875 1.655027 3.749039
v 0.244457 1.659212 3.629455
v 0.291502 1.662750 3.780561
v 0.307318 1.919082 3.757261
v 0.354085 1.908235 3.736229
v 0.370351 1.892721 3.699246
v 0.288803 1.874025 3.628992
v 0.147162 1.903424 3.725114
v 0.120465 1.887822 3.683715
v 0.336081 1.876561 3.641814
v 0.368136 1.887487 3.669085
v 0.232534 1.920786 3.771458
v 0.187735 1.915033 3.762353
v 0.136586 1.878543 3.625406
v 0.175455 1.888129 3.611371
v 0.229942 1.879417 3.617216
v 0.274111 1.921269 3.767966
v 0.211100 1.785265 3.645443
v 0.244320 1.785203 3.637247
v 0.327223 1.784176 3.654413
v 0.350894 1.788898 3.707680
v 0.172342 1.789369 3.710332
v 0.285435 1.798886 3.762851
v 0.350926 1.787154 3.682549
v 0.333981 1.794218 3.737450
v 0.255079 1.798896 3.764771
v 0.284106 1.784392 3.635233
v 0.219172 1.797894 3.759170
v 0.313336 1.797523 3.751668
v 0.180352 1.782670 3.668746
v 0.192471 1.792836 3.734135
v 0.333601 1.700070 3.660535
v 0.182853 1.699655 3.679117
v 0.259446 1.704622 3.769865
v 0.337141 1.704710 3.746297
v 0.358309 1.701132 3.718298
v 0.283804 1.701860 3.638689
v 0.195136 1.702405 3.740296
v 0.247737 1.702181 3.640069
v 0.290878 1.704981 3.769258
v 0.175570 1.699978 3.711642
v 0.319133 1.705347 3.760707
v 0.359104 1.701127 3.689288
v 0.214363 1.701795 3.648837
v 0.222357 1.704405 3.764198
v 0.135797 1.527533 3.711360
v 0.331520 1.551558 3.803725
v 0.384310 1.543690 3.690042
v 0.191127 1.540496 3.612601
v 0.201653 1.536213 3.808408
v 0.350313 1.542422 3.635739
v 0.148502 1.530942 3.656129
v 0.251210 1.545583 3.813653
v 0.358769 1.546038 3.788490
v 0.383881 1.541700 3.754954
v 0.283824 1.545658 3.600358
v 0.164755 1.528155 3.772451
v 0.235673 1.544150 3.601033
v 0.293170 1.549662 3.810830
v 0.343787 1.603984 3.645422
v 0.161916 1.596825 3.665106
v 0.254427 1.607688 3.796554
v 0.350323 1.608000 3.772014
v 0.373895 1.603959 3.740640
v 0.283816 1.606655 3.615326
v 0.176619 1.596200 3.759895
v 0.240384 1.605861 3.616276
v 0.292275 1.610314 3.794596
v 0.151328 1.594873 3.711471
v 0.326683 1.611613 3.786926
v 0.374467 1.605169 3.689748
v 0.200201 1.603483 3.626751
v 0.209738 1.601892 3.791144
v 0.148167 0.102544 4.206429
v 0.032661 0.137128 4.166317
v -0.005601 0.136240 4.154964
v 0.176351 0.067184 4.217754
v 0.195695 0.006831 4.220777
v 0.103744 0.132399 4.189101
v -0.186117 0.006831 4.071630
v -0.114734 0.095293 4.095347
v -0.057195 0.127984 4.132172
v 0.066049 0.136890 4.175708
v -0.172523 0.040043 4.076459
v 0.194781 0.021376 4.220328
v 0.189968 0.040866 4.219745
v -0.148317 0.067403 4.083525
s 1
f 1 2423 5924 2449
f 1 2449 5933 2432
f 1 2432 5664 1917
f 1 1917 5663 2423
f 2 2424 5925 2448
f 2 2448 5929 2428
f 2 2428 5657 1896
f 2 1896 5655 2424
f 3 1891 5928 2447
f 3 2447 5931 2430
f 3 2430 5659 1908
f 3 1908 5662 1891
f 4 1894 5934 2446
f 4 2446 5927 2426
f 4 2426 5666 1918
f 4 1918 5665 1894
f 5 1893 5932 2445
f 5 2445 5926 1890
f 5 1890 5656 1897
f 5 1897 5658 1893
f 6 2426 5927 2444
f 6 2444 5928 1891
f 6 1891 5662 1915
f 6 1915 5666 2426
f 7 2428 5929 2443
f 7 2443 5930 1892
f 7 1892 5660 1901
f 7 1901 5657 2428
f 8 2430 5931 2442
f 8 2442 5932 1893
f 8 1893 5658 1899
f 8 1899 5659 2430
f 9 2221 5936 2441
f 9 2441 5934 1894
f 9 1894 5665 1916
f 9 1916 5800 2221
f 10 1910 5902 2393
f 10 2393 5895 1898
f 10 1898 5670 1923
f 10 1923 5671 1910
f 11 2220 5908 2392
f 11 2392 5905 2376
f 11 2376 5677 1940
f 11 1940 5802 2220
f 12 1904 5898 2391
f 12 2391 5897 1903
f 12 1903 5675 1933
f 12 1933 5673 1904
f 13 1912 5904 2390
f 13 2390 5898 1904
f 13 1904 5673 1926
f 13 1926 5672 1912
f 14 2219 5907 2389
f 14 2389 5900 1906
f 14 1906 5667 2174
f 14 2174 5801 2219
f 15 1914 5906 2388
f 15 2388 5901 2372
f 15 2372 5674 1939
f 15 1939 5678 1914
f 16 2372 5901 2387
f 16 2387 5902 1910
f 16 1910 5671 1932
f 16 1932 5674 2372
f 17 2374 5903 2386
f 17 2386 5904 1912
f 17 1912 5672 1925
f 17 1925 5669 2374
f 18 2376 5905 2385
f 18 2385 5906 1914
f 18 1914 5678 1942
f 18 1942 5677 2376
f 19 2218 5935 2440
f 19 2440 5925 2424
f 19 2424 5655 2172
f 19 2172 5799 2218
f 20 1892 5930 2439
f 20 2439 5923 1889
f 20 1889 5661 1902
f 20 1902 5660 1892
f 21 1889 5923 2438
f 21 2438 5924 2423
f 21 2423 5663 1909
f 21 1909 5661 1889
f 22 1928 5912 2421
f 22 2421 5909 1922
f 22 1922 5687 1950
f 22 1950 5686 1928
f 23 2217 5922 2420
f 23 2420 5919 2404
f 23 2404 5679 2176
f 23 2176 5803 2217
f 24 1930 5914 2419
f 24 2419 5910 2395
f 24 2395 5690 1963
f 24 1963 5694 1930
f 25 2395 5910 2418
f 25 2418 5911 1927
f 25 1927 5684 1956
f 25 1956 5690 2395
f 26 1938 5920 2417
f 26 2417 5912 1928
f 26 1928 5686 1949
f 26 1949 5681 1938
f 27 2398 5913 2416
f 27 2416 5914 1930
f 27 1930 5694 1966
f 27 1966 5693 2398
f 28 2400 5915 2415
f 28 2415 5916 1934
f 28 1934 5680 1945
f 28 1945 5682 2400
f 29 2402 5917 2414
f 29 2414 5918 1936
f 29 1936 5692 1965
f 29 1965 5691 2402
f 30 2404 5919 2413
f 30 2413 5920 1938
f 30 1938 5681 1944
f 30 1944 5679 2404
f 31 1906 5900 2384
f 31 2384 5903 2374
f 31 2374 5669 1920
f 31 1920 5667 1906
f 32 1903 5897 2383
f 32 2383 5896 2367
f 32 2367 5676 1941
f 32 1941 5675 1903
f 33 1898 5895 2382
f 33 2382 5899 2370
f 33 2370 5668 1921
f 33 1921 5670 1898
f 34 1955 5693 1966
f 34 1966 5694 1948
f 34 1948 5710 1990
f 34 1990 5709 1955
f 35 1953 5682 1945
f 35 1945 5680 1961
f 35 1961 5696 1969
f 35 1969 5698 1953
f 36 1958 5691 1965
f 36 1965 5692 1954
f 36 1954 5708 1989
f 36 1989 5707 1958
f 37 1962 5679 1944
f 37 1944 5681 1951
f 37 1951 5697 1968
f 37 1968 5695 1962
f 38 1952 5684 1947
f 38 1947 5682 1953
f 38 1953 5698 1971
f 38 1971 5700 1952
f 39 2216 5804 1964
f 39 1964 5693 1955
f 39 1955 5709 1988
f 39 1988 5806 2216
f 40 1960 5687 1957
f 40 1957 5691 1958
f 40 1958 5707 1981
f 40 1981 5703 1960
f 41 1959 5686 1950
f 41 1950 5687 1960
f 41 1960 5703 1974
f 41 1974 5702 1959
f 42 2215 5803 2176
f 42 2176 5679 1962
f 42 1962 5695 2178
f 42 2178 5805 2215
f 43 1922 5909 2412
f 43 2412 5917 2402
f 43 2402 5691 1957
f 43 1957 5687 1922
f 44 2214 5921 2411
f 44 2411 5913 2398
f 44 2398 5693 1964
f 44 1964 5804 2214
f 45 1927 5911 2410
f 45 2410 5915 2400
f 45 2400 5682 1947
f 45 1947 5684 1927
f 46 1979 5749 2083
f 46 2083 5744 1972
f 46 1972 5718 2014
f 46 2014 5717 1979
f 47 1977 5747 2082
f 47 2082 5753 2070
f 47 2070 5688 1993
f 47 1993 5683 1977
f 48 1982 5750 2081
f 48 2081 5748 2065
f 48 2065 5716 2013
f 48 2013 5715 1982
f 49 1986 5754 2080
f 49 2080 5745 1975
f 49 1975 5685 1992
f 49 1992 5689 1986
f 50 2063 5746 2079
f 50 2079 5747 1977
f 50 1977 5683 1995
f 50 1995 5711 2063
f 51 2213 5814 2187
f 51 2187 5749 1979
f 51 1979 5717 2012
f 51 2012 5808 2213
f 52 1984 5752 2077
f 52 2077 5750 1982
f 52 1982 5715 2005
f 52 2005 5713 1984
f 53 2068 5751 2076
f 53 2076 5752 1984
f 53 1984 5713 1998
f 53 1998 5712 2068
f 54 2212 5813 2186
f 54 2186 5754 1986
f 54 1986 5689 2180
f 54 2180 5807 2212
f 55 1951 5681 1949
f 55 1949 5686 1959
f 55 1959 5702 1973
f 55 1973 5697 1951
f 56 1946 5690 1956
f 56 1956 5684 1952
f 56 1952 5700 1980
f 56 1980 5706 1946
f 57 1948 5694 1963
f 57 1963 5690 1946
f 57 1946 5706 1987
f 57 1987 5710 1948
f 58 1999 6516 3714
f 58 3714 6527 3699
f 58 3699 5704 2017
f 58 2017 5699 1999
f 59 2002 6518 3713
f 59 3713 6525 3697
f 59 3697 5728 2025
f 59 2025 5727 2002
f 60 2008 6520 3712
f 60 3712 6515 1994
f 60 1994 5701 2016
f 60 2016 5705 2008
f 61 3696 6524 3711
f 61 3711 6516 1999
f 61 1999 5699 2018
f 61 2018 5720 3696
f 62 2211 6523 3710
f 62 3710 6517 2001
f 62 2001 5729 2024
f 62 2024 5810 2211
f 63 2006 6519 3709
f 63 3709 6518 2002
f 63 2002 5727 2022
f 63 2022 5723 2006
f 64 3698 6526 3708
f 64 3708 6519 2006
f 64 2006 5723 2020
f 64 2020 5722 3698
f 65 2210 6522 3707
f 65 3707 6520 2008
f 65 2008 5705 2182
f 65 2182 5809 2210
f 66 3700 6528 3706
f 66 3706 6521 2010
f 66 2010 5726 2023
f 66 2023 5730 3700
f 67 1975 5745 2074
f 67 2074 5751 2068
f 67 2068 5712 1997
f 67 1997 5685 1975
f 68 2060 5743 2073
f 68 2073 5746 2063
f 68 2063 5711 2004
f 68 2004 5714 2060
f 69 1972 5744 2072
f 69 2072 5743 2060
f 69 2060 5714 2011
f 69 2011 5718 1972
f 70 2001 6517 3705
f 70 3705 6528 3700
f 70 3700 5730 2026
f 70 2026 5729 2001
f 71 1994 6515 3704
f 71 3704 6526 3698
f 71 3698 5722 2019
f 71 2019 5701 1994
f 72 2010 6521 3703
f 72 3703 6524 3696
f 72 3696 5720 2021
f 72 2021 5726 2010
f 73 2031 6505 3686
f 73 3686 6513 3553
f 73 3553 5719 2040
f 73 2040 5732 2031
f 74 2032 6506 3685
f 74 3685 6509 3667
f 74 3667 5741 2057
f 74 2057 5812 2032
f 75 2030 6504 3684
f 75 3684 6508 2034
f 75 2034 5739 2050
f 75 2050 5735 2030
f 76 2033 6507 3683
f 76 3683 6504 2030
f 76 2030 5735 2043
f 76 2043 5734 2033
f 77 2028 6502 3682
f 77 3682 6510 2207
f 77 2207 5725 2184
f 77 2184 5811 2028
f 78 2208 6511 3681
f 78 3681 6514 3672
f 78 3672 5738 2056
f 78 2056 5742 2208
f 79 3672 6514 3680
f 79 3680 6505 2031
f 79 2031 5732 2049
f 79 2049 5738 3672
f 80 3661 6503 3679
f 80 3679 6507 2033
f 80 2033 5734 2042
f 80 2042 5721 3661
f 81 3667 6509 3678
f 81 3678 6511 2208
f 81 2208 5742 2059
f 81 2059 5741 3667
f 82 2206 6500 3658
f 82 3658 6495 3639
f 82 3639 5769 2105
f 82 2105 5816 2206
f 83 2044 6489 3657
f 83 3657 6488 2041
f 83 2041 5767 2098
f 83 2098 5763 2044
f 84 2051 6494 3656
f 84 3656 6489 2044
f 84 2044 5763 2091
f 84 2091 5762 2051
f 85 2205 6499 3655
f 85 3655 6490 2045
f 85 2045 5755 2188
f 85 2188 5815 2205
f 86 2053 6496 3654
f 86 3654 6491 3635
f 86 3635 5766 2104
f 86 2104 5770 2053
f 87 3635 6491 3653
f 87 3653 6492 2047
f 87 2047 5760 2097
f 87 2097 5766 3635
f 88 3637 6493 3652
f 88 3652 6494 2051
f 88 2051 5762 2090
f 88 2090 5757 3637
f 89 3639 6495 3651
f 89 3651 6496 2053
f 89 2053 5770 2107
f 89 2107 5769 3639
f 90 3641 6497 3650
f 90 3650 6498 2055
f 90 2055 5756 2086
f 90 2086 5758 3641
f 91 2207 6510 3677
f 91 3677 6503 3661
f 91 3661 5721 2037
f 91 2037 5725 2207
f 92 2034 6508 3676
f 92 3676 6512 3670
f 92 3670 5740 2058
f 92 2058 5739 2034
f 93 3553 6513 3675
f 93 3675 6501 3659
f 93 3659 5724 2038
f 93 2038 5719 3553
f 94 2061 5710 1987
f 94 1987 5706 1970
f 94 1970 5743 2072
f 94 2072 5744 2061
f 95 1970 5706 1980
f 95 1980 5700 1976
f 95 1976 5746 2073
f 95 2073 5743 1970
f 96 2062 5697 1973
f 96 1973 5702 1983
f 96 1983 5751 2074
f 96 2074 5745 2062
f 97 2204 5805 2178
f 97 2178 5695 2071
f 97 2071 5754 2186
f 97 2186 5813 2204
f 98 1983 5702 1974
f 98 1974 5703 2069
f 98 2069 5752 2076
f 98 2076 5751 1983
f 99 2069 5703 1981
f 99 1981 5707 2067
f 99 2067 5750 2077
f 99 2077 5752 2069
f 100 2203 5806 1988
f 100 1988 5709 2066
f 100 2066 5749 2187
f 100 2187 5814 2203
f 101 1976 5700 1971
f 101 1971 5698 2064
f 101 2064 5747 2079
f 101 2079 5746 1976
f 102 2071 5695 1968
f 102 1968 5697 2062
f 102 2062 5745 2080
f 102 2080 5754 2071
f 103 2067 5707 1989
f 103 1989 5708 1978
f 103 1978 5748 2081
f 103 2081 5750 2067
f 104 2064 5698 1969
f 104 1969 5696 1985
f 104 1985 5753 2082
f 104 2082 5747 2064
f 105 2066 5709 1990
f 105 1990 5710 2061
f 105 2061 5744 2083
f 105 2083 5749 2066
f 106 2117 5772 2123
f 106 2123 5771 2112
f 106 2112 5736 2110
f 106 2110 5731 2117
f 107 2202 5822 2195
f 107 2195 5797 2146
f 107 2146 5775 2190
f 107 2190 5817 2202
f 108 2095 5790 2170
f 108 2170 5765 2148
f 108 2148 5778 2132
f 108 2132 5782 2095
f 109 2101 5794 2169
f 109 2169 5761 2150
f 109 2150 5785 2142
f 109 2142 5789 2101
f 110 2148 5765 2168
f 110 2168 5764 2092
f 110 2092 5776 2126
f 110 2126 5778 2148
f 111 2150 5761 2167
f 111 2167 5790 2095
f 111 2095 5782 2135
f 111 2135 5785 2150
f 112 2152 5791 2166
f 112 2166 5792 2099
f 112 2099 5780 2128
f 112 2128 5777 2152
f 113 2154 5793 2165
f 113 2165 5794 2101
f 113 2101 5789 2145
f 113 2145 5788 2154
f 114 2156 5795 2164
f 114 2164 5796 2103
f 114 2103 5787 2144
f 114 2144 5786 2156
f 115 2047 6492 3649
f 115 3649 6497 3641
f 115 3641 5758 2088
f 115 2088 5760 2047
f 116 2045 6490 3648
f 116 3648 6493 3637
f 116 3637 5757 2085
f 116 2085 5755 2045
f 117 2041 6488 3647
f 117 3647 6487 3631
f 117 3631 5768 2106
f 117 2106 5767 2041
f 118 2110 5736 2108
f 118 2108 5737 2109
f 118 2109 5733 2111
f 118 2111 5731 2110
f 119 2112 5771 2122
f 119 2122 5773 2114
f 119 2114 5737 2108
f 119 2108 5736 2112
f 120 2114 5773 2121
f 120 2121 5774 2115
f 120 2115 5733 2109
f 120 2109 5737 2114
f 121 2115 5774 2120
f 121 2120 5772 2117
f 121 2117 5731 2111
f 121 2111 5733 2115
f 122 2119 5759 2094
f 122 2094 5760 2113
f 122 2113 5772 2120
f 122 2120 5774 2119
f 123 2118 5756 2087
f 123 2087 5759 2119
f 123 2119 5774 2121
f 123 2121 5773 2118
f 124 2116 5758 2086
f 124 2086 5756 2118
f 124 2118 5773 2122
f 124 2122 5771 2116
f 125 2113 5760 2088
f 125 2088 5758 2116
f 125 2116 5771 2123
f 125 2123 5772 2113
f 126 2201 5817 2190
f 126 2190 5775 2127
f 126 2127 5779 2191
f 126 2191 5818 2201
f 127 2127 5775 2125
f 127 2125 5777 2128
f 127 2128 5780 2131
f 127 2131 5779 2127
f 128 3582 6464 3590
f 128 3590 6463 2266
f 128 2266 5845 2262
f 128 2262 5843 3582
f 129 3558 6452 3566
f 129 3566 6451 2242
f 129 2242 5830 2236
f 129 2236 5832 3558
f 130 3594 6470 3602
f 130 3602 6469 2230
f 130 2230 5825 2224
f 130 2224 5826 3594
f 131 3580 6462 3589
f 131 3589 6461 2139
f 131 2139 5841 2258
f 131 2258 5842 3580
f 132 3556 6450 3565
f 132 3565 6449 2192
f 132 2192 5834 2238
f 132 2238 5831 3556
f 133 3592 6468 3601
f 133 3601 6467 2138
f 133 2138 5828 2228
f 133 2228 5827 3592
f 134 2099 5792 2163
f 134 2163 5798 2147
f 134 2147 5781 2129
f 134 2129 5780 2099
f 135 2147 5798 2162
f 135 2162 5795 2156
f 135 2156 5786 2136
f 135 2136 5781 2147
f 136 2198 5821 2194
f 136 2194 5793 2154
f 136 2154 5788 2143
f 136 2143 5820 2198
f 137 2146 5797 2160
f 137 2160 5791 2152
f 137 2152 5777 2125
f 137 2125 5775 2146
f 138 2158 5755 2085
f 138 2085 5757 2096
f 138 2096 5791 2160
f 138 2160 5797 2158
f 139 2197 5816 2105
f 139 2105 5769 2100
f 139 2100 5793 2194
f 139 2194 5821 2197
f 140 2159 5763 2098
f 140 2098 5767 2102
f 140 2102 5795 2162
f 140 2162 5798 2159
f 141 2153 5762 2091
f 141 2091 5763 2159
f 141 2159 5798 2163
f 141 2163 5792 2153
f 142 2102 5767 2106
f 142 2106 5768 2157
f 142 2157 5796 2164
f 142 2164 5795 2102
f 143 2100 5769 2107
f 143 2107 5770 2155
f 143 2155 5794 2165
f 143 2165 5793 2100
f 144 2096 5757 2090
f 144 2090 5762 2153
f 144 2153 5792 2166
f 144 2166 5791 2096
f 145 2093 5766 2097
f 145 2097 5760 2151
f 145 2151 5790 2167
f 145 2167 5761 2093
f 146 2089 5759 2087
f 146 2087 5756 2149
f 146 2149 5764 2168
f 146 2168 5765 2089
f 147 2155 5770 2104
f 147 2104 5766 2093
f 147 2093 5761 2169
f 147 2169 5794 2155
f 148 2151 5760 2094
f 148 2094 5759 2089
f 148 2089 5765 2170
f 148 2170 5790 2151
f 149 2196 5815 2188
f 149 2188 5755 2158
f 149 2158 5797 2195
f 149 2195 5822 2196
f 150 2149 5756 2084
f 150 2084 5815 2196
f 150 2196 5822 2171
f 150 2171 5764 2149
f 151 2157 5768 2189
f 151 2189 5816 2197
f 151 2197 5821 2161
f 151 2161 5796 2157
f 152 2103 5796 2161
f 152 2161 5821 2198
f 152 2198 5820 2193
f 152 2193 5787 2103
f 153 3570 6458 3578
f 153 3578 6457 2254
f 153 2254 5835 2246
f 153 2246 5836 3570
f 154 3568 6456 3577
f 154 3577 6455 2137
f 154 2137 5839 2250
f 154 2250 5840 3568
f 155 2126 5776 2124
f 155 2124 5817 2201
f 155 2201 5818 2130
f 155 2130 5778 2126
f 156 2092 5764 2171
f 156 2171 5822 2202
f 156 2202 5817 2124
f 156 2124 5776 2092
f 157 1978 5708 2179
f 157 2179 5806 2203
f 157 2203 5814 2078
f 157 2078 5748 1978
f 158 1985 5696 1967
f 158 1967 5805 2204
f 158 2204 5813 2075
f 158 2075 5753 1985
f 159 2055 6498 3646
f 159 3646 6499 2205
f 159 2205 5815 2084
f 159 2084 5756 2055
f 160 3631 6487 3645
f 160 3645 6500 2206
f 160 2206 5816 2189
f 160 2189 5768 3631
f 161 3659 6501 3674
f 161 3674 6502 2028
f 161 2028 5811 2036
f 161 2036 5724 3659
f 162 3670 6512 3673
f 162 3673 6506 2032
f 162 2032 5812 2185
f 162 2185 5740 3670
f 163 3699 6527 3702
f 163 3702 6522 2210
f 163 2210 5809 2015
f 163 2015 5704 3699
f 164 3697 6525 3701
f 164 3701 6523 2211
f 164 2211 5810 2183
f 164 2183 5728 3697
f 165 2070 5753 2075
f 165 2075 5813 2212
f 165 2212 5807 1991
f 165 1991 5688 2070
f 166 2065 5748 2078
f 166 2078 5814 2213
f 166 2213 5808 2181
f 166 2181 5716 2065
f 167 1936 5918 2409
f 167 2409 5921 2214
f 167 2214 5804 2177
f 167 2177 5692 1936
f 168 1961 5680 1943
f 168 1943 5803 2215
f 168 2215 5805 1967
f 168 1967 5696 1961
f 169 1954 5692 2177
f 169 2177 5804 2216
f 169 2216 5806 2179
f 169 2179 5708 1954
f 170 1934 5916 2408
f 170 2408 5922 2217
f 170 2217 5803 1943
f 170 1943 5680 1934
f 171 1890 5926 2437
f 171 2437 5935 2218
f 171 2218 5799 1895
f 171 1895 5656 1890
f 172 2370 5899 2381
f 172 2381 5907 2219
f 172 2219 5801 1919
f 172 1919 5668 2370
f 173 2367 5896 2380
f 173 2380 5908 2220
f 173 2220 5802 2175
f 173 2175 5676 2367
f 174 2432 5933 2436
f 174 2436 5936 2221
f 174 2221 5800 2173
f 174 2173 5664 2432
f 175 2307 5846 2263
f 175 2263 5844 2306
f 175 2306 5868 2296
f 175 2296 5870 2307
f 176 2298 5833 2240
f 176 2240 5832 2305
f 176 2305 5856 2283
f 176 2283 5857 2298
f 177 2230 6469 3600
f 177 3600 6471 2232
f 177 2232 5823 2223
f 177 2223 5825 2230
f 178 2138 6467 3599
f 178 3599 6470 3594
f 178 3594 5826 2227
f 178 2227 5828 2138
f 179 2232 6471 3598
f 179 3598 6472 2233
f 179 2233 5824 2222
f 179 2222 5823 2232
f 180 2233 6472 3597
f 180 3597 6468 3592
f 180 3592 5827 2225
f 180 2225 5824 2233
f 181 2304 5824 2225
f 181 2225 5827 2303
f 181 2303 5851 2273
f 181 2273 5848 2304
f 182 2302 5843 2262
f 182 2262 5845 2301
f 182 2301 5869 2295
f 182 2295 5867 2302
f 183 3559 6453 3564
f 183 3564 6452 3558
f 183 3558 5832 2240
f 183 2240 5833 3559
f 184 2242 6451 3563
f 184 3563 6454 2245
f 184 2245 5829 2234
f 184 2234 5830 2242
f 185 2245 6454 3562
f 185 3562 6450 3556
f 185 3556 5831 2235
f 185 2235 5829 2245
f 186 2192 6449 3561
f 186 3561 6453 3559
f 186 3559 5833 2239
f 186 2239 5834 2192
f 187 2300 5837 2247
f 187 2247 5836 2248
f 187 2248 5860 2285
f 187 2285 5861 2300
f 188 2299 5834 2239
f 188 2239 5833 2298
f 188 2298 5857 2282
f 188 2282 5858 2299
f 189 2137 6455 3576
f 189 3576 6459 2256
f 189 2256 5837 2249
f 189 2249 5839 2137
f 190 2254 6457 3575
f 190 3575 6460 2257
f 190 2257 5838 2252
f 190 2252 5835 2254
f 191 2257 6460 3574
f 191 3574 6456 3568
f 191 3568 5840 2251
f 191 2251 5838 2257
f 192 2256 6459 3573
f 192 3573 6458 3570
f 192 3570 5836 2247
f 192 2247 5837 2256
f 193 2226 5826 2224
f 193 2224 5825 2237
f 193 2237 5849 2272
f 193 2272 5850 2226
f 194 2248 5836 2246
f 194 2246 5835 2261
f 194 2261 5859 2284
f 194 2284 5860 2248
f 195 3583 6465 3588
f 195 3588 6462 3580
f 195 3580 5842 2260
f 195 2260 5844 3583
f 196 3584 6466 3587
f 196 3587 6465 3583
f 196 3583 5844 2263
f 196 2263 5846 3584
f 197 2266 6463 3586
f 197 3586 6466 3584
f 197 3584 5846 2264
f 197 2264 5845 2266
f 198 2139 6461 3585
f 198 3585 6464 3582
f 198 3582 5843 2259
f 198 2259 5841 2139
f 199 2355 5861 2285
f 199 2285 5860 2349
f 199 2349 5884 2333
f 199 2333 5885 2355
f 200 2354 5847 2270
f 200 2270 5848 2353
f 200 2353 5872 2318
f 200 2318 5871 2354
f 201 2346 5865 2292
f 201 2292 5867 2352
f 201 2352 5891 2340
f 201 2340 5889 2346
f 202 2351 5854 2277
f 202 2277 5853 2350
f 202 2350 5877 2325
f 202 2325 5878 2351
f 203 2349 5860 2284
f 203 2284 5859 2348
f 203 2348 5883 2332
f 203 2332 5884 2349
f 204 2347 5866 2291
f 204 2291 5865 2346
f 204 2346 5889 2339
f 204 2339 5890 2347
f 205 2274 5851 2276
f 205 2276 5852 2280
f 205 2280 5876 2324
f 205 2324 5875 2274
f 206 2286 5857 2283
f 206 2283 5856 2294
f 206 2294 5880 2331
f 206 2331 5881 2286
f 207 2309 5830 2234
f 207 2234 5829 2308
f 207 2308 5853 2277
f 207 2277 5854 2309
f 208 2310 5839 2249
f 208 2249 5837 2300
f 208 2300 5861 2287
f 208 2287 5863 2310
f 209 2301 5845 2264
f 209 2264 5846 2307
f 209 2307 5870 2297
f 209 2297 5869 2301
f 210 2311 5828 2227
f 210 2227 5826 2226
f 210 2226 5850 2275
f 210 2275 5852 2311
f 211 2308 5829 2235
f 211 2235 5831 2312
f 211 2312 5855 2278
f 211 2278 5853 2308
f 212 2313 5840 2250
f 212 2250 5839 2310
f 212 2310 5863 2288
f 212 2288 5864 2313
f 213 2303 5827 2228
f 213 2228 5828 2311
f 213 2311 5852 2276
f 213 2276 5851 2303
f 214 2315 5842 2258
f 214 2258 5841 2314
f 214 2314 5865 2291
f 214 2291 5866 2315
f 215 2305 5832 2236
f 215 2236 5830 2309
f 215 2309 5854 2279
f 215 2279 5856 2305
f 216 2316 5838 2251
f 216 2251 5840 2313
f 216 2313 5864 2289
f 216 2289 5862 2316
f 217 2314 5841 2259
f 217 2259 5843 2302
f 217 2302 5867 2292
f 217 2292 5865 2314
f 218 2317 5823 2222
f 218 2222 5824 2304
f 218 2304 5848 2270
f 218 2270 5847 2317
f 219 2261 5835 2252
f 219 2252 5838 2316
f 219 2316 5862 2290
f 219 2290 5859 2261
f 220 2306 5844 2260
f 220 2260 5842 2315
f 220 2315 5866 2293
f 220 2293 5868 2306
f 221 2237 5825 2223
f 221 2223 5823 2317
f 221 2317 5847 2271
f 221 2271 5849 2237
f 222 2312 5831 2238
f 222 2238 5834 2299
f 222 2299 5858 2281
f 222 2281 5855 2312
f 223 2320 5873 2319
f 223 2319 5871 2318
f 223 2318 5872 2322
f 223 2322 5874 2320
f 224 2323 5874 2322
f 224 2322 5872 2321
f 224 2321 5875 2324
f 224 2324 5876 2323
f 225 2331 5880 2327
f 225 2327 5878 2325
f 225 2325 5877 2328
f 225 2328 5881 2331
f 226 2330 5881 2328
f 226 2328 5877 2326
f 226 2326 5879 2329
f 226 2329 5882 2330
f 227 2335 5885 2334
f 227 2334 5886 2337
f 227 2337 5888 2336
f 227 2336 5887 2335
f 228 2333 5884 2332
f 228 2332 5883 2338
f 228 2338 5886 2334
f 228 2334 5885 2333
f 229 2341 5890 2339
f 229 2339 5889 2340
f 229 2340 5891 2342
f 229 2342 5892 2341
f 230 2344 5892 2342
f 230 2342 5891 2343
f 230 2343 5893 2345
f 230 2345 5894 2344
f 231 2350 5853 2278
f 231 2278 5855 2356
f 231 2356 5879 2326
f 231 2326 5877 2350
f 232 2357 5868 2293
f 232 2293 5866 2347
f 232 2347 5890 2341
f 232 2341 5892 2357
f 233 2358 5849 2271
f 233 2271 5847 2354
f 233 2354 5871 2319
f 233 2319 5873 2358
f 234 2294 5856 2279
f 234 2279 5854 2351
f 234 2351 5878 2327
f 234 2327 5880 2294
f 235 2359 5850 2272
f 235 2272 5849 2358
f 235 2358 5873 2320
f 235 2320 5874 2359
f 236 2360 5863 2287
f 236 2287 5861 2355
f 236 2355 5885 2335
f 236 2335 5887 2360
f 237 2352 5867 2295
f 237 2295 5869 2361
f 237 2361 5893 2343
f 237 2343 5891 2352
f 238 2353 5848 2273
f 238 2273 5851 2274
f 238 2274 5875 2321
f 238 2321 5872 2353
f 239 2362 5864 2288
f 239 2288 5863 2360
f 239 2360 5887 2336
f 239 2336 5888 2362
f 240 2356 5855 2281
f 240 2281 5858 2363
f 240 2363 5882 2329
f 240 2329 5879 2356
f 241 2364 5870 2296
f 241 2296 5868 2357
f 241 2357 5892 2344
f 241 2344 5894 2364
f 242 2365 5862 2289
f 242 2289 5864 2362
f 242 2362 5888 2337
f 242 2337 5886 2365
f 243 2363 5858 2282
f 243 2282 5857 2286
f 243 2286 5881 2330
f 243 2330 5882 2363
f 244 2361 5869 2297
f 244 2297 5870 2364
f 244 2364 5894 2345
f 244 2345 5893 2361
f 245 2280 5852 2275
f 245 2275 5850 2359
f 245 2359 5874 2323
f 245 2323 5876 2280
f 246 2348 5859 2290
f 246 2290 5862 2365
f 246 2365 5886 2338
f 246 2338 5883 2348
f 247 1900 5664 2173
f 247 2173 5800 2379
f 247 2379 5908 2380
f 247 2380 5896 1900
f 248 1905 5656 1895
f 248 1895 5799 2378
f 248 2378 5907 2381
f 248 2381 5899 1905
f 249 2366 5658 1897
f 249 1897 5656 1905
f 249 1905 5899 2382
f 249 2382 5895 2366
f 250 2368 5663 1917
f 250 1917 5664 1900
f 250 1900 5896 2383
f 250 2383 5897 2368
f 251 2371 5655 1896
f 251 1896 5657 1911
f 251 1911 5903 2384
f 251 2384 5900 2371
f 252 1913 5665 1918
f 252 1918 5666 2377
f 252 2377 5906 2385
f 252 2385 5905 1913
f 253 1911 5657 1901
f 253 1901 5660 2375
f 253 2375 5904 2386
f 253 2386 5903 1911
f 254 1907 5662 1908
f 254 1908 5659 2373
f 254 2373 5902 2387
f 254 2387 5901 1907
f 255 2377 5666 1915
f 255 1915 5662 1907
f 255 1907 5901 2388
f 255 2388 5906 2377
f 256 2378 5799 2172
f 256 2172 5655 2371
f 256 2371 5900 2389
f 256 2389 5907 2378
f 257 2375 5660 1902
f 257 1902 5661 2369
f 257 2369 5898 2390
f 257 2390 5904 2375
f 258 2369 5661 1909
f 258 1909 5663 2368
f 258 2368 5897 2391
f 258 2391 5898 2369
f 259 2379 5800 1916
f 259 1916 5665 1913
f 259 1913 5905 2392
f 259 2392 5908 2379
f 260 2373 5659 1899
f 260 1899 5658 2366
f 260 2366 5895 2393
f 260 2393 5902 2373
f 261 2401 5668 1919
f 261 1919 5801 2407
f 261 2407 5922 2408
f 261 2408 5916 2401
f 262 2403 5676 2175
f 262 2175 5802 2406
f 262 2406 5921 2409
f 262 2409 5918 2403
f 263 2396 5671 1923
f 263 1923 5670 1931
f 263 1931 5915 2410
f 263 2410 5911 2396
f 264 2406 5802 1940
f 264 1940 5677 1929
f 264 1929 5913 2411
f 264 2411 5921 2406
f 265 2394 5673 1933
f 265 1933 5675 1935
f 265 1935 5917 2412
f 265 2412 5909 2394
f 266 1937 5667 1920
f 266 1920 5669 2405
f 266 2405 5920 2413
f 266 2413 5919 1937
f 267 1935 5675 1941
f 267 1941 5676 2403
f 267 2403 5918 2414
f 267 2414 5917 1935
f 268 1931 5670 1921
f 268 1921 5668 2401
f 268 2401 5916 2415
f 268 2415 5915 1931
f 269 1929 5677 1942
f 269 1942 5678 2399
f 269 2399 5914 2416
f 269 2416 5913 1929
f 270 2405 5669 1925
f 270 1925 5672 2397
f 270 2397 5912 2417
f 270 2417 5920 2405
f 271 1924 5674 1932
f 271 1932 5671 2396
f 271 2396 5911 2418
f 271 2418 5910 1924
f 272 2399 5678 1939
f 272 1939 5674 1924
f 272 1924 5910 2419
f 272 2419 5914 2399
f 273 2407 5801 2174
f 273 2174 5667 1937
f 273 1937 5919 2420
f 273 2420 5922 2407
f 274 2397 5672 1926
f 274 1926 5673 2394
f 274 2394 5909 2421
f 274 2421 5912 2397
f 275 2455 5942 2469
f 275 2469 5950 2435
f 275 2435 5936 2436
f 275 2436 5933 2455
f 276 2425 5944 2468
f 276 2468 5949 2434
f 276 2434 5935 2437
f 276 2437 5926 2425
f 277 2422 5943 2467
f 277 2467 5937 2450
f 277 2450 5924 2438
f 277 2438 5923 2422
f 278 2429 5946 2466
f 278 2466 5943 2422
f 278 2422 5923 2439
f 278 2439 5930 2429
f 279 2434 5949 2465
f 279 2465 5938 2451
f 279 2451 5925 2440
f 279 2440 5935 2434
f 280 2435 5950 2464
f 280 2464 5948 2433
f 280 2433 5934 2441
f 280 2441 5936 2435
f 281 2454 5941 2463
f 281 2463 5947 2431
f 281 2431 5932 2442
f 281 2442 5931 2454
f 282 2453 5940 2462
f 282 2462 5946 2429
f 282 2429 5930 2443
f 282 2443 5929 2453
f 283 2452 5939 2461
f 283 2461 5945 2427
f 283 2427 5928 2444
f 283 2444 5927 2452
f 284 2431 5947 2460
f 284 2460 5944 2425
f 284 2425 5926 2445
f 284 2445 5932 2431
f 285 2433 5948 2459
f 285 2459 5939 2452
f 285 2452 5927 2446
f 285 2446 5934 2433
f 286 2427 5945 2458
f 286 2458 5941 2454
f 286 2454 5931 2447
f 286 2447 5928 2427
f 287 2451 5938 2457
f 287 2457 5940 2453
f 287 2453 5929 2448
f 287 2448 5925 2451
f 288 2450 5937 2456
f 288 2456 5942 2455
f 288 2455 5933 2449
f 288 2449 5924 2450
f 289 2478 6865 3390
f 289 3390 6324 2482
f 289 2482 6873 2478
f 290 3531 6874 3532
f 290 3532 5978 2474
f 290 2474 5954 2480
f 290 2480 5955 3531
f 291 2482 6324 3315
f 291 3315 6323 2477
f 291 2477 6866 2471
f 291 2471 6873 2482
f 292 2494 5953 2475
f 292 2475 5955 2493
f 292 2493 5961 2490
f 292 2490 5960 2494
f 293 3314 6328 3240
f 293 3240 6868 2487
f 293 2487 6878 3241
f 293 3241 6329 3314
f 294 3445 6867 2473
f 294 2473 6874 3531
f 294 3531 5955 2475
f 294 2475 5953 3445
f 295 3313 6329 3241
f 295 3241 6878 2527
f 295 2527 6957 3242
f 295 3242 6330 3313
f 296 2683 6049 2664
f 296 2664 5952 2489
f 296 2489 5958 2667
f 296 2667 6052 2683
f 297 2504 5961 2491
f 297 2491 5962 2503
f 297 2503 5967 2500
f 297 2500 5966 2504
f 298 3550 6905 3448
f 298 3448 5959 2502
f 298 2502 5964 3550
f 299 3448 6905 2530
f 299 2530 6867 2495
f 299 2495 5959 3448
f 300 2497 5954 2488
f 300 2488 5957 2496
f 300 2496 5963 2492
f 300 2492 5962 2497
f 301 2493 5955 2480
f 301 2480 5954 2497
f 301 2497 5962 2491
f 301 2491 5961 2493
f 302 2495 6867 3445
f 302 3445 5953 2494
f 302 2494 5960 3549
f 302 3549 5959 2495
f 303 2514 5967 3447
f 303 3447 5963 3470
f 303 3470 5976 2512
f 303 2512 5973 2514
f 304 2515 5966 2500
f 304 2500 5967 2514
f 304 2514 5973 2509
f 304 2509 5971 2515
f 305 3212 6905 3550
f 305 3550 5964 2499
f 305 2499 5968 2532
f 305 2532 5983 3212
f 306 2501 5985 2485
f 306 2485 5958 2550
f 306 2550 5977 2511
f 306 2511 5987 2501
f 307 2503 5962 2492
f 307 2492 5963 3447
f 307 3447 5967 2503
f 308 2502 5959 3549
f 308 3549 5960 2505
f 308 2505 5965 3449
f 308 3449 5964 2502
f 309 2505 5960 2490
f 309 2490 5961 2504
f 309 2504 5966 2498
f 309 2498 5965 2505
f 310 2539 5975 2508
f 310 2508 5972 2552
f 310 2552 5997 2561
f 310 2561 5996 2539
f 311 3215 6276 3136
f 311 3136 5983 2546
f 311 2546 6003 3138
f 311 3138 6278 3215
f 312 2524 5977 2513
f 312 2513 5974 2538
f 312 2538 5995 2567
f 312 2567 6001 2524
f 313 2545 5973 2512
f 313 2512 5976 2525
f 313 2525 6002 2566
f 313 2566 5998 2545
f 314 2499 5964 3449
f 314 3449 5965 2516
f 314 2516 5970 3529
f 314 3529 5968 2499
f 315 2517 5952 2481
f 315 2481 5956 2518
f 315 2518 5975 2510
f 315 2510 5974 2517
f 316 2518 5956 2476
f 316 2476 5951 2541
f 316 2541 5972 2508
f 316 2508 5975 2518
f 317 2550 5958 2489
f 317 2489 5952 2517
f 317 2517 5974 2513
f 317 2513 5977 2550
f 318 2516 5965 2498
f 318 2498 5966 2515
f 318 2515 5971 2507
f 318 2507 5970 2516
f 319 2537 5987 2511
f 319 2511 5977 2524
f 319 2524 6001 2565
f 319 2565 6000 2537
f 320 2525 5976 2535
f 320 2535 5984 2529
f 320 2529 6011 2580
f 320 2580 6002 2525
f 321 2533 5970 2507
f 321 2507 5971 2540
f 321 2540 5992 2559
f 321 2559 5990 2533
f 322 3214 6277 2523
f 322 2523 5981 2534
f 322 2534 6012 2572
f 322 2572 6279 3214
f 323 2526 6275 2521
f 323 2521 5979 2556
f 323 2556 5981 2523
f 323 2523 6277 2526
f 324 3211 6909 2542
f 324 2542 6900 2551
f 324 2551 5980 2544
f 324 2544 5986 3211
f 325 2520 5985 2543
f 325 2543 5979 2528
f 325 2528 6048 2660
f 325 2660 6029 2520
f 326 2536 5982 2531
f 326 2531 5957 2483
f 326 2483 6030 2659
f 326 2659 6018 2536
f 327 2496 5957 2531
f 327 2531 5982 3552
f 327 3552 5963 2496
f 328 3470 5963 3552
f 328 3552 5982 3213
f 328 3213 5984 2535
f 328 2535 5976 3470
f 329 2549 5968 3529
f 329 3529 5970 2533
f 329 2533 5990 3469
f 329 3469 5991 2549
f 330 2534 5981 2547
f 330 2547 5987 2537
f 330 2537 6000 2588
f 330 2588 6012 2534
f 331 2538 5974 2510
f 331 2510 5975 2539
f 331 2539 5996 2563
f 331 2563 5995 2538
f 332 2553 5969 2506
f 332 2506 5986 2554
f 332 2554 5988 2558
f 332 2558 5989 2553
f 333 3444 7233 3134
f 333 3134 6905 3212
f 333 3212 5983 3136
f 333 3136 6276 3444
f 334 3551 6865 2470
f 334 2470 6909 3211
f 334 3211 5986 2506
f 334 2506 5969 3551
f 335 2540 5971 2509
f 335 2509 5973 2545
f 335 2545 5998 2562
f 335 2562 5992 2540
f 336 2546 5983 2532
f 336 2532 5968 2549
f 336 2549 5991 2577
f 336 2577 6003 2546
f 337 2554 5986 2544
f 337 2544 5980 2555
f 337 2555 6004 2585
f 337 2585 5988 2554
f 338 2556 5979 2543
f 338 2543 5985 2501
f 338 2501 5987 2547
f 338 2547 5981 2556
f 339 2682 6052 2667
f 339 2667 5958 2548
f 339 2548 6028 2668
f 339 2668 6053 2682
f 340 2584 5996 2561
f 340 2561 5997 2590
f 340 2590 6021 2598
f 340 2598 6020 2584
f 341 2576 6001 2567
f 341 2567 5995 2583
f 341 2583 6019 2604
f 341 2604 6024 2576
f 342 2579 6012 2588
f 342 2588 6000 2575
f 342 2575 6023 2626
f 342 2626 6032 2579
f 343 2574 6002 2580
f 343 2580 6011 2578
f 343 2578 6031 2618
f 343 2618 6025 2574
f 344 2589 5998 2566
f 344 2566 6002 2574
f 344 2574 6025 2603
f 344 2603 6022 2589
f 345 2575 6000 2565
f 345 2565 6001 2576
f 345 2576 6024 2602
f 345 2602 6023 2575
f 346 3210 6279 2572
f 346 2572 6012 2579
f 346 2579 6032 2609
f 346 2609 6282 3210
f 347 2581 5990 2559
f 347 2559 5992 2587
f 347 2587 6017 2595
f 347 2595 6015 2581
f 348 2586 5988 2585
f 348 2585 6004 2592
f 348 2592 6027 2623
f 348 2623 6013 2586
f 349 2582 5991 3469
f 349 3469 5990 2581
f 349 2581 6015 3530
f 349 3530 6016 2582
f 350 2593 6003 2577
f 350 2577 5991 2582
f 350 2582 6016 2615
f 350 2615 6026 2593
f 351 2583 5995 2563
f 351 2563 5996 2584
f 351 2584 6020 2600
f 351 2600 6019 2583
f 352 2591 5989 2558
f 352 2558 5988 2586
f 352 2586 6013 2594
f 352 2594 6014 2591
f 353 2587 5992 2562
f 353 2562 5998 2589
f 353 2589 6022 2599
f 353 2599 6017 2587
f 354 3209 6278 3138
f 354 3138 6003 2593
f 354 2593 6026 3141
f 354 3141 6281 3209
f 355 3208 6282 2609
f 355 2609 6032 2625
f 355 2625 6047 2640
f 355 2640 6284 3208
f 356 2612 6015 2595
f 356 2595 6017 2616
f 356 2616 6006 2571
f 356 2571 6008 2612
f 357 2614 6013 2623
f 357 2623 6027 2619
f 357 2619 6039 2653
f 357 2653 6010 2614
f 358 2613 6016 3530
f 358 3530 6015 2612
f 358 2612 6008 3471
f 358 3471 6007 2613
f 359 2620 6026 2615
f 359 2615 6016 2613
f 359 2613 6007 2645
f 359 2645 6038 2620
f 360 2624 6019 2600
f 360 2600 6020 2621
f 360 2621 5993 2632
f 360 2632 5994 2624
f 361 2617 6014 2594
f 361 2594 6013 2614
f 361 2614 6010 2573
f 361 2573 6009 2617
f 362 2616 6017 2599
f 362 2599 6022 2628
f 362 2628 6034 2560
f 362 2560 6006 2616
f 363 3207 6281 3141
f 363 3141 6026 2620
f 363 2620 6038 3143
f 363 3143 6283 3207
f 364 2621 6020 2598
f 364 2598 6021 2622
f 364 2622 6033 2564
f 364 2564 5993 2621
f 365 2631 6024 2604
f 365 2604 6019 2624
f 365 2624 5994 2636
f 365 2636 6036 2631
f 366 2625 6032 2626
f 366 2626 6023 2630
f 366 2630 6035 2655
f 366 2655 6047 2625
f 367 2629 6025 2618
f 367 2618 6031 2627
f 367 2627 6046 2648
f 367 2648 6037 2629
f 368 2628 6022 2603
f 368 2603 6025 2629
f 368 2629 6037 2635
f 368 2635 6034 2628
f 369 2630 6023 2602
f 369 2602 6024 2631
f 369 2631 6036 2634
f 369 2634 6035 2630
f 370 2649 6037 2648
f 370 2648 6046 2650
f 370 2650 6132 2834
f 370 2834 6123 2649
f 371 2671 6034 2635
f 371 2635 6037 2649
f 371 2649 6123 2821
f 371 2821 6101 2671
f 372 2652 5993 2564
f 372 2564 6033 2656
f 372 2656 6111 2794
f 372 2794 6110 2652
f 373 2651 6008 2571
f 373 2571 6006 2670
f 373 2670 6100 2818
f 373 2818 6118 2651
f 374 2681 6035 2634
f 374 2634 6036 2678
f 374 2678 6122 2820
f 374 2820 6121 2681
f 375 3206 6284 2640
f 375 2640 6047 2680
f 375 2680 6133 2827
f 375 2827 6292 3206
f 376 3527 6007 3471
f 376 3471 6008 2651
f 376 2651 6118 2846
f 376 2846 6119 3527
f 377 2654 6010 2653
f 377 2653 6039 2657
f 377 2657 6125 2838
f 377 2838 6120 2654
f 378 2658 6038 2645
f 378 2645 6007 3527
f 378 3527 6119 3528
f 378 3528 6124 2658
f 379 2679 5994 2632
f 379 2632 5993 2652
f 379 2652 6110 2819
f 379 2819 6116 2679
f 380 3406 6009 2573
f 380 2573 6010 2654
f 380 2654 6120 3405
f 380 3405 6105 3406
f 381 2656 6033 3483
f 381 3483 6009 3406
f 381 3406 6105 2787
f 381 2787 6111 2656
f 382 3205 6283 3143
f 382 3143 6038 2658
f 382 2658 6124 3151
f 382 3151 6291 3205
f 383 2606 6030 2610
f 383 2610 6054 2596
f 383 2596 6065 2691
f 383 2691 6066 2606
f 384 2611 6018 2659
f 384 2659 6030 2606
f 384 2606 6066 2693
f 384 2693 6061 2611
f 385 3312 6330 3242
f 385 3242 6957 2661
f 385 2661 6995 3244
f 385 3244 6332 3312
f 386 2677 6053 2668
f 386 2668 6028 2673
f 386 2673 6064 2696
f 386 2696 6062 2677
f 387 3204 6275 3135
f 387 3135 5982 2536
f 387 2536 6018 3140
f 387 3140 6280 3204
f 388 2548 5958 2485
f 388 2485 5985 2520
f 388 2520 6029 2608
f 388 2608 6028 2548
f 389 2674 6029 2660
f 389 2660 6048 2675
f 389 2675 6060 2694
f 389 2694 6063 2674
f 390 2673 6028 2608
f 390 2608 6029 2674
f 390 2674 6063 2690
f 390 2690 6064 2673
f 391 3203 6280 3140
f 391 3140 6018 2611
f 391 2611 6061 3146
f 391 3146 6286 3203
f 392 3450 6404 3366
f 392 3366 6053 2677
f 392 2677 6062 3367
f 392 3367 6405 3450
f 393 2670 6006 2560
f 393 2560 6034 2671
f 393 2671 6101 2793
f 393 2793 6100 2670
f 394 2678 6036 2636
f 394 2636 5994 2679
f 394 2679 6116 2822
f 394 2822 6122 2678
f 395 2680 6047 2655
f 395 2655 6035 2681
f 395 2681 6121 2841
f 395 2841 6133 2680
f 396 2622 6021 3393
f 396 3393 6014 2617
f 396 2617 6009 3483
f 396 3483 6033 2622
f 397 2590 5997 3472
f 397 3472 5989 2591
f 397 2591 6014 3393
f 397 3393 6021 2590
f 398 3446 6402 3364
f 398 3364 6052 2682
f 398 2682 6053 3366
f 398 3366 6404 3446
f 399 2552 5972 3391
f 399 3391 5969 2553
f 399 2553 5989 3472
f 399 3472 5997 2552
f 400 2541 5951 3394
f 400 3394 6865 3551
f 400 3551 5969 3391
f 400 3391 5972 2541
f 401 3443 6400 3362
f 401 3362 6049 2683
f 401 2683 6052 3364
f 401 3364 6402 3443
f 402 2483 5957 2484
f 402 2484 6051 2684
f 402 2684 6054 2610
f 402 2610 6030 2483
f 403 2488 5954 2474
f 403 2474 5978 2685
f 403 2685 6051 2484
f 403 2484 5957 2488
f 404 2665 5956 2481
f 404 2481 5952 2664
f 404 2664 6049 2686
f 404 2686 6050 2665
f 405 3532 6874 3534
f 405 3534 6378 2663
f 405 2663 5978 3532
f 406 3394 5951 2476
f 406 2476 5956 2665
f 406 2665 6050 3392
f 406 3392 6865 3394
f 407 3442 6405 3367
f 407 3367 6062 2692
f 407 2692 6067 3365
f 407 3365 6403 3442
f 408 2692 6062 2696
f 408 2696 6064 2698
f 408 2698 6069 2710
f 408 2710 6067 2692
f 409 2699 6063 2694
f 409 2694 6060 2695
f 409 2695 6059 2707
f 409 2707 6068 2699
f 410 2703 6066 2691
f 410 2691 6065 2700
f 410 2700 6070 2705
f 410 2705 6071 2703
f 411 3202 6286 3146
f 411 3146 6061 2702
f 411 2702 6058 3145
f 411 3145 6285 3202
f 412 2698 6064 2690
f 412 2690 6063 2699
f 412 2699 6068 2704
f 412 2704 6069 2698
f 413 3307 6332 3244
f 413 3244 6995 2701
f 413 2701 7002 3245
f 413 3245 6333 3307
f 414 2702 6061 2693
f 414 2693 6066 2703
f 414 2703 6071 2706
f 414 2706 6058 2702
f 415 2672 6058 2706
f 415 2706 6071 2708
f 415 2708 6078 2725
f 415 2725 6073 2672
f 416 2713 6067 2710
f 416 2710 6069 2714
f 416 2714 6076 2728
f 416 2728 6072 2713
f 417 2715 6068 2707
f 417 2707 6059 2709
f 417 2709 6074 2726
f 417 2726 6075 2715
f 418 2708 6071 2705
f 418 2705 6070 2716
f 418 2716 6077 2723
f 418 2723 6078 2708
f 419 3201 6285 3145
f 419 3145 6058 2672
f 419 2672 6073 3147
f 419 3147 6287 3201
f 420 3441 6403 3365
f 420 3365 6067 2713
f 420 2713 6072 3368
f 420 3368 6406 3441
f 421 2714 6069 2704
f 421 2704 6068 2715
f 421 2715 6075 2722
f 421 2722 6076 2714
f 422 3305 6333 3245
f 422 3245 7002 2717
f 422 2717 7011 3247
f 422 3247 6335 3305
f 423 2719 6315 3234
f 423 3234 6318 3220
f 423 3220 6084 2738
f 423 2738 6085 2719
f 424 3200 6322 3233
f 424 3233 6317 3219
f 424 3219 6080 3148
f 424 3148 6288 3200
f 425 2724 6316 3232
f 425 3232 6320 3223
f 425 3223 6082 2737
f 425 2737 6083 2724
f 426 3304 6363 3275
f 426 3275 7276 2721
f 426 2721 7020 3249
f 426 3249 6337 3304
f 427 3219 6317 3230
f 427 3230 6315 2719
f 427 2719 6085 2739
f 427 2739 6080 3219
f 428 2732 6319 3229
f 428 3229 6316 2724
f 428 2724 6083 2743
f 428 2743 6079 2732
f 429 3440 6418 3384
f 429 3384 6319 2732
f 429 2732 6079 3369
f 429 3369 6407 3440
f 430 3223 6320 3227
f 430 3227 6321 2734
f 430 2734 6081 2741
f 430 2741 6082 3223
f 431 2742 6079 2743
f 431 2743 6083 2745
f 431 2745 6088 2759
f 431 2759 6086 2742
f 432 3439 6407 3369
f 432 3369 6079 2742
f 432 2742 6086 3370
f 432 3370 6408 3439
f 433 2750 6085 2738
f 433 2738 6084 2747
f 433 2747 6089 2756
f 433 2756 6090 2750
f 434 2745 6083 2737
f 434 2737 6082 2746
f 434 2746 6087 2755
f 434 2755 6088 2745
f 435 3301 6337 3249
f 435 3249 7020 2748
f 435 2748 7027 3251
f 435 3251 6339 3301
f 436 2752 6090 2756
f 436 2756 6089 2763
f 436 2763 6096 2770
f 436 2770 6097 2752
f 437 2757 6088 2755
f 437 2755 6087 2762
f 437 2762 6094 2769
f 437 2769 6095 2757
f 438 3300 6339 3251
f 438 3251 7027 2754
f 438 2754 7037 3253
f 438 3253 6341 3300
f 439 2765 6086 2759
f 439 2759 6088 2757
f 439 2757 6095 2776
f 439 2776 6091 2765
f 440 3438 6408 3370
f 440 3370 6086 2765
f 440 2765 6091 3371
f 440 3371 6409 3438
f 441 2767 6097 2770
f 441 2770 6096 2780
f 441 2780 6108 2789
f 441 2789 6109 2767
f 442 2771 6095 2769
f 442 2769 6094 2779
f 442 2779 6106 2788
f 442 2788 6107 2771
f 443 3298 6341 3253
f 443 3253 7037 2768
f 443 2768 7051 3256
f 443 3256 6344 3298
f 444 2782 6091 2776
f 444 2776 6095 2771
f 444 2771 6107 2796
f 444 2796 6099 2782
f 445 3437 6409 3371
f 445 3371 6091 2782
f 445 2782 6099 3373
f 445 3373 6411 3437
f 446 2790 6437 3519
f 446 3519 6439 3497
f 446 3497 6112 2804
f 446 2804 6113 2790
f 447 3296 6446 3518
f 447 3518 7399 2784
f 447 2784 7058 3257
f 447 3257 6345 3296
f 448 2803 6443 3517
f 448 3517 6440 3498
f 448 3498 6115 2807
f 448 2807 6098 2803
f 449 2798 6438 3516
f 449 3516 6437 2790
f 449 2790 6113 2810
f 449 2810 6092 2798
f 450 3436 6448 3515
f 450 3515 6438 2798
f 450 2798 6092 3372
f 450 3372 6410 3436
f 451 3497 6439 3514
f 451 3514 6442 3500
f 451 3500 6093 2808
f 451 2808 6112 3497
f 452 3498 6440 3513
f 452 3513 6441 2801
f 452 2801 6114 2805
f 452 2805 6115 3498
f 453 3199 6444 3512
f 453 3512 6443 2803
f 453 2803 6098 3149
f 453 3149 6289 3199
f 454 2813 6113 2804
f 454 2804 6112 2814
f 454 2814 6225 3015
f 454 3015 6226 2813
f 455 3294 6345 3257
f 455 3257 7058 2775
f 455 2775 7173 3260
f 455 3260 6348 3294
f 456 2806 6098 2807
f 456 2807 6115 2816
f 456 2816 6228 3018
f 456 3018 6223 2806
f 457 3435 6410 3372
f 457 3372 6092 2812
f 457 2812 6224 3378
f 457 3378 6413 3435
f 458 2812 6092 2810
f 458 2810 6113 2813
f 458 2813 6226 3023
f 458 3023 6224 2812
f 459 3198 6289 3149
f 459 3149 6098 2806
f 459 2806 6223 3168
f 459 3168 6308 3198
f 460 2814 6112 2808
f 460 2808 6093 2815
f 460 2815 6222 3019
f 460 3019 6225 2814
f 461 2816 6115 2805
f 461 2805 6114 2817
f 461 2817 6227 3016
f 461 3016 6228 2816
f 462 3044 6179 2933
f 462 2933 6184 3043
f 462 3043 6238 3036
f 462 3036 6235 3044
f 463 2835 6123 2834
f 463 2834 6132 2836
f 463 2836 6147 2861
f 463 2861 6139 2835
f 464 2843 6101 2821
f 464 2821 6123 2835
f 464 2835 6139 2570
f 464 2570 6042 2843
f 465 2851 6121 2820
f 465 2820 6122 2848
f 465 2848 6138 2633
f 465 2633 6137 2851
f 466 3197 6292 2827
f 466 2827 6133 2850
f 466 2850 6148 2855
f 466 2855 6294 3197
f 467 2839 6120 2838
f 467 2838 6125 2844
f 467 2844 6141 2864
f 467 2864 5999 2839
f 468 2845 6124 3528
f 468 3528 6119 3491
f 468 3491 6005 2859
f 468 2859 6140 2845
f 469 2849 6116 2819
f 469 2819 6110 2837
f 469 2837 6040 2639
f 469 2639 6043 2849
f 470 2837 6110 2794
f 470 2794 6111 2840
f 470 2840 6045 2642
f 470 2642 6040 2837
f 471 2842 6105 3405
f 471 3405 6120 2839
f 471 2839 5999 3487
f 471 3487 6055 2842
f 472 2840 6111 2787
f 472 2787 6105 2842
f 472 2842 6055 2646
f 472 2646 6045 2840
f 473 2847 6100 2793
f 473 2793 6101 2843
f 473 2843 6042 2643
f 473 2643 6041 2847
f 474 3196 6291 3151
f 474 3151 6124 2845
f 474 2845 6140 3153
f 474 3153 6293 3196
f 475 2852 6118 2818
f 475 2818 6100 2847
f 475 2847 6041 2641
f 475 2641 6056 2852
f 476 2848 6122 2822
f 476 2822 6116 2849
f 476 2849 6043 2569
f 476 2569 6138 2848
f 477 2850 6133 2841
f 477 2841 6121 2851
f 477 2851 6137 2867
f 477 2867 6148 2850
f 478 3491 6119 2846
f 478 2846 6118 2852
f 478 2852 6056 3479
f 478 3479 6005 3491
f 479 2866 6424 3492
f 479 3492 6422 3454
f 479 3454 6130 2897
f 479 2897 6163 2866
f 480 3376 6419 3490
f 480 3490 6433 3465
f 480 3465 6151 3526
f 480 3526 6117 3376
f 481 2862 6420 3489
f 481 3489 6423 3455
f 481 3455 6162 2890
f 481 2890 6134 2862
f 482 2871 6428 3488
f 482 3488 6420 2862
f 482 2862 6134 2832
f 482 2832 6131 2871
f 483 2873 6430 3486
f 483 3486 6421 3383
f 483 3383 6126 3407
f 483 3407 6152 2873
f 484 3454 6422 3485
f 484 3485 6425 3457
f 484 3457 6136 2831
f 484 2831 6130 3454
f 485 3195 6436 3484
f 485 3484 6424 2866
f 485 2866 6163 2882
f 485 2882 6296 3195
f 486 3383 6421 3349
f 486 3349 6426 3458
f 486 3458 6127 2828
f 486 2828 6126 3383
f 487 3457 6425 3482
f 487 3482 6427 3459
f 487 3459 6135 2833
f 487 2833 6136 3457
f 488 3458 6426 3481
f 488 3481 6431 3463
f 488 3463 6155 2894
f 488 2894 6127 3458
f 489 3459 6427 3480
f 489 3480 6429 3461
f 489 3461 6128 2829
f 489 2829 6135 3459
f 490 2875 6432 3374
f 490 3374 6419 3376
f 490 3376 6117 2887
f 490 2887 6154 2875
f 491 2877 6434 3478
f 491 3478 6428 2871
f 491 2871 6131 2824
f 491 2824 6104 2877
f 492 3461 6429 3477
f 492 3477 6430 2873
f 492 2873 6152 2825
f 492 2825 6128 3461
f 493 3194 6435 3476
f 493 3476 6432 2875
f 493 2875 6154 3155
f 493 3155 6295 3194
f 494 3465 6433 3475
f 494 3475 6434 2877
f 494 2877 6104 2826
f 494 2826 6151 3465
f 495 3193 6295 3155
f 495 3155 6154 2902
f 495 2902 6170 3157
f 495 3157 6297 3193
f 496 2898 6136 2833
f 496 2833 6135 2904
f 496 2904 6145 2638
f 496 2638 6168 2898
f 497 2895 6163 2897
f 497 2897 6130 2896
f 497 2896 6167 2916
f 497 2916 6173 2895
f 498 2903 6117 3526
f 498 3526 6151 2892
f 498 2892 6150 3375
f 498 3375 6057 2903
f 499 2901 6131 2832
f 499 2832 6134 2891
f 499 2891 6169 2644
f 499 2644 6144 2901
f 500 2891 6134 2890
f 500 2890 6162 2893
f 500 2893 6172 2911
f 500 2911 6169 2891
f 501 2892 6151 2826
f 501 2826 6104 2900
f 501 2900 6143 2856
f 501 2856 6150 2892
f 502 3192 6296 2882
f 502 2882 6163 2895
f 502 2895 6173 2909
f 502 2909 6298 3192
f 503 2905 6128 2825
f 503 2825 6152 2906
f 503 2906 6146 2857
f 503 2857 6142 2905
f 504 2896 6130 2831
f 504 2831 6136 2898
f 504 2898 6168 2647
f 504 2647 6167 2896
f 505 2907 6127 2894
f 505 2894 6155 2899
f 505 2899 6171 2914
f 505 2914 6044 2907
f 506 2900 6104 2824
f 506 2824 6131 2901
f 506 2901 6144 2858
f 506 2858 6143 2900
f 507 2902 6154 2887
f 507 2887 6117 2903
f 507 2903 6057 2910
f 507 2910 6170 2902
f 508 2904 6135 2829
f 508 2829 6128 2905
f 508 2905 6142 2854
f 508 2854 6145 2904
f 509 2906 6152 3407
f 509 3407 6126 3408
f 509 3408 6149 2860
f 509 2860 6146 2906
f 510 3408 6126 2828
f 510 2828 6127 2907
f 510 2907 6044 3410
f 510 3410 6149 3408
f 511 2913 6150 2856
f 511 2856 6143 2925
f 511 2925 6129 2881
f 511 2881 6174 2913
f 512 3191 6297 3157
f 512 3157 6170 2923
f 512 2923 6177 3159
f 512 3159 6299 3191
f 513 2912 6167 2647
f 513 2647 6168 2919
f 513 2919 6166 2886
f 513 2886 6160 2912
f 514 2918 6173 2916
f 514 2916 6167 2912
f 514 2912 6160 2946
f 514 2946 6186 2918
f 515 2924 6057 3375
f 515 3375 6150 2913
f 515 2913 6174 3524
f 515 3524 6153 2924
f 516 2928 6146 2860
f 516 2860 6149 3404
f 516 3404 6156 3409
f 516 3409 6175 2928
f 517 2915 6169 2911
f 517 2911 6172 2917
f 517 2917 6185 2939
f 517 2939 6164 2915
f 518 3404 6149 3410
f 518 3410 6044 2921
f 518 2921 6157 2883
f 518 2883 6156 3404
f 519 2926 6144 2644
f 519 2644 6169 2915
f 519 2915 6164 2888
f 519 2888 6161 2926
f 520 3190 6298 2909
f 520 2909 6173 2918
f 520 2918 6186 2931
f 520 2931 6300 3190
f 521 2920 6145 2854
f 521 2854 6142 2927
f 521 2927 6158 2884
f 521 2884 6165 2920
f 522 2919 6168 2638
f 522 2638 6145 2920
f 522 2920 6165 2889
f 522 2889 6166 2919
f 523 2921 6044 2914
f 523 2914 6171 2922
f 523 2922 6178 2944
f 523 2944 6157 2921
f 524 2923 6170 2910
f 524 2910 6057 2924
f 524 2924 6153 2936
f 524 2936 6177 2923
f 525 2925 6143 2858
f 525 2858 6144 2926
f 525 2926 6161 2879
f 525 2879 6129 2925
f 526 2927 6142 2857
f 526 2857 6146 2928
f 526 2928 6175 2880
f 526 2880 6158 2927
f 527 2941 6174 2881
f 527 2881 6129 2943
f 527 2943 6195 2959
f 527 2959 6190 2941
f 528 3189 6299 3159
f 528 3159 6177 2951
f 528 2951 6202 3161
f 528 3161 6301 3189
f 529 2945 6158 2880
f 529 2880 6175 2942
f 529 2942 6192 2958
f 529 2958 6196 2945
f 530 2940 6160 2886
f 530 2886 6166 2952
f 530 2952 6200 2961
f 530 2961 6199 2940
f 531 2948 6186 2946
f 531 2946 6160 2940
f 531 2940 6199 2973
f 531 2973 6205 2948
f 532 3385 6153 3524
f 532 3524 6174 2941
f 532 2941 6190 2978
f 532 2978 6197 3385
f 533 2942 6175 3409
f 533 3409 6156 3429
f 533 3429 6191 2956
f 533 2956 6192 2942
f 534 2943 6129 2879
f 534 2879 6161 2954
f 534 2954 6194 2957
f 534 2957 6195 2943
f 535 2955 6164 2939
f 535 2939 6185 2947
f 535 2947 6204 2966
f 535 2966 6201 2955
f 536 2953 6165 2884
f 536 2884 6158 2945
f 536 2945 6196 2960
f 536 2960 6193 2953
f 537 3188 6300 2931
f 537 2931 6186 2948
f 537 2948 6205 2965
f 537 2965 6302 3188
f 538 3429 6156 2883
f 538 2883 6157 2949
f 538 2949 6198 3423
f 538 3423 6191 3429
f 539 2949 6157 2944
f 539 2944 6178 2950
f 539 2950 6203 2970
f 539 2970 6198 2949
f 540 2951 6177 2936
f 540 2936 6153 3385
f 540 3385 6197 3350
f 540 3350 6202 2951
f 541 2952 6166 2889
f 541 2889 6165 2953
f 541 2953 6193 2963
f 541 2963 6200 2952
f 542 2954 6161 2888
f 542 2888 6164 2955
f 542 2955 6201 2962
f 542 2962 6194 2954
f 543 2967 6198 2970
f 543 2970 6203 2968
f 543 2968 6211 3001
f 543 3001 6159 2967
f 544 2974 6192 2956
f 544 2956 6191 2980
f 544 2980 6187 2937
f 544 2937 6184 2974
f 545 2969 6202 3350
f 545 3350 6197 3520
f 545 3520 6176 2994
f 545 2994 6210 2969
f 546 2971 6193 2960
f 546 2960 6196 2972
f 546 2972 6179 2930
f 546 2930 6182 2971
f 547 2980 6191 3423
f 547 3423 6198 2967
f 547 2967 6159 3428
f 547 3428 6187 2980
f 548 3187 6301 3161
f 548 3161 6202 2969
f 548 2969 6210 3163
f 548 3163 6303 3187
f 549 2975 6190 2959
f 549 2959 6195 2977
f 549 2977 6180 2932
f 549 2932 6188 2975
f 550 2982 6200 2963
f 550 2963 6193 2971
f 550 2971 6182 2786
f 550 2786 6208 2982
f 551 2984 6205 2973
f 551 2973 6199 2981
f 551 2981 6207 3004
f 551 3004 6219 2984
f 552 2972 6196 2958
f 552 2958 6192 2974
f 552 2974 6184 2933
f 552 2933 6179 2972
f 553 3520 6197 2978
f 553 2978 6190 2975
f 553 2975 6188 3521
f 553 3521 6176 3520
f 554 2976 6201 2966
f 554 2966 6204 2983
f 554 2983 6218 2997
f 554 2997 6209 2976
f 555 2979 6194 2962
f 555 2962 6201 2976
f 555 2976 6209 2830
f 555 2830 6181 2979
f 556 2977 6195 2957
f 556 2957 6194 2979
f 556 2979 6181 2934
f 556 2934 6180 2977
f 557 2981 6199 2961
f 557 2961 6200 2982
f 557 2982 6208 2885
f 557 2885 6207 2981
f 558 3186 6302 2965
f 558 2965 6205 2984
f 558 2984 6219 2989
f 558 2989 6306 3186
f 559 3009 6183 3006
f 559 3006 6207 3042
f 559 3042 6233 3039
f 559 3039 6239 3009
f 560 3000 6214 2995
f 560 2995 6181 2830
f 560 2830 6209 2997
f 560 2997 6218 3000
f 561 3006 6183 3002
f 561 3002 6215 2990
f 561 2990 6219 3004
f 561 3004 6207 3006
f 562 3167 6307 3185
f 562 3185 6305 2988
f 562 2988 6217 2991
f 562 2991 6213 3167
f 563 2985 6303 3523
f 563 3523 6307 3167
f 563 3167 6213 3432
f 563 3432 6211 2985
f 564 2988 6305 3184
f 564 3184 6304 2987
f 564 2987 6215 2992
f 564 2992 6217 2988
f 565 2996 6180 2934
f 565 2934 6181 2995
f 565 2995 6214 2998
f 565 2998 6216 2996
f 566 2994 6176 3521
f 566 3521 6188 2938
f 566 2938 6189 3434
f 566 3434 6210 2994
f 567 2938 6188 2932
f 567 2932 6180 2996
f 567 2996 6216 2999
f 567 2999 6189 2938
f 568 3183 6304 3164
f 568 3164 6214 3000
f 568 3000 6218 3166
f 568 3166 6306 3183
f 569 3433 6187 3428
f 569 3428 6159 2935
f 569 2935 6236 3035
f 569 3035 6237 3433
f 570 2986 6213 2991
f 570 2991 6217 3003
f 570 3003 6206 3007
f 570 3007 6212 2986
f 571 3001 6211 3432
f 571 3432 6213 2986
f 571 2986 6212 3525
f 571 3525 6159 3001
f 572 3003 6217 2992
f 572 2992 6215 3002
f 572 3002 6183 3008
f 572 3008 6206 3003
f 573 3005 6206 3008
f 573 3008 6183 3009
f 573 3009 6239 3041
f 573 3041 6234 3005
f 574 3022 6225 3019
f 574 3019 6222 3021
f 574 3021 6241 3053
f 574 3053 6244 3022
f 575 3020 6228 3016
f 575 3016 6227 3025
f 575 3025 6246 3051
f 575 3051 6247 3020
f 576 3182 6308 3168
f 576 3168 6223 3027
f 576 3027 6242 3170
f 576 3170 6310 3182
f 577 3030 6226 3015
f 577 3015 6225 3022
f 577 3022 6244 3050
f 577 3050 6245 3030
f 578 3292 6348 3260
f 578 3260 7173 3026
f 578 3026 7194 3262
f 578 3262 6350 3292
f 579 3027 6223 3018
f 579 3018 6228 3020
f 579 3020 6247 3052
f 579 3052 6242 3027
f 580 3430 6413 3378
f 580 3378 6224 3029
f 580 3029 6243 3379
f 580 3379 6414 3430
f 581 3029 6224 3023
f 581 3023 6226 3030
f 581 3030 6245 3057
f 581 3057 6243 3029
f 582 3035 6236 3431
f 582 3431 6240 3038
f 582 3038 6238 3522
f 582 3522 6237 3035
f 583 3033 6234 3041
f 583 3041 6239 3037
f 583 3037 6232 3034
f 583 3034 6235 3033
f 584 3038 6240 3040
f 584 3040 6234 3033
f 584 3033 6235 3036
f 584 3036 6238 3038
f 585 3031 6232 3037
f 585 3037 6239 3039
f 585 3039 6233 3032
f 585 3032 6231 3031
f 586 3042 6207 2885
f 586 2885 6208 3045
f 586 3045 6231 3032
f 586 3032 6233 3042
f 587 3043 6184 2937
f 587 2937 6187 3433
f 587 3433 6237 3522
f 587 3522 6238 3043
f 588 3046 6212 3007
f 588 3007 6206 3005
f 588 3005 6234 3040
f 588 3040 6240 3046
f 589 2935 6159 3525
f 589 3525 6212 3046
f 589 3046 6240 3431
f 589 3431 6236 2935
f 590 3045 6208 2786
f 590 2786 6182 3047
f 590 3047 6232 3031
f 590 3031 6231 3045
f 591 3047 6182 2930
f 591 2930 6179 3044
f 591 3044 6235 3034
f 591 3034 6232 3047
f 592 3056 6559 3797
f 592 3797 6558 3772
f 592 3772 6230 3070
f 592 3070 6249 3056
f 593 3054 6557 3796
f 593 3796 6560 3774
f 593 3774 6251 3066
f 593 3066 6252 3054
f 594 3181 6564 3795
f 594 3795 6561 3776
f 594 3776 6229 3169
f 594 3169 6309 3181
f 595 3064 6563 3794
f 595 3794 6559 3056
f 595 3056 6249 3065
f 595 3065 6250 3064
f 596 3290 6566 3793
f 596 3793 7525 3060
f 596 3060 7201 3264
f 596 3264 6352 3290
f 597 3776 6561 3792
f 597 3792 6557 3054
f 597 3054 6252 3068
f 597 3068 6229 3776
f 598 3427 6568 3791
f 598 3791 6562 3778
f 598 3778 6248 3377
f 598 3377 6412 3427
f 599 3778 6562 3790
f 599 3790 6563 3064
f 599 3064 6250 3074
f 599 3074 6248 3778
f 600 3017 6248 3074
f 600 3074 6250 3076
f 600 3076 6259 3096
f 600 3096 6255 3017
f 601 3077 6249 3070
f 601 3070 6230 3081
f 601 3081 6254 3092
f 601 3092 6258 3077
f 602 3080 6252 3066
f 602 3066 6251 3078
f 602 3078 6260 3088
f 602 3088 6261 3080
f 603 3426 6412 3377
f 603 3377 6248 3017
f 603 3017 6255 3381
f 603 3381 6416 3426
f 604 3076 6250 3065
f 604 3065 6249 3077
f 604 3077 6258 3087
f 604 3087 6259 3076
f 605 3287 6352 3264
f 605 3264 7201 3079
f 605 3079 7216 3267
f 605 3267 6355 3287
f 606 3071 6229 3068
f 606 3068 6252 3080
f 606 3080 6261 3090
f 606 3090 6256 3071
f 607 3180 6309 3169
f 607 3169 6229 3071
f 607 3071 6256 3173
f 607 3173 6313 3180
f 608 3179 6313 3173
f 608 3173 6256 3086
f 608 3086 6253 3171
f 608 3171 6311 3179
f 609 3089 6259 3087
f 609 3087 6258 3101
f 609 3101 6264 3104
f 609 3104 6265 3089
f 610 3286 6355 3267
f 610 3267 7216 3099
f 610 3099 7223 3268
f 610 3268 6356 3286
f 611 3086 6256 3090
f 611 3090 6261 3102
f 611 3102 6267 3107
f 611 3107 6253 3086
f 612 3425 6416 3381
f 612 3381 6255 3100
f 612 3100 6220 3380
f 612 3380 6415 3425
f 613 3100 6255 3096
f 613 3096 6259 3089
f 613 3089 6265 3110
f 613 3110 6220 3100
f 614 3101 6258 3092
f 614 3092 6254 3085
f 614 3085 6221 3108
f 614 3108 6264 3101
f 615 3102 6261 3088
f 615 3088 6260 3103
f 615 3103 6266 3105
f 615 3105 6267 3102
f 616 3424 6415 3380
f 616 3380 6220 3112
f 616 3112 6262 3382
f 616 3382 6417 3424
f 617 3010 6265 3104
f 617 3104 6264 3113
f 617 3113 6269 3117
f 617 3117 6270 3010
f 618 3283 6356 3268
f 618 3268 7223 3109
f 618 3109 7230 3270
f 618 3270 6358 3283
f 619 3106 6253 3107
f 619 3107 6267 3115
f 619 3115 6272 3120
f 619 3120 6268 3106
f 620 3112 6220 3110
f 620 3110 6265 3010
f 620 3010 6270 3126
f 620 3126 6262 3112
f 621 3178 6311 3171
f 621 3171 6253 3106
f 621 3106 6268 3172
f 621 3172 6312 3178
f 622 3113 6264 3108
f 622 3108 6221 3114
f 622 3114 6263 3122
f 622 3122 6269 3113
f 623 3115 6267 3105
f 623 3105 6266 3116
f 623 3116 6271 3118
f 623 3118 6272 3115
f 624 3282 6360 3272
f 624 3272 7211 3123
f 624 3123 7204 3094
f 624 3094 6354 3282
f 625 3281 6361 3273
f 625 3273 7273 3174
f 625 3174 7209 3269
f 625 3269 6357 3281
f 626 3280 6358 3270
f 626 3270 7230 3119
f 626 3119 7224 3271
f 626 3271 6359 3280
f 627 3279 6357 3269
f 627 3269 7209 3098
f 627 3098 7211 3272
f 627 3272 6360 3279
f 628 3122 6263 3095
f 628 3095 6257 3130
f 628 3130 6274 3124
f 628 3124 6269 3122
f 629 3120 6272 3118
f 629 3118 6271 3131
f 629 3131 6273 3121
f 629 3121 6268 3120
f 630 3082 6312 3176
f 630 3176 6314 3132
f 630 3132 6257 3095
f 630 3095 6263 3082
f 631 3117 6269 3124
f 631 3124 6274 3133
f 631 3133 6262 3126
f 631 3126 6270 3117
f 632 3172 6268 3121
f 632 3121 6273 3175
f 632 3175 6314 3176
f 632 3176 6312 3172
f 633 3278 6359 3271
f 633 3271 7224 3091
f 633 3091 7273 3273
f 633 3273 6361 3278
f 634 3114 6221 3072
f 634 3072 6311 3178
f 634 3178 6312 3082
f 634 3082 6263 3114
f 635 3085 6254 3084
f 635 3084 6313 3179
f 635 3179 6311 3072
f 635 3072 6221 3085
f 636 3081 6230 3013
f 636 3013 6309 3180
f 636 3180 6313 3084
f 636 3084 6254 3081
f 637 3772 6558 3789
f 637 3789 6564 3181
f 637 3181 6309 3013
f 637 3013 6230 3772
f 638 3021 6222 3012
f 638 3012 6308 3182
f 638 3182 6310 3048
f 638 3048 6241 3021
f 639 2990 6215 2987
f 639 2987 6304 3183
f 639 3183 6306 2989
f 639 2989 6219 2990
f 640 3165 6216 2998
f 640 2998 6214 3164
f 640 3164 6304 3184
f 640 3184 6305 3165
f 641 3163 6210 3434
f 641 3434 6189 2993
f 641 2993 6307 3523
f 641 3523 6303 3163
f 642 2993 6189 2999
f 642 2999 6216 3165
f 642 3165 6305 3185
f 642 3185 6307 2993
f 643 2983 6204 3162
f 643 3162 6302 3186
f 643 3186 6306 3166
f 643 3166 6218 2983
f 644 2968 6203 2964
f 644 2964 6301 3187
f 644 3187 6303 2985
f 644 2985 6211 2968
f 645 2947 6185 3160
f 645 3160 6300 3188
f 645 3188 6302 3162
f 645 3162 6204 2947
f 646 2950 6178 2929
f 646 2929 6299 3189
f 646 3189 6301 2964
f 646 2964 6203 2950
f 647 2917 6172 3158
f 647 3158 6298 3190
f 647 3190 6300 3160
f 647 3160 6185 2917
f 648 2922 6171 2908
f 648 2908 6297 3191
f 648 3191 6299 2929
f 648 2929 6178 2922
f 649 2893 6162 3156
f 649 3156 6296 3192
f 649 3192 6298 3158
f 649 3158 6172 2893
f 650 2899 6155 2878
f 650 2878 6295 3193
f 650 3193 6297 2908
f 650 2908 6171 2899
f 651 3463 6431 3474
f 651 3474 6435 3194
f 651 3194 6295 2878
f 651 2878 6155 3463
f 652 3455 6423 3473
f 652 3473 6436 3195
f 652 3195 6296 3156
f 652 3156 6162 3455
f 653 2844 6125 2823
f 653 2823 6291 3196
f 653 3196 6293 2853
f 653 2853 6141 2844
f 654 2836 6132 3152
f 654 3152 6292 3197
f 654 3197 6294 3154
f 654 3154 6147 2836
f 655 2815 6093 2774
f 655 2774 6289 3198
f 655 3198 6308 3012
f 655 3012 6222 2815
f 656 3500 6442 3511
f 656 3511 6444 3199
f 656 3199 6289 2774
f 656 2774 6093 3500
f 657 2734 6321 3226
f 657 3226 6322 3200
f 657 3200 6288 2736
f 657 2736 6081 2734
f 658 2709 6059 2662
f 658 2662 6285 3201
f 658 3201 6287 2720
f 658 2720 6074 2709
f 659 2695 6060 2688
f 659 2688 6286 3202
f 659 3202 6285 2662
f 659 2662 6059 2695
f 660 2675 6048 2601
f 660 2601 6280 3203
f 660 3203 6286 2688
f 660 2688 6060 2675
f 661 2528 5979 2521
f 661 2521 6275 3204
f 661 3204 6280 2601
f 661 2601 6048 2528
f 662 2657 6039 2637
f 662 2637 6283 3205
f 662 3205 6291 2823
f 662 2823 6125 2657
f 663 2650 6046 3144
f 663 3144 6284 3206
f 663 3206 6292 3152
f 663 3152 6132 2650
f 664 2619 6027 2605
f 664 2605 6281 3207
f 664 3207 6283 2637
f 664 2637 6039 2619
f 665 2627 6031 3142
f 665 3142 6282 3208
f 665 3208 6284 3144
f 665 3144 6046 2627
f 666 2592 6004 2568
f 666 2568 6278 3209
f 666 3209 6281 2605
f 666 2605 6027 2592
f 667 2578 6011 3139
f 667 3139 6279 3210
f 667 3210 6282 3142
f 667 3142 6031 2578
f 668 2551 6900 2519
f 668 2519 7233 3444
f 668 3444 6276 2522
f 668 2522 5980 2551
f 669 3213 5982 3135
f 669 3135 6275 2526
f 669 2526 6277 3137
f 669 3137 5984 3213
f 670 2529 5984 3137
f 670 3137 6277 3214
f 670 3214 6279 3139
f 670 3139 6011 2529
f 671 2555 5980 2522
f 671 2522 6276 3215
f 671 3215 6278 2568
f 671 2568 6004 2555
f 672 3224 6074 2720
f 672 2720 6287 3225
f 672 3225 6322 3226
f 672 3226 6321 3224
f 673 2733 6075 2726
f 673 2726 6074 3224
f 673 3224 6321 3227
f 673 3227 6320 2733
f 674 3422 6406 3368
f 674 3368 6072 3222
f 674 3222 6319 3384
f 674 3384 6418 3422
f 675 3222 6072 2728
f 675 2728 6076 3218
f 675 3218 6316 3229
f 675 3229 6319 3222
f 676 2727 6073 2725
f 676 2725 6078 3216
f 676 3216 6315 3230
f 676 3230 6317 2727
f 677 3276 6335 3247
f 677 3247 7011 3217
f 677 3217 7276 3275
f 677 3275 6363 3276
f 678 3218 6076 2722
f 678 2722 6075 2733
f 678 2733 6320 3232
f 678 3232 6316 3218
f 679 3225 6287 3147
f 679 3147 6073 2727
f 679 2727 6317 3233
f 679 3233 6322 3225
f 680 3216 6078 2723
f 680 2723 6077 2730
f 680 2730 6318 3234
f 680 3234 6315 3216
f 681 3421 6383 3343
f 681 3343 6335 3276
f 681 3276 6363 3361
f 681 3361 6399 3421
f 682 2731 7004 2718
f 682 2718 6334 3277
f 682 3277 6362 3228
f 682 3228 7280 2731
f 683 3420 6396 3358
f 683 3358 6359 3278
f 683 3278 6361 3360
f 683 3360 6398 3420
f 684 3419 6394 3356
f 684 3356 6357 3279
f 684 3279 6360 3359
f 684 3359 6397 3419
f 685 3418 6395 3357
f 685 3357 6358 3280
f 685 3280 6359 3358
f 685 3358 6396 3418
f 686 3417 6398 3360
f 686 3360 6361 3281
f 686 3281 6357 3356
f 686 3356 6394 3417
f 687 3416 6397 3359
f 687 3359 6360 3282
f 687 3282 6354 3266
f 687 3266 6417 3416
f 688 3415 6393 3355
f 688 3355 6356 3283
f 688 3283 6358 3357
f 688 3357 6395 3415
f 689 3069 7203 3067
f 689 3067 6351 3284
f 689 3284 6354 3094
f 689 3094 7204 3069
f 690 3093 7207 3083
f 690 3083 6353 3285
f 690 3285 6351 3067
f 690 3067 7203 3093
f 691 3414 6392 3354
f 691 3354 6355 3286
f 691 3286 6356 3355
f 691 3355 6393 3414
f 692 3413 6391 3353
f 692 3353 6352 3287
f 692 3287 6355 3354
f 692 3354 6392 3413
f 693 3073 7196 3011
f 693 3011 6346 3288
f 693 3288 6353 3083
f 693 3083 7207 3073
f 694 3777 7527 3788
f 694 3788 6565 3289
f 694 3289 6346 3011
f 694 3011 7196 3777
f 695 3412 6567 3787
f 695 3787 6566 3290
f 695 3290 6352 3353
f 695 3353 6391 3412
f 696 3028 7168 3014
f 696 3014 6347 3291
f 696 3291 6349 3049
f 696 3049 7189 3028
f 697 3411 6389 3351
f 697 3351 6348 3292
f 697 3292 6350 3352
f 697 3352 6390 3411
f 698 2809 7030 2778
f 698 2778 6342 3293
f 698 3293 6347 3014
f 698 3014 7168 2809
f 699 3403 6388 3348
f 699 3348 6345 3294
f 699 3294 6348 3351
f 699 3351 6389 3403
f 700 3495 7401 3510
f 700 3510 6445 3295
f 700 3295 6342 2778
f 700 2778 7030 3495
f 701 3402 6447 3509
f 701 3509 6446 3296
f 701 3296 6345 3348
f 701 3348 6388 3402
f 702 2781 7029 2766
f 702 2766 6340 3297
f 702 3297 6343 2783
f 702 2783 7040 2781
f 703 3401 6386 3346
f 703 3346 6341 3298
f 703 3298 6344 3347
f 703 3347 6387 3401
f 704 2764 7022 2751
f 704 2751 6338 3299
f 704 3299 6340 2766
f 704 2766 7029 2764
f 705 3400 6385 3345
f 705 3345 6339 3300
f 705 3300 6341 3346
f 705 3346 6386 3400
f 706 3399 6384 3344
f 706 3344 6337 3301
f 706 3301 6339 3345
f 706 3345 6385 3399
f 707 2740 7013 2735
f 707 2735 6336 3302
f 707 3302 6338 2751
f 707 2751 7022 2740
f 708 3221 7280 3228
f 708 3228 6362 3303
f 708 3303 6336 2735
f 708 2735 7013 3221
f 709 3398 6399 3361
f 709 3361 6363 3304
f 709 3304 6337 3344
f 709 3344 6384 3398
f 710 3397 6382 3342
f 710 3342 6333 3305
f 710 3305 6335 3343
f 710 3343 6383 3397
f 711 2712 6997 2597
f 711 2597 6326 3306
f 711 3306 6334 2718
f 711 2718 7004 2712
f 712 3396 6381 3341
f 712 3341 6332 3307
f 712 3307 6333 3342
f 712 3342 6382 3396
f 713 2687 6990 2689
f 713 2689 6331 3308
f 713 3308 6326 2597
f 713 2597 6997 2687
f 714 3533 6874 2479
f 714 2479 6868 3240
f 714 3240 6328 3533
f 715 2472 6866 2477
f 715 2477 6323 3309
f 715 3309 6325 2486
f 715 2486 6877 2472
f 716 2557 6877 2486
f 716 2486 6325 3310
f 716 3310 6327 2607
f 716 2607 6953 2557
f 717 2676 6953 2607
f 717 2607 6327 3311
f 717 3311 6331 2689
f 717 2689 6990 2676
f 718 3395 6380 3340
f 718 3340 6330 3312
f 718 3312 6332 3341
f 718 3341 6381 3395
f 719 3389 6379 3339
f 719 3339 6329 3313
f 719 3313 6330 3340
f 719 3340 6380 3389
f 720 3388 6378 3338
f 720 3338 6328 3314
f 720 3314 6329 3339
f 720 3339 6379 3388
f 721 3236 6401 3387
f 721 3387 6400 3235
f 721 3235 6323 3315
f 721 3315 6324 3236
f 722 3390 6865 3386
f 722 3386 6401 3236
f 722 3236 6324 3390
f 723 2749 6109 2791
f 723 2791 6102 2773
f 723 2773 6369 3324
f 723 3324 6364 2749
f 724 2753 6080 2739
f 724 2739 6085 2761
f 724 2761 6367 3325
f 724 3325 6365 2753
f 725 3318 6094 2762
f 725 2762 6087 2772
f 725 2772 6368 3326
f 725 3326 6372 3318
f 726 3321 6103 2792
f 726 2792 6106 2758
f 726 2758 6366 3327
f 726 3327 6375 3321
f 727 3320 6082 2741
f 727 2741 6081 3317
f 727 3317 6371 3328
f 727 3328 6374 3320
f 728 2758 6106 2779
f 728 2779 6094 3318
f 728 3318 6372 3329
f 728 3329 6366 2758
f 729 2761 6085 2750
f 729 2750 6090 3319
f 729 3319 6373 3330
f 729 3330 6367 2761
f 730 2772 6087 2746
f 730 2746 6082 3320
f 730 3320 6374 3331
f 730 3331 6368 2772
f 731 3323 6290 2785
f 731 2785 6103 3321
f 731 3321 6375 3332
f 731 3332 6377 3323
f 732 3322 6288 3148
f 732 3148 6080 2753
f 732 2753 6365 3333
f 732 3333 6376 3322
f 733 3319 6090 2752
f 733 2752 6097 3316
f 733 3316 6370 3334
f 733 3334 6373 3319
f 734 3316 6097 2767
f 734 2767 6109 2749
f 734 2749 6364 3335
f 734 3335 6370 3316
f 735 3317 6081 2736
f 735 2736 6288 3322
f 735 3322 6376 3336
f 735 3336 6371 3317
f 736 2773 6102 3150
f 736 3150 6290 3323
f 736 3323 6377 3337
f 736 3337 6369 2773
f 737 3386 6865 3392
f 737 3392 6050 3363
f 737 3363 6401 3386
f 738 3363 6050 2686
f 738 2686 6049 3362
f 738 3362 6400 3387
f 738 3387 6401 3363
f 739 2685 5978 2663
f 739 2663 6378 3388
f 739 3388 6379 2666
f 739 2666 6051 2685
f 740 2684 6051 2666
f 740 2666 6379 3389
f 740 3389 6380 2669
f 740 2669 6054 2684
f 741 2596 6054 2669
f 741 2669 6380 3395
f 741 3395 6381 2697
f 741 2697 6065 2596
f 742 2700 6065 2697
f 742 2697 6381 3396
f 742 3396 6382 2711
f 742 2711 6070 2700
f 743 2716 6070 2711
f 743 2711 6382 3397
f 743 3397 6383 2729
f 743 2729 6077 2716
f 744 3220 6318 3231
f 744 3231 6399 3398
f 744 3398 6384 2744
f 744 2744 6084 3220
f 745 2747 6084 2744
f 745 2744 6384 3399
f 745 3399 6385 2760
f 745 2760 6089 2747
f 746 2763 6089 2760
f 746 2760 6385 3400
f 746 3400 6386 2777
f 746 2777 6096 2763
f 747 2780 6096 2777
f 747 2777 6386 3401
f 747 3401 6387 2797
f 747 2797 6108 2780
f 748 2801 6441 3508
f 748 3508 6447 3402
f 748 3402 6388 2811
f 748 2811 6114 2801
f 749 2817 6114 2811
f 749 2811 6388 3403
f 749 3403 6389 3024
f 749 3024 6227 2817
f 750 3025 6227 3024
f 750 3024 6389 3411
f 750 3411 6390 3058
f 750 3058 6246 3025
f 751 3774 6560 3786
f 751 3786 6567 3412
f 751 3412 6391 3075
f 751 3075 6251 3774
f 752 3078 6251 3075
f 752 3075 6391 3413
f 752 3413 6392 3097
f 752 3097 6260 3078
f 753 3103 6260 3097
f 753 3097 6392 3414
f 753 3414 6393 3111
f 753 3111 6266 3103
f 754 3116 6266 3111
f 754 3111 6393 3415
f 754 3415 6395 3127
f 754 3127 6271 3116
f 755 3133 6274 3129
f 755 3129 6397 3416
f 755 3416 6417 3382
f 755 3382 6262 3133
f 756 3132 6314 3177
f 756 3177 6398 3417
f 756 3417 6394 3125
f 756 3125 6257 3132
f 757 3131 6271 3127
f 757 3127 6395 3418
f 757 3418 6396 3128
f 757 3128 6273 3131
f 758 3130 6257 3125
f 758 3125 6394 3419
f 758 3419 6397 3129
f 758 3129 6274 3130
f 759 3175 6273 3128
f 759 3128 6396 3420
f 759 3420 6398 3177
f 759 3177 6314 3175
f 760 2730 6077 2729
f 760 2729 6383 3421
f 760 3421 6399 3231
f 760 3231 6318 2730
f 761 3277 6334 3246
f 761 3246 6406 3422
f 761 3422 6418 3274
f 761 3274 6362 3277
f 762 3284 6351 3263
f 762 3263 6415 3424
f 762 3424 6417 3266
f 762 3266 6354 3284
f 763 3285 6353 3265
f 763 3265 6416 3425
f 763 3425 6415 3263
f 763 3263 6351 3285
f 764 3288 6346 3258
f 764 3258 6412 3426
f 764 3426 6416 3265
f 764 3265 6353 3288
f 765 3289 6565 3785
f 765 3785 6568 3427
f 765 3427 6412 3258
f 765 3258 6346 3289
f 766 3291 6347 3259
f 766 3259 6413 3430
f 766 3430 6414 3261
f 766 3261 6349 3291
f 767 3293 6342 3254
f 767 3254 6410 3435
f 767 3435 6413 3259
f 767 3259 6347 3293
f 768 3295 6445 3507
f 768 3507 6448 3436
f 768 3436 6410 3254
f 768 3254 6342 3295
f 769 3297 6340 3252
f 769 3252 6409 3437
f 769 3437 6411 3255
f 769 3255 6343 3297
f 770 3299 6338 3250
f 770 3250 6408 3438
f 770 3438 6409 3252
f 770 3252 6340 3299
f 771 3302 6336 3248
f 771 3248 6407 3439
f 771 3439 6408 3250
f 771 3250 6338 3302
f 772 3303 6362 3274
f 772 3274 6418 3440
f 772 3440 6407 3248
f 772 3248 6336 3303
f 773 3306 6326 3238
f 773 3238 6403 3441
f 773 3441 6406 3246
f 773 3246 6334 3306
f 774 3308 6331 3243
f 774 3243 6405 3442
f 774 3442 6403 3238
f 774 3238 6326 3308
f 775 3534 6874 3533
f 775 3533 6328 3338
f 775 3338 6378 3534
f 776 3309 6323 3235
f 776 3235 6400 3443
f 776 3443 6402 3237
f 776 3237 6325 3309
f 777 3310 6325 3237
f 777 3237 6402 3446
f 777 3446 6404 3239
f 777 3239 6327 3310
f 778 3311 6327 3239
f 778 3239 6404 3450
f 778 3450 6405 3243
f 778 3243 6331 3311
f 779 2865 6147 3154
f 779 3154 6294 3468
f 779 3468 6436 3473
f 779 3473 6423 2865
f 780 2874 6141 2853
f 780 2853 6293 3467
f 780 3467 6435 3474
f 780 3474 6431 2874
f 781 2876 6056 2641
f 781 2641 6041 3466
f 781 3466 6434 3475
f 781 3475 6433 2876
f 782 3467 6293 3153
f 782 3153 6140 3464
f 782 3464 6432 3476
f 782 3476 6435 3467
f 783 2872 6040 2642
f 783 2642 6045 3462
f 783 3462 6430 3477
f 783 3477 6429 2872
f 784 3466 6041 2643
f 784 2643 6042 3460
f 784 3460 6428 3478
f 784 3478 6434 3466
f 785 3464 6140 2859
f 785 2859 6005 3451
f 785 3451 6419 3374
f 785 3374 6432 3464
f 786 2870 6043 2639
f 786 2639 6040 2872
f 786 2872 6429 3480
f 786 3480 6427 2870
f 787 2869 5999 2864
f 787 2864 6141 2874
f 787 2874 6431 3481
f 787 3481 6426 2869
f 788 2868 6138 2569
f 788 2569 6043 2870
f 788 2870 6427 3482
f 788 3482 6425 2868
f 789 3453 6055 3487
f 789 3487 5999 2869
f 789 2869 6426 3349
f 789 3349 6421 3453
f 790 3468 6294 2855
f 790 2855 6148 3456
f 790 3456 6424 3484
f 790 3484 6436 3468
f 791 2863 6137 2633
f 791 2633 6138 2868
f 791 2868 6425 3485
f 791 3485 6422 2863
f 792 3462 6045 2646
f 792 2646 6055 3453
f 792 3453 6421 3486
f 792 3486 6430 3462
f 793 3460 6042 2570
f 793 2570 6139 3452
f 793 3452 6420 3488
f 793 3488 6428 3460
f 794 3452 6139 2861
f 794 2861 6147 2865
f 794 2865 6423 3489
f 794 3489 6420 3452
f 795 3451 6005 3479
f 795 3479 6056 2876
f 795 2876 6433 3490
f 795 3490 6419 3451
f 796 3456 6148 2867
f 796 2867 6137 2863
f 796 2863 6422 3492
f 796 3492 6424 3456
f 797 3503 6343 3255
f 797 3255 6411 3506
f 797 3506 6448 3507
f 797 3507 6445 3503
f 798 3499 6108 2797
f 798 2797 6387 3505
f 798 3505 6447 3508
f 798 3508 6441 3499
f 799 3505 6387 3347
f 799 3347 6344 3504
f 799 3504 6446 3509
f 799 3509 6447 3505
f 800 2795 7040 2783
f 800 2783 6343 3503
f 800 3503 6445 3510
f 800 3510 7401 2795
f 801 2802 6103 2785
f 801 2785 6290 3502
f 801 3502 6444 3511
f 801 3511 6442 2802
f 802 3502 6290 3150
f 802 3150 6102 3501
f 802 3501 6443 3512
f 802 3512 6444 3502
f 803 2800 6109 2789
f 803 2789 6108 3499
f 803 3499 6441 3513
f 803 3513 6440 2800
f 804 2799 6106 2792
f 804 2792 6103 2802
f 804 2802 6442 3514
f 804 3514 6439 2799
f 805 3506 6411 3373
f 805 3373 6099 3496
f 805 3496 6438 3515
f 805 3515 6448 3506
f 806 3496 6099 2796
f 806 2796 6107 3494
f 806 3494 6437 3516
f 806 3516 6438 3496
f 807 3501 6102 2791
f 807 2791 6109 2800
f 807 2800 6440 3517
f 807 3517 6443 3501
f 808 3504 6344 3256
f 808 3256 7051 3493
f 808 3493 7399 3518
f 808 3518 6446 3504
f 809 3494 6107 2788
f 809 2788 6106 2799
f 809 2799 6439 3519
f 809 3519 6437 3494
f 810 3536 6364 3324
f 810 3324 6369 3539
f 810 3539 5942 2456
f 810 2456 5937 3536
f 811 3538 6377 3332
f 811 3332 6375 3545
f 811 3545 5948 2464
f 811 2464 5950 3538
f 812 3541 6365 3325
f 812 3325 6367 3548
f 812 3548 5940 2457
f 812 2457 5938 3541
f 813 3535 6376 3333
f 813 3333 6365 3541
f 813 3541 5938 2465
f 813 2465 5949 3535
f 814 3542 6372 3326
f 814 3326 6368 3546
f 814 3546 5941 2458
f 814 2458 5945 3542
f 815 3544 6373 3334
f 815 3334 6370 3537
f 815 3537 5943 2466
f 815 2466 5946 3544
f 816 3545 6375 3327
f 816 3327 6366 3543
f 816 3543 5939 2459
f 816 2459 5948 3545
f 817 3537 6370 3335
f 817 3335 6364 3536
f 817 3536 5937 2467
f 817 2467 5943 3537
f 818 3540 6374 3328
f 818 3328 6371 3547
f 818 3547 5944 2460
f 818 2460 5947 3540
f 819 3547 6371 3336
f 819 3336 6376 3535
f 819 3535 5949 2468
f 819 2468 5944 3547
f 820 3543 6366 3329
f 820 3329 6372 3542
f 820 3542 5945 2461
f 820 2461 5939 3543
f 821 3539 6369 3337
f 821 3337 6377 3538
f 821 3538 5950 2469
f 821 2469 5942 3539
f 822 3548 6367 3330
f 822 3330 6373 3544
f 822 3544 5946 2462
f 822 2462 5940 3548
f 823 3546 6368 3331
f 823 3331 6374 3540
f 823 3540 5947 2463
f 823 2463 5941 3546
f 824 3555 5820 2199
f 824 2199 5819 2244
f 824 2244 6453 3561
f 824 3561 6449 3555
f 825 3560 5783 2140
f 825 2140 5787 2241
f 825 2241 6450 3562
f 825 3562 6454 3560
f 826 3557 5779 2133
f 826 2133 5783 3560
f 826 3560 6454 3563
f 826 3563 6451 3557
f 827 2244 5819 2200
f 827 2200 5818 2243
f 827 2243 6452 3564
f 827 3564 6453 2244
f 828 2241 5787 2193
f 828 2193 5820 3555
f 828 3555 6449 3565
f 828 3565 6450 2241
f 829 2243 5818 2191
f 829 2191 5779 3557
f 829 3557 6451 3566
f 829 3566 6452 2243
f 830 3571 5784 2134
f 830 2134 5778 2255
f 830 2255 6458 3573
f 830 3573 6459 3571
f 831 3572 5819 2199
f 831 2199 5820 2253
f 831 2253 6456 3574
f 831 3574 6460 3572
f 832 3569 5818 2200
f 832 2200 5819 3572
f 832 3572 6460 3575
f 832 3575 6457 3569
f 833 3567 5788 2141
f 833 2141 5784 3571
f 833 3571 6459 3576
f 833 3576 6455 3567
f 834 2253 5820 2143
f 834 2143 5788 3567
f 834 3567 6455 3577
f 834 3577 6456 2253
f 835 2255 5778 2130
f 835 2130 5818 3569
f 835 3569 6457 3578
f 835 3578 6458 2255
f 836 3579 5778 2134
f 836 2134 5784 2267
f 836 2267 6464 3585
f 836 3585 6461 3579
f 837 3581 5788 2145
f 837 2145 5789 2269
f 837 2269 6466 3586
f 837 3586 6463 3581
f 838 2269 5789 2142
f 838 2142 5785 2268
f 838 2268 6465 3587
f 838 3587 6466 2269
f 839 2268 5785 2135
f 839 2135 5782 2265
f 839 2265 6462 3588
f 839 3588 6465 2268
f 840 2265 5782 2132
f 840 2132 5778 3579
f 840 3579 6461 3589
f 840 3589 6462 2265
f 841 2267 5784 2141
f 841 2141 5788 3581
f 841 3581 6463 3590
f 841 3590 6464 2267
f 842 3596 5781 2136
f 842 2136 5786 2229
f 842 2229 6468 3597
f 842 3597 6472 3596
f 843 3595 5780 2129
f 843 2129 5781 3596
f 843 3596 6472 3598
f 843 3598 6471 3595
f 844 3591 5787 2140
f 844 2140 5783 2231
f 844 2231 6470 3599
f 844 3599 6467 3591
f 845 3593 5779 2131
f 845 2131 5780 3595
f 845 3595 6471 3600
f 845 3600 6469 3593
f 846 2229 5786 2144
f 846 2144 5787 3591
f 846 3591 6467 3601
f 846 3601 6468 2229
f 847 2231 5783 2133
f 847 2133 5779 3593
f 847 3593 6469 3602
f 847 3602 6470 2231
f 848 3753 6553 3770
f 848 3770 6551 3616
f 848 3616 6486 3617
f 848 3617 6476 3753
f 849 3755 6555 3769
f 849 3769 6550 3615
f 849 3615 6485 3618
f 849 3618 6481 3755
f 850 3614 6549 3768
f 850 3768 6552 3752
f 850 3752 6474 3619
f 850 3619 6484 3614
f 851 3603 6543 3767
f 851 3767 6554 3754
f 851 3754 6479 3620
f 851 3620 6473 3603
f 852 3607 6545 3766
f 852 3766 6556 3756
f 852 3756 6483 3621
f 852 3621 6477 3607
f 853 3756 6556 3765
f 853 3765 6549 3614
f 853 3614 6484 3622
f 853 3622 6483 3756
f 854 3615 6550 3764
f 854 3764 6548 3612
f 854 3612 6482 3623
f 854 3623 6485 3615
f 855 3754 6554 3763
f 855 3763 6547 3610
f 855 3610 6480 3624
f 855 3624 6479 3754
f 856 3610 6547 3762
f 856 3762 6546 3608
f 856 3608 6478 3625
f 856 3625 6480 3610
f 857 3616 6551 3761
f 857 3761 6545 3607
f 857 3607 6477 3626
f 857 3626 6486 3616
f 858 3752 6552 3760
f 858 3760 6544 3605
f 858 3605 6475 3627
f 858 3627 6474 3752
f 859 3612 6548 3759
f 859 3759 6543 3603
f 859 3603 6473 3628
f 859 3628 6482 3612
f 860 3608 6546 3758
f 860 3758 6553 3753
f 860 3753 6476 3629
f 860 3629 6478 3608
f 861 3605 6544 3757
f 861 3757 6555 3755
f 861 3755 6481 3630
f 861 3630 6475 3605
f 862 2039 5740 2185
f 862 2185 5812 3644
f 862 3644 6500 3645
f 862 3645 6487 2039
f 863 3642 5724 2036
f 863 2036 5811 3643
f 863 3643 6499 3646
f 863 3646 6498 3642
f 864 3632 5739 2058
f 864 2058 5740 2039
f 864 2039 6487 3647
f 864 3647 6488 3632
f 865 3634 5725 2037
f 865 2037 5721 2048
f 865 2048 6493 3648
f 865 3648 6490 3634
f 866 3636 5732 2040
f 866 2040 5719 2054
f 866 2054 6497 3649
f 866 3649 6492 3636
f 867 2054 5719 2038
f 867 2038 5724 3642
f 867 3642 6498 3650
f 867 3650 6497 2054
f 868 2052 5741 2059
f 868 2059 5742 3640
f 868 3640 6496 3651
f 868 3651 6495 2052
f 869 2048 5721 2042
f 869 2042 5734 3638
f 869 3638 6494 3652
f 869 3652 6493 2048
f 870 2046 5738 2049
f 870 2049 5732 3636
f 870 3636 6492 3653
f 870 3653 6491 2046
f 871 3640 5742 2056
f 871 2056 5738 2046
f 871 2046 6491 3654
f 871 3654 6496 3640
f 872 3643 5811 2184
f 872 2184 5725 3634
f 872 3634 6490 3655
f 872 3655 6499 3643
f 873 3638 5734 2043
f 873 2043 5735 3633
f 873 3633 6489 3656
f 873 3656 6494 3638
f 874 3633 5735 2050
f 874 2050 5739 3632
f 874 3632 6488 3657
f 874 3657 6489 3633
f 875 3644 5812 2057
f 875 2057 5741 2052
f 875 2052 6495 3658
f 875 3658 6500 3644
f 876 2209 5728 2183
f 876 2183 5810 3664
f 876 3664 6506 3673
f 876 3673 6512 2209
f 877 2027 5704 2015
f 877 2015 5809 3660
f 877 3660 6502 3674
f 877 3674 6501 2027
f 878 3671 5699 2017
f 878 2017 5704 2027
f 878 2027 6501 3675
f 878 3675 6513 3671
f 879 3666 5727 2025
f 879 2025 5728 2209
f 879 2209 6512 3676
f 879 3676 6508 3666
f 880 3668 5705 2016
f 880 2016 5701 2029
f 880 2029 6503 3677
f 880 3677 6510 3668
f 881 2035 5729 2026
f 881 2026 5730 3669
f 881 3669 6511 3678
f 881 3678 6509 2035
f 882 2029 5701 2019
f 882 2019 5722 3665
f 882 3665 6507 3679
f 882 3679 6503 2029
f 883 3554 5726 2021
f 883 2021 5720 3663
f 883 3663 6505 3680
f 883 3680 6514 3554
f 884 3669 5730 2023
f 884 2023 5726 3554
f 884 3554 6514 3681
f 884 3681 6511 3669
f 885 3660 5809 2182
f 885 2182 5705 3668
f 885 3668 6510 3682
f 885 3682 6502 3660
f 886 3665 5722 2020
f 886 2020 5723 3662
f 886 3662 6504 3683
f 886 3683 6507 3665
f 887 3662 5723 2022
f 887 2022 5727 3666
f 887 3666 6508 3684
f 887 3684 6504 3662
f 888 3664 5810 2024
f 888 2024 5729 2035
f 888 2035 6509 3685
f 888 3685 6506 3664
f 889 3663 5720 2018
f 889 2018 5699 3671
f 889 3671 6513 3686
f 889 3686 6505 3663
f 890 3606 6476 3617
f 890 3617 6486 3695
f 890 3695 6523 3701
f 890 3701 6525 3606
f 891 3611 6481 3618
f 891 3618 6485 3694
f 891 3694 6522 3702
f 891 3702 6527 3611
f 892 3693 6484 3619
f 892 3619 6474 3604
f 892 3604 6524 3703
f 892 3703 6521 3693
f 893 3687 6473 3620
f 893 3620 6479 3609
f 893 3609 6526 3704
f 893 3704 6515 3687
f 894 3689 6477 3621
f 894 3621 6483 3613
f 894 3613 6528 3705
f 894 3705 6517 3689
f 895 3613 6483 3622
f 895 3622 6484 3693
f 895 3693 6521 3706
f 895 3706 6528 3613
f 896 3694 6485 3623
f 896 3623 6482 3692
f 896 3692 6520 3707
f 896 3707 6522 3694
f 897 3609 6479 3624
f 897 3624 6480 3691
f 897 3691 6519 3708
f 897 3708 6526 3609
f 898 3691 6480 3625
f 898 3625 6478 3690
f 898 3690 6518 3709
f 898 3709 6519 3691
f 899 3695 6486 3626
f 899 3626 6477 3689
f 899 3689 6517 3710
f 899 3710 6523 3695
f 900 3604 6474 3627
f 900 3627 6475 3688
f 900 3688 6516 3711
f 900 3711 6524 3604
f 901 3692 6482 3628
f 901 3628 6473 3687
f 901 3687 6515 3712
f 901 3712 6520 3692
f 902 3690 6478 3629
f 902 3629 6476 3606
f 902 3606 6525 3713
f 902 3713 6518 3690
f 903 3688 6475 3630
f 903 3630 6481 3611
f 903 3611 6527 3714
f 903 3714 6516 3688
f 904 3721 5683 1993
f 904 1993 5688 2007
f 904 2007 6532 3729
f 904 3729 6535 3721
f 905 3723 5715 2013
f 905 2013 5716 2000
f 905 2000 6530 3730
f 905 3730 6537 3723
f 906 3725 5689 1992
f 906 1992 5685 3720
f 906 3720 6534 3731
f 906 3731 6539 3725
f 907 1996 5711 1995
f 907 1995 5683 3721
f 907 3721 6535 3732
f 907 3732 6529 1996
f 908 3728 5808 2012
f 908 2012 5717 3722
f 908 3722 6536 3733
f 908 3733 6542 3728
f 909 3724 5713 2005
f 909 2005 5715 3723
f 909 3723 6537 3734
f 909 3734 6538 3724
f 910 2003 5712 1998
f 910 1998 5713 3724
f 910 3724 6538 3735
f 910 3735 6531 2003
f 911 3727 5807 2180
f 911 2180 5689 3725
f 911 3725 6539 3736
f 911 3736 6541 3727
f 912 2009 5718 2011
f 912 2011 5714 3726
f 912 3726 6540 3737
f 912 3737 6533 2009
f 913 3722 5717 2014
f 913 2014 5718 2009
f 913 2009 6533 3738
f 913 3738 6536 3722
f 914 3720 5685 1997
f 914 1997 5712 2003
f 914 2003 6531 3739
f 914 3739 6534 3720
f 915 3726 5714 2004
f 915 2004 5711 1996
f 915 1996 6529 3740
f 915 3740 6540 3726
f 916 2007 5688 1991
f 916 1991 5807 3727
f 916 3727 6541 3741
f 916 3741 6532 2007
f 917 2000 5716 2181
f 917 2181 5808 3728
f 917 3728 6542 3742
f 917 3742 6530 2000
f 918 3744 6535 3729
f 918 3729 6532 3718
f 918 3718 6555 3757
f 918 3757 6544 3744
f 919 3746 6537 3730
f 919 3730 6530 3716
f 919 3716 6553 3758
f 919 3758 6546 3746
f 920 3748 6539 3731
f 920 3731 6534 3743
f 920 3743 6543 3759
f 920 3759 6548 3748
f 921 3715 6529 3732
f 921 3732 6535 3744
f 921 3744 6544 3760
f 921 3760 6552 3715
f 922 3751 6542 3733
f 922 3733 6536 3745
f 922 3745 6545 3761
f 922 3761 6551 3751
f 923 3747 6538 3734
f 923 3734 6537 3746
f 923 3746 6546 3762
f 923 3762 6547 3747
f 924 3717 6531 3735
f 924 3735 6538 3747
f 924 3747 6547 3763
f 924 3763 6554 3717
f 925 3750 6541 3736
f 925 3736 6539 3748
f 925 3748 6548 3764
f 925 3764 6550 3750
f 926 3719 6533 3737
f 926 3737 6540 3749
f 926 3749 6549 3765
f 926 3765 6556 3719
f 927 3745 6536 3738
f 927 3738 6533 3719
f 927 3719 6556 3766
f 927 3766 6545 3745
f 928 3743 6534 3739
f 928 3739 6531 3717
f 928 3717 6554 3767
f 928 3767 6543 3743
f 929 3749 6540 3740
f 929 3740 6529 3715
f 929 3715 6552 3768
f 929 3768 6549 3749
f 930 3718 6532 3741
f 930 3741 6541 3750
f 930 3750 6550 3769
f 930 3769 6555 3718
f 931 3716 6530 3742
f 931 3742 6542 3751
f 931 3751 6551 3770
f 931 3770 6553 3716
f 932 3781 6349 3261
f 932 3261 6414 3784
f 932 3784 6568 3785
f 932 3785 6565 3781
f 933 3059 6246 3058
f 933 3058 6390 3783
f 933 3783 6567 3786
f 933 3786 6560 3059
f 934 3783 6390 3352
f 934 3352 6350 3782
f 934 3782 6566 3787
f 934 3787 6567 3783
f 935 3062 7189 3049
f 935 3049 6349 3781
f 935 3781 6565 3788
f 935 3788 7527 3062
f 936 3055 6241 3048
f 936 3048 6310 3780
f 936 3780 6564 3789
f 936 3789 6558 3055
f 937 3063 6243 3057
f 937 3057 6245 3779
f 937 3779 6563 3790
f 937 3790 6562 3063
f 938 3784 6414 3379
f 938 3379 6243 3063
f 938 3063 6562 3791
f 938 3791 6568 3784
f 939 3061 6242 3052
f 939 3052 6247 3771
f 939 3771 6557 3792
f 939 3792 6561 3061
f 940 3782 6350 3262
f 940 3262 7194 3775
f 940 3775 7525 3793
f 940 3793 6566 3782
f 941 3779 6245 3050
f 941 3050 6244 3773
f 941 3773 6559 3794
f 941 3794 6563 3779
f 942 3780 6310 3170
f 942 3170 6242 3061
f 942 3061 6561 3795
f 942 3795 6564 3780
f 943 3771 6247 3051
f 943 3051 6246 3059
f 943 3059 6560 3796
f 943 3796 6557 3771
f 944 3773 6244 3053
f 944 3053 6241 3055
f 944 3055 6558 3797
f 944 3797 6559 3773
f 945 4358 6838 4332
f 945 4332 6577 3826
f 945 3826 6578 4341
f 945 4341 6847 4358
f 946 4357 6839 4333
f 946 4333 6569 3805
f 946 3805 6571 4337
f 946 4337 6843 4357
f 947 4356 6842 3800
f 947 3800 6576 3817
f 947 3817 6573 4339
f 947 4339 6845 4356
f 948 4355 6848 3803
f 948 3803 6579 3827
f 948 3827 6580 4335
f 948 4335 6841 4355
f 949 4354 6846 3802
f 949 3802 6572 3806
f 949 3806 6570 3799
f 949 3799 6840 4354
f 950 4353 6841 4335
f 950 4335 6580 3824
f 950 3824 6576 3800
f 950 3800 6842 4353
f 951 4352 6843 4337
f 951 4337 6571 3810
f 951 3810 6574 3801
f 951 3801 6844 4352
f 952 4351 6845 4339
f 952 4339 6573 3808
f 952 3808 6572 3802
f 952 3802 6846 4351
f 953 4350 6850 4130
f 953 4130 6714 3825
f 953 3825 6579 3803
f 953 3803 6848 4350
f 954 4302 6816 3819
f 954 3819 6585 3832
f 954 3832 6584 3807
f 954 3807 6809 4302
f 955 4301 6822 4129
f 955 4129 6716 3849
f 955 3849 6591 4285
f 955 4285 6819 4301
f 956 4300 6812 3813
f 956 3813 6587 3842
f 956 3842 6589 3812
f 956 3812 6811 4300
f 957 4299 6818 3821
f 957 3821 6586 3835
f 957 3835 6587 3813
f 957 3813 6812 4299
f 958 4298 6821 4128
f 958 4128 6715 4083
f 958 4083 6581 3815
f 958 3815 6814 4298
f 959 4297 6820 3823
f 959 3823 6592 3848
f 959 3848 6588 4281
f 959 4281 6815 4297
f 960 4296 6815 4281
f 960 4281 6588 3841
f 960 3841 6585 3819
f 960 3819 6816 4296
f 961 4295 6817 4283
f 961 4283 6583 3834
f 961 3834 6586 3821
f 961 3821 6818 4295
f 962 4294 6819 4285
f 962 4285 6591 3851
f 962 3851 6592 3823
f 962 3823 6820 4294
f 963 4349 6849 4127
f 963 4127 6713 4081
f 963 4081 6569 4333
f 963 4333 6839 4349
f 964 4348 6844 3801
f 964 3801 6574 3811
f 964 3811 6575 3798
f 964 3798 6837 4348
f 965 4347 6837 3798
f 965 3798 6575 3818
f 965 3818 6577 4332
f 965 4332 6838 4347
f 966 4330 6826 3837
f 966 3837 6600 3859
f 966 3859 6601 3831
f 966 3831 6823 4330
f 967 4329 6836 4126
f 967 4126 6717 4085
f 967 4085 6593 4313
f 967 4313 6833 4329
f 968 4328 6828 3839
f 968 3839 6608 3872
f 968 3872 6604 4304
f 968 4304 6824 4328
f 969 4327 6824 4304
f 969 4304 6604 3865
f 969 3865 6598 3836
f 969 3836 6825 4327
f 970 4326 6834 3847
f 970 3847 6595 3858
f 970 3858 6600 3837
f 970 3837 6826 4326
f 971 4325 6827 4307
f 971 4307 6607 3875
f 971 3875 6608 3839
f 971 3839 6828 4325
f 972 4324 6829 4309
f 972 4309 6596 3854
f 972 3854 6594 3843
f 972 3843 6830 4324
f 973 4323 6831 4311
f 973 4311 6605 3874
f 973 3874 6606 3845
f 973 3845 6832 4323
f 974 4322 6833 4313
f 974 4313 6593 3853
f 974 3853 6595 3847
f 974 3847 6834 4322
f 975 4293 6814 3815
f 975 3815 6581 3829
f 975 3829 6583 4283
f 975 4283 6817 4293
f 976 4292 6811 3812
f 976 3812 6589 3850
f 976 3850 6590 4276
f 976 4276 6810 4292
f 977 4291 6809 3807
f 977 3807 6584 3830
f 977 3830 6582 4279
f 977 4279 6813 4291
f 978 3875 6607 3864
f 978 3864 6623 3899
f 978 3899 6624 3857
f 978 3857 6608 3875
f 979 3854 6596 3862
f 979 3862 6612 3878
f 979 3878 6610 3870
f 979 3870 6594 3854
f 980 3874 6605 3867
f 980 3867 6621 3898
f 980 3898 6622 3863
f 980 3863 6606 3874
f 981 3853 6593 3871
f 981 3871 6609 3877
f 981 3877 6611 3860
f 981 3860 6595 3853
f 982 3856 6598 3861
f 982 3861 6614 3880
f 982 3880 6612 3862
f 982 3862 6596 3856
f 983 3873 6718 4125
f 983 4125 6720 3897
f 983 3897 6623 3864
f 983 3864 6607 3873
f 984 3866 6601 3869
f 984 3869 6617 3890
f 984 3890 6621 3867
f 984 3867 6605 3866
f 985 3859 6600 3868
f 985 3868 6616 3883
f 985 3883 6617 3869
f 985 3869 6601 3859
f 986 4085 6717 4124
f 986 4124 6719 4087
f 986 4087 6609 3871
f 986 3871 6593 4085
f 987 4321 6823 3831
f 987 3831 6601 3866
f 987 3866 6605 4311
f 987 4311 6831 4321
f 988 4320 6835 4123
f 988 4123 6718 3873
f 988 3873 6607 4307
f 988 4307 6827 4320
f 989 4319 6825 3836
f 989 3836 6598 3856
f 989 3856 6596 4309
f 989 4309 6829 4319
f 990 3992 6663 3888
f 990 3888 6631 3923
f 990 3923 6632 3881
f 990 3881 6658 3992
f 991 3991 6661 3886
f 991 3886 6597 3902
f 991 3902 6602 3979
f 991 3979 6667 3991
f 992 3990 6664 3891
f 992 3891 6629 3922
f 992 3922 6630 3974
f 992 3974 6662 3990
f 993 3989 6668 3895
f 993 3895 6603 3901
f 993 3901 6599 3884
f 993 3884 6659 3989
f 994 3988 6660 3972
f 994 3972 6625 3904
f 994 3904 6597 3886
f 994 3886 6661 3988
f 995 4096 6728 4122
f 995 4122 6722 3921
f 995 3921 6631 3888
f 995 3888 6663 4096
f 996 3986 6666 3893
f 996 3893 6627 3914
f 996 3914 6629 3891
f 996 3891 6664 3986
f 997 3985 6665 3977
f 997 3977 6626 3907
f 997 3907 6627 3893
f 997 3893 6666 3985
f 998 4095 6727 4121
f 998 4121 6721 4089
f 998 4089 6603 3895
f 998 3895 6668 4095
f 999 3858 6595 3860
f 999 3860 6611 3882
f 999 3882 6616 3868
f 999 3868 6600 3858
f 1000 3865 6604 3855
f 1000 3855 6620 3889
f 1000 3889 6614 3861
f 1000 3861 6598 3865
f 1001 3872 6608 3857
f 1001 3857 6624 3896
f 1001 3896 6620 3855
f 1001 3855 6604 3872
f 1002 5573 7480 3908
f 1002 3908 6613 3926
f 1002 3926 6618 5558
f 1002 5558 7491 5573
f 1003 5572 7482 3911
f 1003 3911 6641 3934
f 1003 3934 6642 5556
f 1003 5556 7489 5572
f 1004 5571 7484 3917
f 1004 3917 6619 3925
f 1004 3925 6615 3903
f 1004 3903 7479 5571
f 1005 5570 7488 5555
f 1005 5555 6634 3927
f 1005 3927 6613 3908
f 1005 3908 7480 5570
f 1006 5569 7487 4120
f 1006 4120 6724 3933
f 1006 3933 6643 3910
f 1006 3910 7481 5569
f 1007 5568 7483 3915
f 1007 3915 6637 3931
f 1007 3931 6641 3911
f 1007 3911 7482 5568
f 1008 5567 7490 5557
f 1008 5557 6636 3929
f 1008 3929 6637 3915
f 1008 3915 7483 5567
f 1009 5566 7486 4119
f 1009 4119 6723 4091
f 1009 4091 6619 3917
f 1009 3917 7484 5566
f 1010 5565 7492 5559
f 1010 5559 6644 3932
f 1010 3932 6640 3919
f 1010 3919 7485 5565
f 1011 3983 6659 3884
f 1011 3884 6599 3906
f 1011 3906 6626 3977
f 1011 3977 6665 3983
f 1012 3982 6657 3969
f 1012 3969 6628 3913
f 1012 3913 6625 3972
f 1012 3972 6660 3982
f 1013 3981 6658 3881
f 1013 3881 6632 3920
f 1013 3920 6628 3969
f 1013 3969 6657 3981
f 1014 5564 7481 3910
f 1014 3910 6643 3935
f 1014 3935 6644 5559
f 1014 5559 7492 5564
f 1015 5563 7479 3903
f 1015 3903 6615 3928
f 1015 3928 6636 5557
f 1015 5557 7490 5563
f 1016 5562 7485 3919
f 1016 3919 6640 3930
f 1016 3930 6634 5555
f 1016 5555 7488 5562
f 1017 5545 7469 3940
f 1017 3940 6646 3949
f 1017 3949 6633 5412
f 1017 5412 7477 5545
f 1018 5544 7470 3941
f 1018 3941 6726 3966
f 1018 3966 6655 5526
f 1018 5526 7473 5544
f 1019 5543 7468 3939
f 1019 3939 6649 3959
f 1019 3959 6653 3943
f 1019 3943 7472 5543
f 1020 5542 7471 3942
f 1020 3942 6648 3952
f 1020 3952 6649 3939
f 1020 3939 7468 5542
f 1021 5541 7466 3937
f 1021 3937 6725 4093
f 1021 4093 6639 4116
f 1021 4116 7474 5541
f 1022 5540 7475 4117
f 1022 4117 6656 3965
f 1022 3965 6652 5531
f 1022 5531 7478 5540
f 1023 5539 7478 5531
f 1023 5531 6652 3958
f 1023 3958 6646 3940
f 1023 3940 7469 5539
f 1024 5538 7467 5520
f 1024 5520 6635 3951
f 1024 3951 6648 3942
f 1024 3942 7471 5538
f 1025 5537 7473 5526
f 1025 5526 6655 3968
f 1025 3968 6656 4117
f 1025 4117 7475 5537
f 1026 5517 7464 4115
f 1026 4115 6730 4014
f 1026 4014 6683 5498
f 1026 5498 7459 5517
f 1027 5516 7453 3953
f 1027 3953 6677 4007
f 1027 4007 6681 3950
f 1027 3950 7452 5516
f 1028 5515 7458 3960
f 1028 3960 6676 4000
f 1028 4000 6677 3953
f 1028 3953 7453 5515
f 1029 5514 7463 4114
f 1029 4114 6729 4097
f 1029 4097 6669 3954
f 1029 3954 7454 5514
f 1030 5513 7460 3962
f 1030 3962 6684 4013
f 1030 4013 6680 5494
f 1030 5494 7455 5513
f 1031 5512 7455 5494
f 1031 5494 6680 4006
f 1031 4006 6674 3956
f 1031 3956 7456 5512
f 1032 5511 7457 5496
f 1032 5496 6671 3999
f 1032 3999 6676 3960
f 1032 3960 7458 5511
f 1033 5510 7459 5498
f 1033 5498 6683 4016
f 1033 4016 6684 3962
f 1033 3962 7460 5510
f 1034 5509 7461 5500
f 1034 5500 6672 3995
f 1034 3995 6670 3964
f 1034 3964 7462 5509
f 1035 5536 7474 4116
f 1035 4116 6639 3946
f 1035 3946 6635 5520
f 1035 5520 7467 5536
f 1036 5535 7472 3943
f 1036 3943 6653 3967
f 1036 3967 6654 5529
f 1036 5529 7476 5535
f 1037 5534 7477 5412
f 1037 5412 6633 3947
f 1037 3947 6638 5518
f 1037 5518 7465 5534
f 1038 3896 6624 3970
f 1038 3970 6658 3981
f 1038 3981 6657 3879
f 1038 3879 6620 3896
f 1039 3889 6620 3879
f 1039 3879 6657 3982
f 1039 3982 6660 3885
f 1039 3885 6614 3889
f 1040 3882 6611 3971
f 1040 3971 6659 3983
f 1040 3983 6665 3892
f 1040 3892 6616 3882
f 1041 4087 6719 4113
f 1041 4113 6727 4095
f 1041 4095 6668 3980
f 1041 3980 6609 4087
f 1042 3883 6616 3892
f 1042 3892 6665 3985
f 1042 3985 6666 3978
f 1042 3978 6617 3883
f 1043 3890 6617 3978
f 1043 3978 6666 3986
f 1043 3986 6664 3976
f 1043 3976 6621 3890
f 1044 3897 6720 4112
f 1044 4112 6728 4096
f 1044 4096 6663 3975
f 1044 3975 6623 3897
f 1045 3880 6614 3885
f 1045 3885 6660 3988
f 1045 3988 6661 3973
f 1045 3973 6612 3880
f 1046 3877 6609 3980
f 1046 3980 6668 3989
f 1046 3989 6659 3971
f 1046 3971 6611 3877
f 1047 3898 6621 3976
f 1047 3976 6664 3990
f 1047 3990 6662 3887
f 1047 3887 6622 3898
f 1048 3878 6612 3973
f 1048 3973 6661 3991
f 1048 3991 6667 3894
f 1048 3894 6610 3878
f 1049 3899 6623 3975
f 1049 3975 6663 3992
f 1049 3992 6658 3970
f 1049 3970 6624 3899
f 1050 4032 6686 4026
f 1050 4026 6645 4019
f 1050 4019 6650 4021
f 1050 4021 6685 4032
f 1051 4104 6736 4111
f 1051 4111 6731 4099
f 1051 4099 6689 4055
f 1051 4055 6711 4104
f 1052 4079 6704 4004
f 1052 4004 6696 4041
f 1052 4041 6692 4057
f 1052 4057 6679 4079
f 1053 4078 6708 4010
f 1053 4010 6703 4051
f 1053 4051 6699 4059
f 1053 4059 6675 4078
f 1054 4077 6679 4057
f 1054 4057 6692 4035
f 1054 4035 6690 4001
f 1054 4001 6678 4077
f 1055 4076 6675 4059
f 1055 4059 6699 4044
f 1055 4044 6696 4004
f 1055 4004 6704 4076
f 1056 4075 6705 4061
f 1056 4061 6691 4037
f 1056 4037 6694 4008
f 1056 4008 6706 4075
f 1057 4074 6707 4063
f 1057 4063 6702 4054
f 1057 4054 6703 4010
f 1057 4010 6708 4074
f 1058 4073 6709 4065
f 1058 4065 6700 4053
f 1058 4053 6701 4012
f 1058 4012 6710 4073
f 1059 5508 7456 3956
f 1059 3956 6674 3997
f 1059 3997 6672 5500
f 1059 5500 7461 5508
f 1060 5507 7454 3954
f 1060 3954 6669 3994
f 1060 3994 6671 5496
f 1060 5496 7457 5507
f 1061 5506 7452 3950
f 1061 3950 6681 4015
f 1061 4015 6682 5490
f 1061 5490 7451 5506
f 1062 4017 6650 4019
f 1062 4019 6645 4020
f 1062 4020 6647 4018
f 1062 4018 6651 4017
f 1063 4031 6685 4021
f 1063 4021 6650 4017
f 1063 4017 6651 4023
f 1063 4023 6687 4031
f 1064 4030 6687 4023
f 1064 4023 6651 4018
f 1064 4018 6647 4024
f 1064 4024 6688 4030
f 1065 4029 6688 4024
f 1065 4024 6647 4020
f 1065 4020 6645 4026
f 1065 4026 6686 4029
f 1066 4003 6673 4028
f 1066 4028 6688 4029
f 1066 4029 6686 4022
f 1066 4022 6674 4003
f 1067 3996 6670 4027
f 1067 4027 6687 4030
f 1067 4030 6688 4028
f 1067 4028 6673 3996
f 1068 3995 6672 4025
f 1068 4025 6685 4031
f 1068 4031 6687 4027
f 1068 4027 6670 3995
f 1069 3997 6674 4022
f 1069 4022 6686 4032
f 1069 4032 6685 4025
f 1069 4025 6672 3997
f 1070 4099 6731 4110
f 1070 4110 6732 4100
f 1070 4100 6693 4036
f 1070 4036 6689 4099
f 1071 4034 6689 4036
f 1071 4036 6693 4040
f 1071 4040 6694 4037
f 1071 4037 6691 4034
f 1072 5449 7428 5441
f 1072 5441 6757 4171
f 1072 4171 6759 4175
f 1072 4175 7427 5449
f 1073 5425 7416 5417
f 1073 5417 6746 4145
f 1073 4145 6744 4151
f 1073 4151 7415 5425
f 1074 5461 7434 5453
f 1074 5453 6740 4133
f 1074 4133 6739 4139
f 1074 4139 7433 5461
f 1075 5448 7426 5439
f 1075 5439 6756 4167
f 1075 4167 6755 4048
f 1075 4048 7425 5448
f 1076 5424 7414 5415
f 1076 5415 6745 4147
f 1076 4147 6748 4101
f 1076 4101 7413 5424
f 1077 5460 7432 5451
f 1077 5451 6741 4137
f 1077 4137 6742 4047
f 1077 4047 7431 5460
f 1078 4072 6706 4008
f 1078 4008 6694 4038
f 1078 4038 6695 4056
f 1078 4056 6712 4072
f 1079 4071 6712 4056
f 1079 4056 6695 4045
f 1079 4045 6700 4065
f 1079 4065 6709 4071
f 1080 4103 6735 4107
f 1080 4107 6734 4052
f 1080 4052 6702 4063
f 1080 4063 6707 4103
f 1081 4069 6711 4055
f 1081 4055 6689 4034
f 1081 4034 6691 4061
f 1081 4061 6705 4069
f 1082 3994 6669 4067
f 1082 4067 6711 4069
f 1082 4069 6705 4005
f 1082 4005 6671 3994
f 1083 4014 6730 4106
f 1083 4106 6735 4103
f 1083 4103 6707 4009
f 1083 4009 6683 4014
f 1084 4007 6677 4068
f 1084 4068 6712 4071
f 1084 4071 6709 4011
f 1084 4011 6681 4007
f 1085 4000 6676 4062
f 1085 4062 6706 4072
f 1085 4072 6712 4068
f 1085 4068 6677 4000
f 1086 4015 6681 4011
f 1086 4011 6709 4073
f 1086 4073 6710 4066
f 1086 4066 6682 4015
f 1087 4016 6683 4009
f 1087 4009 6707 4074
f 1087 4074 6708 4064
f 1087 4064 6684 4016
f 1088 3999 6671 4005
f 1088 4005 6705 4075
f 1088 4075 6706 4062
f 1088 4062 6676 3999
f 1089 4006 6680 4002
f 1089 4002 6675 4076
f 1089 4076 6704 4060
f 1089 4060 6674 4006
f 1090 3996 6673 3998
f 1090 3998 6679 4077
f 1090 4077 6678 4058
f 1090 4058 6670 3996
f 1091 4013 6684 4064
f 1091 4064 6708 4078
f 1091 4078 6675 4002
f 1091 4002 6680 4013
f 1092 4003 6674 4060
f 1092 4060 6704 4079
f 1092 4079 6679 3998
f 1092 3998 6673 4003
f 1093 4097 6729 4105
f 1093 4105 6736 4104
f 1093 4104 6711 4067
f 1093 4067 6669 4097
f 1094 3993 6670 4058
f 1094 4058 6678 4080
f 1094 4080 6736 4105
f 1094 4105 6729 3993
f 1095 4098 6682 4066
f 1095 4066 6710 4070
f 1095 4070 6735 4106
f 1095 4106 6730 4098
f 1096 4070 6710 4012
f 1096 4012 6701 4102
f 1096 4102 6734 4107
f 1096 4107 6735 4070
f 1097 5437 7422 5429
f 1097 5429 6750 4155
f 1097 4155 6749 4163
f 1097 4163 7421 5437
f 1098 5436 7420 5427
f 1098 5427 6754 4159
f 1098 4159 6753 4046
f 1098 4046 7419 5436
f 1099 4033 6690 4035
f 1099 4035 6692 4039
f 1099 4039 6732 4110
f 1099 4110 6731 4033
f 1100 4080 6678 4001
f 1100 4001 6690 4033
f 1100 4033 6731 4111
f 1100 4111 6736 4080
f 1101 4088 6622 3887
f 1101 3887 6662 3987
f 1101 3987 6728 4112
f 1101 4112 6720 4088
f 1102 3876 6610 3894
f 1102 3894 6667 3984
f 1102 3984 6727 4113
f 1102 4113 6719 3876
f 1103 5505 7462 3964
f 1103 3964 6670 3993
f 1103 3993 6729 4114
f 1103 4114 7463 5505
f 1104 5504 7451 5490
f 1104 5490 6682 4098
f 1104 4098 6730 4115
f 1104 4115 7464 5504
f 1105 5533 7465 5518
f 1105 5518 6638 3945
f 1105 3945 6725 3937
f 1105 3937 7466 5533
f 1106 5532 7476 5529
f 1106 5529 6654 4094
f 1106 4094 6726 3941
f 1106 3941 7470 5532
f 1107 5561 7491 5558
f 1107 5558 6618 3924
f 1107 3924 6723 4119
f 1107 4119 7486 5561
f 1108 5560 7489 5556
f 1108 5556 6642 4092
f 1108 4092 6724 4120
f 1108 4120 7487 5560
f 1109 3984 6667 3979
f 1109 3979 6602 3900
f 1109 3900 6721 4121
f 1109 4121 6727 3984
f 1110 3987 6662 3974
f 1110 3974 6630 4090
f 1110 4090 6722 4122
f 1110 4122 6728 3987
f 1111 4318 6832 3845
f 1111 3845 6606 4086
f 1111 4086 6718 4123
f 1111 4123 6835 4318
f 1112 3852 6594 3870
f 1112 3870 6610 3876
f 1112 3876 6719 4124
f 1112 4124 6717 3852
f 1113 4086 6606 3863
f 1113 3863 6622 4088
f 1113 4088 6720 4125
f 1113 4125 6718 4086
f 1114 4317 6830 3843
f 1114 3843 6594 3852
f 1114 3852 6717 4126
f 1114 4126 6836 4317
f 1115 4346 6840 3799
f 1115 3799 6570 3804
f 1115 3804 6713 4127
f 1115 4127 6849 4346
f 1116 4290 6813 4279
f 1116 4279 6582 3828
f 1116 3828 6715 4128
f 1116 4128 6821 4290
f 1117 4289 6810 4276
f 1117 4276 6590 4084
f 1117 4084 6716 4129
f 1117 4129 6822 4289
f 1118 4345 6847 4341
f 1118 4341 6578 4082
f 1118 4082 6714 4130
f 1118 4130 6850 4345
f 1119 4172 6760 4216
f 1119 4216 6784 4205
f 1119 4205 6782 4215
f 1119 4215 6758 4172
f 1120 4149 6747 4207
f 1120 4207 6771 4192
f 1120 4192 6770 4214
f 1120 4214 6746 4149
f 1121 5459 7433 4139
f 1121 4139 6739 4132
f 1121 4132 6737 4141
f 1121 4141 7435 5459
f 1122 5458 7431 4047
f 1122 4047 6742 4136
f 1122 4136 6740 5453
f 1122 5453 7434 5458
f 1123 5457 7435 4141
f 1123 4141 6737 4131
f 1123 4131 6738 4142
f 1123 4142 7436 5457
f 1124 5456 7436 4142
f 1124 4142 6738 4134
f 1124 4134 6741 5451
f 1124 5451 7432 5456
f 1125 4134 6738 4213
f 1125 4213 6762 4182
f 1125 4182 6765 4212
f 1125 4212 6741 4134
f 1126 4171 6757 4211
f 1126 4211 6781 4204
f 1126 4204 6783 4210
f 1126 4210 6759 4171
f 1127 5423 7417 5418
f 1127 5418 6747 4149
f 1127 4149 6746 5417
f 1127 5417 7416 5423
f 1128 5422 7415 4151
f 1128 4151 6744 4143
f 1128 4143 6743 4154
f 1128 4154 7418 5422
f 1129 5421 7418 4154
f 1129 4154 6743 4144
f 1129 4144 6745 5415
f 1129 5415 7414 5421
f 1130 5420 7413 4101
f 1130 4101 6748 4148
f 1130 4148 6747 5418
f 1130 5418 7417 5420
f 1131 4156 6751 4209
f 1131 4209 6775 4194
f 1131 4194 6774 4157
f 1131 4157 6750 4156
f 1132 4148 6748 4208
f 1132 4208 6772 4191
f 1132 4191 6771 4207
f 1132 4207 6747 4148
f 1133 5435 7419 4046
f 1133 4046 6753 4158
f 1133 4158 6751 4165
f 1133 4165 7423 5435
f 1134 5434 7421 4163
f 1134 4163 6749 4161
f 1134 4161 6752 4166
f 1134 4166 7424 5434
f 1135 5433 7424 4166
f 1135 4166 6752 4160
f 1135 4160 6754 5427
f 1135 5427 7420 5433
f 1136 5432 7423 4165
f 1136 4165 6751 4156
f 1136 4156 6750 5429
f 1136 5429 7422 5432
f 1137 4133 6740 4135
f 1137 4135 6764 4181
f 1137 4181 6763 4146
f 1137 4146 6739 4133
f 1138 4155 6750 4157
f 1138 4157 6774 4193
f 1138 4193 6773 4170
f 1138 4170 6749 4155
f 1139 5447 7429 5442
f 1139 5442 6758 4169
f 1139 4169 6756 5439
f 1139 5439 7426 5447
f 1140 5446 7430 5443
f 1140 5443 6760 4172
f 1140 4172 6758 5442
f 1140 5442 7429 5446
f 1141 5445 7427 4175
f 1141 4175 6759 4173
f 1141 4173 6760 5443
f 1141 5443 7430 5445
f 1142 5444 7425 4048
f 1142 4048 6755 4168
f 1142 4168 6757 5441
f 1142 5441 7428 5444
f 1143 4194 6775 4264
f 1143 4264 6799 4242
f 1143 4242 6798 4258
f 1143 4258 6774 4194
f 1144 4179 6761 4263
f 1144 4263 6785 4227
f 1144 4227 6786 4262
f 1144 4262 6762 4179
f 1145 4201 6779 4255
f 1145 4255 6803 4249
f 1145 4249 6805 4261
f 1145 4261 6781 4201
f 1146 4186 6768 4260
f 1146 4260 6792 4234
f 1146 4234 6791 4259
f 1146 4259 6767 4186
f 1147 4193 6774 4258
f 1147 4258 6798 4241
f 1147 4241 6797 4257
f 1147 4257 6773 4193
f 1148 4200 6780 4256
f 1148 4256 6804 4248
f 1148 4248 6803 4255
f 1148 4255 6779 4200
f 1149 4185 6765 4183
f 1149 4183 6789 4233
f 1149 4233 6790 4189
f 1149 4189 6766 4185
f 1150 4192 6771 4195
f 1150 4195 6795 4240
f 1150 4240 6794 4203
f 1150 4203 6770 4192
f 1151 4143 6744 4218
f 1151 4218 6768 4186
f 1151 4186 6767 4217
f 1151 4217 6743 4143
f 1152 4158 6753 4219
f 1152 4219 6777 4196
f 1152 4196 6775 4209
f 1152 4209 6751 4158
f 1153 4173 6759 4210
f 1153 4210 6783 4206
f 1153 4206 6784 4216
f 1153 4216 6760 4173
f 1154 4136 6742 4220
f 1154 4220 6766 4184
f 1154 4184 6764 4135
f 1154 4135 6740 4136
f 1155 4144 6743 4217
f 1155 4217 6767 4187
f 1155 4187 6769 4221
f 1155 4221 6745 4144
f 1156 4159 6754 4222
f 1156 4222 6778 4197
f 1156 4197 6777 4219
f 1156 4219 6753 4159
f 1157 4137 6741 4212
f 1157 4212 6765 4185
f 1157 4185 6766 4220
f 1157 4220 6742 4137
f 1158 4167 6756 4224
f 1158 4224 6780 4200
f 1158 4200 6779 4223
f 1158 4223 6755 4167
f 1159 4145 6746 4214
f 1159 4214 6770 4188
f 1159 4188 6768 4218
f 1159 4218 6744 4145
f 1160 4160 6752 4225
f 1160 4225 6776 4198
f 1160 4198 6778 4222
f 1160 4222 6754 4160
f 1161 4168 6755 4223
f 1161 4223 6779 4201
f 1161 4201 6781 4211
f 1161 4211 6757 4168
f 1162 4131 6737 4226
f 1162 4226 6761 4179
f 1162 4179 6762 4213
f 1162 4213 6738 4131
f 1163 4161 6749 4170
f 1163 4170 6773 4199
f 1163 4199 6776 4225
f 1163 4225 6752 4161
f 1164 4169 6758 4215
f 1164 4215 6782 4202
f 1164 4202 6780 4224
f 1164 4224 6756 4169
f 1165 4132 6739 4146
f 1165 4146 6763 4180
f 1165 4180 6761 4226
f 1165 4226 6737 4132
f 1166 4147 6745 4221
f 1166 4221 6769 4190
f 1166 4190 6772 4208
f 1166 4208 6748 4147
f 1167 4228 6787 4229
f 1167 4229 6788 4231
f 1167 4231 6786 4227
f 1167 4227 6785 4228
f 1168 4231 6788 4232
f 1168 4232 6790 4233
f 1168 4233 6789 4230
f 1168 4230 6786 4231
f 1169 4236 6794 4240
f 1169 4240 6795 4237
f 1169 4237 6791 4234
f 1169 4234 6792 4236
f 1170 4237 6795 4239
f 1170 4239 6796 4238
f 1170 4238 6793 4235
f 1170 4235 6791 4237
f 1171 4243 6799 4244
f 1171 4244 6801 4245
f 1171 4245 6802 4246
f 1171 4246 6800 4243
f 1172 4241 6798 4242
f 1172 4242 6799 4243
f 1172 4243 6800 4247
f 1172 4247 6797 4241
f 1173 4248 6804 4250
f 1173 4250 6806 4251
f 1173 4251 6805 4249
f 1173 4249 6803 4248
f 1174 4251 6806 4253
f 1174 4253 6808 4254
f 1174 4254 6807 4252
f 1174 4252 6805 4251
f 1175 4187 6767 4259
f 1175 4259 6791 4235
f 1175 4235 6793 4265
f 1175 4265 6769 4187
f 1176 4202 6782 4266
f 1176 4266 6806 4250
f 1176 4250 6804 4256
f 1176 4256 6780 4202
f 1177 4180 6763 4267
f 1177 4267 6787 4228
f 1177 4228 6785 4263
f 1177 4263 6761 4180
f 1178 4188 6770 4203
f 1178 4203 6794 4236
f 1178 4236 6792 4260
f 1178 4260 6768 4188
f 1179 4181 6764 4268
f 1179 4268 6788 4229
f 1179 4229 6787 4267
f 1179 4267 6763 4181
f 1180 4196 6777 4269
f 1180 4269 6801 4244
f 1180 4244 6799 4264
f 1180 4264 6775 4196
f 1181 4204 6781 4261
f 1181 4261 6805 4252
f 1181 4252 6807 4270
f 1181 4270 6783 4204
f 1182 4182 6762 4262
f 1182 4262 6786 4230
f 1182 4230 6789 4183
f 1182 4183 6765 4182
f 1183 4197 6778 4271
f 1183 4271 6802 4245
f 1183 4245 6801 4269
f 1183 4269 6777 4197
f 1184 4190 6769 4265
f 1184 4265 6793 4238
f 1184 4238 6796 4272
f 1184 4272 6772 4190
f 1185 4205 6784 4273
f 1185 4273 6808 4253
f 1185 4253 6806 4266
f 1185 4266 6782 4205
f 1186 4198 6776 4274
f 1186 4274 6800 4246
f 1186 4246 6802 4271
f 1186 4271 6778 4198
f 1187 4191 6772 4272
f 1187 4272 6796 4239
f 1187 4239 6795 4195
f 1187 4195 6771 4191
f 1188 4206 6783 4270
f 1188 4270 6807 4254
f 1188 4254 6808 4273
f 1188 4273 6784 4206
f 1189 4184 6766 4189
f 1189 4189 6790 4232
f 1189 4232 6788 4268
f 1189 4268 6764 4184
f 1190 4199 6773 4257
f 1190 4257 6797 4247
f 1190 4247 6800 4274
f 1190 4274 6776 4199
f 1191 4082 6578 3809
f 1191 3809 6810 4289
f 1191 4289 6822 4288
f 1191 4288 6714 4082
f 1192 3804 6570 3814
f 1192 3814 6813 4290
f 1192 4290 6821 4287
f 1192 4287 6713 3804
f 1193 3806 6572 4275
f 1193 4275 6809 4291
f 1193 4291 6813 3814
f 1193 3814 6570 3806
f 1194 3826 6577 4277
f 1194 4277 6811 4292
f 1194 4292 6810 3809
f 1194 3809 6578 3826
f 1195 3805 6569 4280
f 1195 4280 6814 4293
f 1195 4293 6817 3820
f 1195 3820 6571 3805
f 1196 3827 6579 3822
f 1196 3822 6819 4294
f 1196 4294 6820 4286
f 1196 4286 6580 3827
f 1197 3810 6571 3820
f 1197 3820 6817 4295
f 1197 4295 6818 4284
f 1197 4284 6574 3810
f 1198 3817 6576 3816
f 1198 3816 6815 4296
f 1198 4296 6816 4282
f 1198 4282 6573 3817
f 1199 3824 6580 4286
f 1199 4286 6820 4297
f 1199 4297 6815 3816
f 1199 3816 6576 3824
f 1200 4081 6713 4287
f 1200 4287 6821 4298
f 1200 4298 6814 4280
f 1200 4280 6569 4081
f 1201 3811 6574 4284
f 1201 4284 6818 4299
f 1201 4299 6812 4278
f 1201 4278 6575 3811
f 1202 3818 6575 4278
f 1202 4278 6812 4300
f 1202 4300 6811 4277
f 1202 4277 6577 3818
f 1203 3825 6714 4288
f 1203 4288 6822 4301
f 1203 4301 6819 3822
f 1203 3822 6579 3825
f 1204 3808 6573 4282
f 1204 4282 6816 4302
f 1204 4302 6809 4275
f 1204 4275 6572 3808
f 1205 3828 6582 4310
f 1205 4310 6830 4317
f 1205 4317 6836 4316
f 1205 4316 6715 3828
f 1206 4084 6590 4312
f 1206 4312 6832 4318
f 1206 4318 6835 4315
f 1206 4315 6716 4084
f 1207 3832 6585 4305
f 1207 4305 6825 4319
f 1207 4319 6829 3840
f 1207 3840 6584 3832
f 1208 3849 6716 4315
f 1208 4315 6835 4320
f 1208 4320 6827 3838
f 1208 3838 6591 3849
f 1209 3842 6587 4303
f 1209 4303 6823 4321
f 1209 4321 6831 3844
f 1209 3844 6589 3842
f 1210 3829 6581 3846
f 1210 3846 6833 4322
f 1210 4322 6834 4314
f 1210 4314 6583 3829
f 1211 3850 6589 3844
f 1211 3844 6831 4323
f 1211 4323 6832 4312
f 1211 4312 6590 3850
f 1212 3830 6584 3840
f 1212 3840 6829 4324
f 1212 4324 6830 4310
f 1212 4310 6582 3830
f 1213 3851 6591 3838
f 1213 3838 6827 4325
f 1213 4325 6828 4308
f 1213 4308 6592 3851
f 1214 3834 6583 4314
f 1214 4314 6834 4326
f 1214 4326 6826 4306
f 1214 4306 6586 3834
f 1215 3841 6588 3833
f 1215 3833 6824 4327
f 1215 4327 6825 4305
f 1215 4305 6585 3841
f 1216 3848 6592 4308
f 1216 4308 6828 4328
f 1216 4328 6824 3833
f 1216 3833 6588 3848
f 1217 4083 6715 4316
f 1217 4316 6836 4329
f 1217 4329 6833 3846
f 1217 3846 6581 4083
f 1218 3835 6586 4306
f 1218 4306 6826 4330
f 1218 4330 6823 4303
f 1218 4303 6587 3835
f 1219 4378 6856 4364
f 1219 4364 6847 4345
f 1219 4345 6850 4344
f 1219 4344 6864 4378
f 1220 4377 6858 4334
f 1220 4334 6840 4346
f 1220 4346 6849 4343
f 1220 4343 6863 4377
f 1221 4376 6857 4331
f 1221 4331 6837 4347
f 1221 4347 6838 4359
f 1221 4359 6851 4376
f 1222 4375 6860 4338
f 1222 4338 6844 4348
f 1222 4348 6837 4331
f 1222 4331 6857 4375
f 1223 4374 6863 4343
f 1223 4343 6849 4349
f 1223 4349 6839 4360
f 1223 4360 6852 4374
f 1224 4373 6864 4344
f 1224 4344 6850 4350
f 1224 4350 6848 4342
f 1224 4342 6862 4373
f 1225 4372 6855 4363
f 1225 4363 6845 4351
f 1225 4351 6846 4340
f 1225 4340 6861 4372
f 1226 4371 6854 4362
f 1226 4362 6843 4352
f 1226 4352 6844 4338
f 1226 4338 6860 4371
f 1227 4370 6853 4361
f 1227 4361 6841 4353
f 1227 4353 6842 4336
f 1227 4336 6859 4370
f 1228 4369 6861 4340
f 1228 4340 6846 4354
f 1228 4354 6840 4334
f 1228 4334 6858 4369
f 1229 4368 6862 4342
f 1229 4342 6848 4355
f 1229 4355 6841 4361
f 1229 4361 6853 4368
f 1230 4367 6859 4336
f 1230 4336 6842 4356
f 1230 4356 6845 4363
f 1230 4363 6855 4367
f 1231 4366 6852 4360
f 1231 4360 6839 4357
f 1231 4357 6843 4362
f 1231 4362 6854 4366
f 1232 4365 6851 4359
f 1232 4359 6838 4358
f 1232 4358 6847 4364
f 1232 4364 6856 4365
f 1233 5251 6865 2478
f 1233 2478 6873 4385
f 1233 4385 7286 5251
f 1234 5391 6874 5390
f 1234 5390 6875 4383
f 1234 4383 6872 4379
f 1234 4379 6901 5391
f 1235 5176 7286 4385
f 1235 4385 6873 2471
f 1235 2471 6866 4382
f 1235 4382 7285 5176
f 1236 4380 6871 4396
f 1236 4396 6882 4392
f 1236 4392 6883 4395
f 1236 4395 6875 4380
f 1237 5101 7290 5175
f 1237 5175 7291 5102
f 1237 5102 6878 2487
f 1237 2487 6868 5101
f 1238 2473 6867 5306
f 1238 5306 6871 4380
f 1238 4380 6875 5390
f 1238 5390 6874 2473
f 1239 5102 7291 5174
f 1239 5174 7292 5103
f 1239 5103 6957 2527
f 1239 2527 6878 5102
f 1240 4560 6976 4578
f 1240 4578 6979 4563
f 1240 4563 6880 4391
f 1240 4391 6870 4560
f 1241 4393 6883 4406
f 1241 4406 6888 4402
f 1241 4402 6889 4405
f 1241 4405 6884 4393
f 1242 5309 6905 5409
f 1242 5409 6886 4404
f 1242 4404 6881 5309
f 1243 2530 6905 5309
f 1243 5309 6881 4397
f 1243 4397 6867 2530
f 1244 4390 6872 4399
f 1244 4399 6884 4394
f 1244 4394 6885 4398
f 1244 4398 6879 4390
f 1245 4383 6875 4395
f 1245 4395 6883 4393
f 1245 4393 6884 4399
f 1245 4399 6872 4383
f 1246 5306 6867 4397
f 1246 4397 6881 5408
f 1246 5408 6882 4396
f 1246 4396 6871 5306
f 1247 5308 6889 4416
f 1247 4416 6895 4414
f 1247 4414 6898 5331
f 1247 5331 6885 5308
f 1248 4402 6888 4417
f 1248 4417 6893 4411
f 1248 4411 6895 4416
f 1248 4416 6889 4402
f 1249 5409 6905 5075
f 1249 5075 6907 4431
f 1249 4431 6890 4401
f 1249 4401 6886 5409
f 1250 4388 6910 4403
f 1250 4403 6912 4413
f 1250 4413 6899 4448
f 1250 4448 6880 4388
f 1251 4394 6884 4405
f 1251 4405 6889 5308
f 1251 5308 6885 4394
f 1252 5408 6881 4404
f 1252 4404 6886 5310
f 1252 5310 6887 4407
f 1252 4407 6882 5408
f 1253 4392 6882 4407
f 1253 4407 6887 4400
f 1253 4400 6888 4406
f 1253 4406 6883 4392
f 1254 4410 6897 4438
f 1254 4438 6921 4458
f 1254 4458 6922 4450
f 1254 4450 6894 4410
f 1255 5000 7235 5078
f 1255 5078 7237 5002
f 1255 5002 6928 4444
f 1255 4444 6907 5000
f 1256 4415 6899 4425
f 1256 4425 6926 4464
f 1256 4464 6920 4437
f 1256 4437 6896 4415
f 1257 4414 6895 4443
f 1257 4443 6923 4463
f 1257 4463 6927 4426
f 1257 4426 6898 4414
f 1258 5310 6886 4401
f 1258 4401 6890 5388
f 1258 5388 6892 4418
f 1258 4418 6887 5310
f 1259 4384 6870 4419
f 1259 4419 6896 4412
f 1259 4412 6897 4420
f 1259 4420 6876 4384
f 1260 4381 6876 4420
f 1260 4420 6897 4410
f 1260 4410 6894 4440
f 1260 4440 6869 4381
f 1261 4391 6880 4448
f 1261 4448 6899 4415
f 1261 4415 6896 4419
f 1261 4419 6870 4391
f 1262 4400 6887 4418
f 1262 4418 6892 4409
f 1262 4409 6893 4417
f 1262 4417 6888 4400
f 1263 4413 6912 4436
f 1263 4436 6925 4462
f 1263 4462 6926 4425
f 1263 4425 6899 4413
f 1264 4434 6898 4426
f 1264 4426 6927 4477
f 1264 4477 6936 4429
f 1264 4429 6908 4434
f 1265 4409 6892 4432
f 1265 4432 6915 4456
f 1265 4456 6917 4439
f 1265 4439 6893 4409
f 1266 4424 7236 5077
f 1266 5077 7238 4469
f 1266 4469 6937 4433
f 1266 4433 6904 4424
f 1267 4422 7234 4427
f 1267 4427 7236 4424
f 1267 4424 6904 4454
f 1267 4454 6902 4422
f 1268 2542 6909 5074
f 1268 5074 6911 4442
f 1268 4442 6903 4449
f 1268 4449 6900 2542
f 1269 4441 6910 4421
f 1269 4421 6955 4557
f 1269 4557 6975 4428
f 1269 4428 6902 4441
f 1270 4430 6906 4435
f 1270 4435 6943 4556
f 1270 4556 6956 4386
f 1270 4386 6879 4430
f 1271 4430 6879 4398
f 1271 4398 6885 5411
f 1271 5411 6906 4430
f 1272 5411 6885 5331
f 1272 5331 6898 4434
f 1272 4434 6908 5076
f 1272 5076 6906 5411
f 1273 5388 6890 4447
f 1273 4447 6916 5330
f 1273 5330 6915 4432
f 1273 4432 6892 5388
f 1274 4445 6904 4433
f 1274 4433 6937 4485
f 1274 4485 6925 4436
f 1274 4436 6912 4445
f 1275 4412 6896 4437
f 1275 4437 6920 4460
f 1275 4460 6921 4438
f 1275 4438 6897 4412
f 1276 4408 6891 4451
f 1276 4451 6914 4455
f 1276 4455 6913 4452
f 1276 4452 6911 4408
f 1277 3134 7233 5305
f 1277 5305 7235 5000
f 1277 5000 6907 5075
f 1277 5075 6905 3134
f 1278 2470 6865 5410
f 1278 5410 6891 4408
f 1278 4408 6911 5074
f 1278 5074 6909 2470
f 1279 4411 6893 4439
f 1279 4439 6917 4459
f 1279 4459 6923 4443
f 1279 4443 6895 4411
f 1280 4431 6907 4444
f 1280 4444 6928 4474
f 1280 4474 6916 4447
f 1280 4447 6890 4431
f 1281 4442 6911 4452
f 1281 4452 6913 4482
f 1281 4482 6929 4453
f 1281 4453 6903 4442
f 1282 4441 6902 4454
f 1282 4454 6904 4445
f 1282 4445 6912 4403
f 1282 4403 6910 4441
f 1283 4563 6979 4577
f 1283 4577 6980 4564
f 1283 4564 6954 4446
f 1283 4446 6880 4563
f 1284 4458 6921 4481
f 1284 4481 6945 4495
f 1284 4495 6946 4487
f 1284 4487 6922 4458
f 1285 4464 6926 4473
f 1285 4473 6949 4501
f 1285 4501 6944 4480
f 1285 4480 6920 4464
f 1286 4485 6937 4476
f 1286 4476 6959 4523
f 1286 4523 6948 4472
f 1286 4472 6925 4485
f 1287 4477 6927 4471
f 1287 4471 6950 4515
f 1287 4515 6958 4475
f 1287 4475 6936 4477
f 1288 4463 6923 4486
f 1288 4486 6947 4500
f 1288 4500 6950 4471
f 1288 4471 6927 4463
f 1289 4462 6925 4472
f 1289 4472 6948 4499
f 1289 4499 6949 4473
f 1289 4473 6926 4462
f 1290 4469 7238 5073
f 1290 5073 7241 4506
f 1290 4506 6959 4476
f 1290 4476 6937 4469
f 1291 4456 6915 4478
f 1291 4478 6940 4492
f 1291 4492 6942 4484
f 1291 4484 6917 4456
f 1292 4482 6913 4483
f 1292 4483 6938 4520
f 1292 4520 6952 4489
f 1292 4489 6929 4482
f 1293 5330 6916 4479
f 1293 4479 6941 5389
f 1293 5389 6940 4478
f 1293 4478 6915 5330
f 1294 4474 6928 4490
f 1294 4490 6951 4512
f 1294 4512 6941 4479
f 1294 4479 6916 4474
f 1295 4460 6920 4480
f 1295 4480 6944 4497
f 1295 4497 6945 4481
f 1295 4481 6921 4460
f 1296 4455 6914 4488
f 1296 4488 6939 4491
f 1296 4491 6938 4483
f 1296 4483 6913 4455
f 1297 4459 6917 4484
f 1297 4484 6942 4496
f 1297 4496 6947 4486
f 1297 4486 6923 4459
f 1298 5002 7237 5072
f 1298 5072 7240 5005
f 1298 5005 6951 4490
f 1298 4490 6928 5002
f 1299 4506 7241 5071
f 1299 5071 7243 4537
f 1299 4537 6974 4522
f 1299 4522 6959 4506
f 1300 4492 6940 4509
f 1300 4509 6933 4468
f 1300 4468 6931 4513
f 1300 4513 6942 4492
f 1301 4520 6938 4511
f 1301 4511 6935 4550
f 1301 4550 6966 4516
f 1301 4516 6952 4520
f 1302 5389 6941 4510
f 1302 4510 6932 5332
f 1302 5332 6933 4509
f 1302 4509 6940 5389
f 1303 4512 6951 4517
f 1303 4517 6965 4542
f 1303 4542 6932 4510
f 1303 4510 6941 4512
f 1304 4497 6944 4521
f 1304 4521 6919 4529
f 1304 4529 6918 4518
f 1304 4518 6945 4497
f 1305 4491 6939 4514
f 1305 4514 6934 4470
f 1305 4470 6935 4511
f 1305 4511 6938 4491
f 1306 4496 6942 4513
f 1306 4513 6931 4457
f 1306 4457 6961 4525
f 1306 4525 6947 4496
f 1307 5005 7240 5070
f 1307 5070 7242 5007
f 1307 5007 6965 4517
f 1307 4517 6951 5005
f 1308 4495 6945 4518
f 1308 4518 6918 4461
f 1308 4461 6960 4519
f 1308 4519 6946 4495
f 1309 4501 6949 4528
f 1309 4528 6963 4533
f 1309 4533 6919 4521
f 1309 4521 6944 4501
f 1310 4523 6959 4522
f 1310 4522 6974 4552
f 1310 4552 6962 4527
f 1310 4527 6948 4523
f 1311 4515 6950 4526
f 1311 4526 6964 4545
f 1311 4545 6973 4524
f 1311 4524 6958 4515
f 1312 4500 6947 4525
f 1312 4525 6961 4532
f 1312 4532 6964 4526
f 1312 4526 6950 4500
f 1313 4499 6948 4527
f 1313 4527 6962 4531
f 1313 4531 6963 4528
f 1313 4528 6949 4499
f 1314 4545 6964 4546
f 1314 4546 7066 4713
f 1314 4713 7075 4547
f 1314 4547 6973 4545
f 1315 4532 6961 4567
f 1315 4567 7042 4700
f 1315 4700 7066 4546
f 1315 4546 6964 4532
f 1316 4461 6918 4549
f 1316 4549 7052 4675
f 1316 4675 7053 4553
f 1316 4553 6960 4461
f 1317 4468 6933 4548
f 1317 4548 7061 4697
f 1317 4697 7041 4566
f 1317 4566 6931 4468
f 1318 4531 6962 4576
f 1318 4576 7064 4699
f 1318 4699 7065 4573
f 1318 4573 6963 4531
f 1319 4537 7243 5069
f 1319 5069 7251 4706
f 1319 4706 7076 4575
f 1319 4575 6974 4537
f 1320 5332 6932 5386
f 1320 5386 7062 4725
f 1320 4725 7061 4548
f 1320 4548 6933 5332
f 1321 4550 6935 4551
f 1321 4551 7063 4717
f 1321 4717 7068 4554
f 1321 4554 6966 4550
f 1322 4542 6965 4555
f 1322 4555 7067 5387
f 1322 5387 7062 5386
f 1322 5386 6932 4542
f 1323 4529 6919 4574
f 1323 4574 7059 4698
f 1323 4698 7052 4549
f 1323 4549 6918 4529
f 1324 4470 6934 5267
f 1324 5267 7046 5266
f 1324 5266 7063 4551
f 1324 4551 6935 4470
f 1325 5344 6960 4553
f 1325 4553 7053 4668
f 1325 4668 7046 5267
f 1325 5267 6934 5344
f 1326 5007 7242 5068
f 1326 5068 7250 5015
f 1326 5015 7067 4555
f 1326 4555 6965 5007
f 1327 4507 6956 4503
f 1327 4503 6994 4585
f 1327 4585 6993 4493
f 1327 4493 6981 4507
f 1328 4556 6943 4508
f 1328 4508 6988 4587
f 1328 4587 6994 4503
f 1328 4503 6956 4556
f 1329 5103 7292 5173
f 1329 5173 7294 5105
f 1329 5105 6995 2661
f 1329 2661 6957 5103
f 1330 4564 6980 4572
f 1330 4572 6989 4590
f 1330 4590 6992 4569
f 1330 4569 6954 4564
f 1331 4999 7234 5067
f 1331 5067 7239 5004
f 1331 5004 6943 4435
f 1331 4435 6906 4999
f 1332 4388 6880 4446
f 1332 4446 6954 4505
f 1332 4505 6955 4421
f 1332 4421 6910 4388
f 1333 4557 6955 4570
f 1333 4570 6991 4588
f 1333 4588 6987 4571
f 1333 4571 6975 4557
f 1334 4505 6954 4569
f 1334 4569 6992 4584
f 1334 4584 6991 4570
f 1334 4570 6955 4505
f 1335 5004 7239 5066
f 1335 5066 7245 5010
f 1335 5010 6988 4508
f 1335 4508 6943 5004
f 1336 5227 7366 5311
f 1336 5311 7367 5228
f 1336 5228 6989 4572
f 1336 4572 6980 5227
f 1337 4457 6931 4566
f 1337 4566 7041 4674
f 1337 4674 7042 4567
f 1337 4567 6961 4457
f 1338 4533 6963 4573
f 1338 4573 7065 4701
f 1338 4701 7059 4574
f 1338 4574 6919 4533
f 1339 4552 6974 4575
f 1339 4575 7076 4720
f 1339 4720 7064 4576
f 1339 4576 6962 4552
f 1340 5254 6946 4519
f 1340 4519 6960 5344
f 1340 5344 6934 4514
f 1340 4514 6939 5254
f 1341 5333 6922 4487
f 1341 4487 6946 5254
f 1341 5254 6939 4488
f 1341 4488 6914 5333
f 1342 5225 7364 5307
f 1342 5307 7366 5227
f 1342 5227 6980 4577
f 1342 4577 6979 5225
f 1343 5252 6894 4450
f 1343 4450 6922 5333
f 1343 5333 6914 4451
f 1343 4451 6891 5252
f 1344 5255 6869 4440
f 1344 4440 6894 5252
f 1344 5252 6891 5410
f 1344 5410 6865 5255
f 1345 5223 7362 5304
f 1345 5304 7364 5225
f 1345 5225 6979 4578
f 1345 4578 6976 5223
f 1346 4387 6879 4386
f 1346 4386 6956 4507
f 1346 4507 6981 4579
f 1346 4579 6978 4387
f 1347 4379 6872 4390
f 1347 4390 6879 4387
f 1347 4387 6978 4580
f 1347 4580 6901 4379
f 1348 4384 6876 4561
f 1348 4561 6977 4581
f 1348 4581 6976 4560
f 1348 4560 6870 4384
f 1349 5393 6874 5391
f 1349 5391 6901 4559
f 1349 4559 7340 5393
f 1350 4381 6869 5255
f 1350 5255 6865 5253
f 1350 5253 6977 4561
f 1350 4561 6876 4381
f 1351 5228 7367 5303
f 1351 5303 7365 5226
f 1351 5226 6996 4586
f 1351 4586 6989 5228
f 1352 4590 6989 4586
f 1352 4586 6996 4603
f 1352 4603 6999 4592
f 1352 4592 6992 4590
f 1353 4588 6991 4593
f 1353 4593 6998 4600
f 1353 4600 6986 4589
f 1353 4589 6987 4588
f 1354 4585 6994 4596
f 1354 4596 7001 4598
f 1354 4598 7000 4594
f 1354 4594 6993 4585
f 1355 5010 7245 5065
f 1355 5065 7244 5009
f 1355 5009 6985 4595
f 1355 4595 6988 5010
f 1356 4584 6992 4592
f 1356 4592 6999 4597
f 1356 4597 6998 4593
f 1356 4593 6991 4584
f 1357 5105 7294 5168
f 1357 5168 7295 5106
f 1357 5106 7002 2701
f 1357 2701 6995 5105
f 1358 4587 6988 4595
f 1358 4595 6985 4599
f 1358 4599 7001 4596
f 1358 4596 6994 4587
f 1359 4599 6985 4568
f 1359 4568 7005 4615
f 1359 4615 7010 4601
f 1359 4601 7001 4599
f 1360 4603 6996 4605
f 1360 4605 7003 4618
f 1360 4618 7008 4606
f 1360 4606 6999 4603
f 1361 4600 6998 4607
f 1361 4607 7007 4616
f 1361 4616 7006 4602
f 1361 4602 6986 4600
f 1362 4598 7001 4601
f 1362 4601 7010 4613
f 1362 4613 7009 4608
f 1362 4608 7000 4598
f 1363 5009 7244 5064
f 1363 5064 7246 5011
f 1363 5011 7005 4568
f 1363 4568 6985 5009
f 1364 5226 7365 5302
f 1364 5302 7368 5229
f 1364 5229 7003 4605
f 1364 4605 6996 5226
f 1365 4597 6999 4606
f 1365 4606 7008 4612
f 1365 4612 7007 4607
f 1365 4607 6998 4597
f 1366 5106 7295 5166
f 1366 5166 7297 5108
f 1366 5108 7011 2717
f 1366 2717 7002 5106
f 1367 5095 7275 4610
f 1367 4610 7019 4627
f 1367 4627 7018 5082
f 1367 5082 7279 5095
f 1368 5094 7284 5063
f 1368 5063 7247 5012
f 1368 5012 7014 5081
f 1368 5081 7278 5094
f 1369 5093 7277 4614
f 1369 4614 7017 4626
f 1369 4626 7016 5084
f 1369 5084 7282 5093
f 1370 5136 7325 5165
f 1370 5165 7299 5110
f 1370 5110 7020 2721
f 1370 2721 7276 5136
f 1371 5091 7278 5081
f 1371 5081 7014 4628
f 1371 4628 7019 4610
f 1371 4610 7275 5091
f 1372 5090 7281 4621
f 1372 4621 7012 4631
f 1372 4631 7017 4614
f 1372 4614 7277 5090
f 1373 5245 7380 5301
f 1373 5301 7369 5230
f 1373 5230 7012 4621
f 1373 4621 7281 5245
f 1374 5088 7282 5084
f 1374 5084 7016 4629
f 1374 4629 7015 4623
f 1374 4623 7283 5088
f 1375 4631 7012 4630
f 1375 4630 7021 4645
f 1375 4645 7024 4633
f 1375 4633 7017 4631
f 1376 5230 7369 5300
f 1376 5300 7370 5231
f 1376 5231 7021 4630
f 1376 4630 7012 5230
f 1377 4627 7019 4637
f 1377 4637 7026 4642
f 1377 4642 7025 4635
f 1377 4635 7018 4627
f 1378 4626 7017 4633
f 1378 4633 7024 4641
f 1378 4641 7023 4634
f 1378 4634 7016 4626
f 1379 5110 7299 5162
f 1379 5162 7301 5112
f 1379 5112 7027 2748
f 1379 2748 7020 5110
f 1380 4642 7026 4639
f 1380 4639 7036 4654
f 1380 4654 7035 4649
f 1380 4649 7025 4642
f 1381 4641 7024 4643
f 1381 4643 7034 4653
f 1381 4653 7033 4648
f 1381 4648 7023 4641
f 1382 5112 7301 5161
f 1382 5161 7303 5114
f 1382 5114 7037 2754
f 1382 2754 7027 5112
f 1383 4645 7021 4650
f 1383 4650 7028 4659
f 1383 4659 7034 4643
f 1383 4643 7024 4645
f 1384 5231 7370 5299
f 1384 5299 7371 5232
f 1384 5232 7028 4650
f 1384 4650 7021 5231
f 1385 4654 7036 4652
f 1385 4652 7050 4670
f 1385 4670 7049 4663
f 1385 4663 7035 4654
f 1386 4653 7034 4655
f 1386 4655 7048 4669
f 1386 4669 7047 4662
f 1386 4662 7033 4653
f 1387 5114 7303 5159
f 1387 5159 7306 5117
f 1387 5117 7051 2768
f 1387 2768 7037 5114
f 1388 4659 7028 4664
f 1388 4664 7039 4676
f 1388 4676 7048 4655
f 1388 4655 7034 4659
f 1389 5232 7371 5298
f 1389 5298 7373 5234
f 1389 5234 7039 4664
f 1389 4664 7028 5232
f 1390 5378 7400 4671
f 1390 4671 7055 4684
f 1390 4684 7054 5356
f 1390 5356 7403 5378
f 1391 5377 7410 5157
f 1391 5157 7307 5118
f 1391 5118 7058 2784
f 1391 2784 7399 5377
f 1392 5376 7407 4683
f 1392 4683 7038 4687
f 1392 4687 7057 5357
f 1392 5357 7404 5376
f 1393 5375 7402 4678
f 1393 4678 7031 4689
f 1393 4689 7055 4671
f 1393 4671 7400 5375
f 1394 5374 7412 5297
f 1394 5297 7372 5233
f 1394 5233 7031 4678
f 1394 4678 7402 5374
f 1395 5373 7403 5356
f 1395 5356 7054 4688
f 1395 4688 7032 5359
f 1395 5359 7406 5373
f 1396 5372 7404 5357
f 1396 5357 7057 4685
f 1396 4685 7056 4681
f 1396 4681 7405 5372
f 1397 5371 7408 5062
f 1397 5062 7248 5013
f 1397 5013 7038 4683
f 1397 4683 7407 5371
f 1398 4684 7055 4692
f 1398 4692 7170 4894
f 1398 4894 7169 4693
f 1398 4693 7054 4684
f 1399 5118 7307 5155
f 1399 5155 7310 5121
f 1399 5121 7173 2775
f 1399 2775 7058 5118
f 1400 4687 7038 4686
f 1400 4686 7166 4897
f 1400 4897 7172 4695
f 1400 4695 7057 4687
f 1401 5233 7372 5296
f 1401 5296 7375 5239
f 1401 5239 7167 4691
f 1401 4691 7031 5233
f 1402 4689 7031 4691
f 1402 4691 7167 4902
f 1402 4902 7170 4692
f 1402 4692 7055 4689
f 1403 5013 7248 5061
f 1403 5061 7267 5032
f 1403 5032 7166 4686
f 1403 4686 7038 5013
f 1404 4688 7054 4693
f 1404 4693 7169 4898
f 1404 4898 7165 4694
f 1404 4694 7032 4688
f 1405 4685 7057 4695
f 1405 4695 7172 4895
f 1405 4895 7171 4696
f 1405 4696 7056 4685
f 1406 4812 7122 4921
f 1406 4921 7180 4913
f 1406 4913 7183 4920
f 1406 4920 7127 4812
f 1407 4713 7066 4714
f 1407 4714 7082 4740
f 1407 4740 7090 4715
f 1407 4715 7075 4713
f 1408 4700 7042 4722
f 1408 4722 6969 4467
f 1408 4467 7082 4714
f 1408 4714 7066 4700
f 1409 4699 7064 4730
f 1409 4730 7080 4530
f 1409 4530 7081 4727
f 1409 4727 7065 4699
f 1410 4706 7251 5060
f 1410 5060 7253 4734
f 1410 4734 7091 4729
f 1410 4729 7076 4706
f 1411 4717 7063 4718
f 1411 4718 6924 4743
f 1411 4743 7084 4723
f 1411 4723 7068 4717
f 1412 5387 7067 4724
f 1412 4724 7083 4738
f 1412 4738 6930 5352
f 1412 5352 7062 5387
f 1413 4698 7059 4728
f 1413 4728 6970 4536
f 1413 4536 6967 4716
f 1413 4716 7052 4698
f 1414 4675 7052 4716
f 1414 4716 6967 4539
f 1414 4539 6972 4719
f 1414 4719 7053 4675
f 1415 5266 7046 4721
f 1415 4721 6982 5348
f 1415 5348 6924 4718
f 1415 4718 7063 5266
f 1416 4668 7053 4719
f 1416 4719 6972 4543
f 1416 4543 6982 4721
f 1416 4721 7046 4668
f 1417 4674 7041 4726
f 1417 4726 6968 4540
f 1417 4540 6969 4722
f 1417 4722 7042 4674
f 1418 5015 7250 5059
f 1418 5059 7252 5017
f 1418 5017 7083 4724
f 1418 4724 7067 5015
f 1419 4697 7061 4731
f 1419 4731 6983 4538
f 1419 4538 6968 4726
f 1419 4726 7041 4697
f 1420 4701 7065 4727
f 1420 4727 7081 4466
f 1420 4466 6970 4728
f 1420 4728 7059 4701
f 1421 4720 7076 4729
f 1421 4729 7091 4746
f 1421 4746 7080 4730
f 1421 4730 7064 4720
f 1422 4725 7062 5352
f 1422 5352 6930 5340
f 1422 5340 6983 4731
f 1422 4731 7061 4725
f 1423 5353 7386 4745
f 1423 4745 7106 4776
f 1423 4776 7073 5315
f 1423 5315 7384 5353
f 1424 5351 7381 5237
f 1424 5237 7060 5385
f 1424 5385 7094 5326
f 1424 5326 7395 5351
f 1425 5350 7382 4741
f 1425 4741 7077 4769
f 1425 4769 7105 5316
f 1425 5316 7385 5350
f 1426 5349 7390 4750
f 1426 4750 7074 4711
f 1426 4711 7077 4741
f 1426 4741 7382 5349
f 1427 5347 7392 4752
f 1427 4752 7095 5268
f 1427 5268 7069 5244
f 1427 5244 7383 5347
f 1428 5346 7384 5315
f 1428 5315 7073 4710
f 1428 4710 7079 5318
f 1428 5318 7387 5346
f 1429 5345 7398 5058
f 1429 5058 7255 4761
f 1429 4761 7106 4745
f 1429 4745 7386 5345
f 1430 5210 7383 5244
f 1430 5244 7069 4707
f 1430 4707 7070 5319
f 1430 5319 7388 5210
f 1431 5343 7387 5318
f 1431 5318 7079 4712
f 1431 4712 7078 5320
f 1431 5320 7389 5343
f 1432 5342 7388 5319
f 1432 5319 7070 4773
f 1432 4773 7098 5324
f 1432 5324 7393 5342
f 1433 5341 7389 5320
f 1433 5320 7078 4708
f 1433 4708 7071 5322
f 1433 5322 7391 5341
f 1434 5235 7394 4754
f 1434 4754 7097 4766
f 1434 4766 7060 5237
f 1434 5237 7381 5235
f 1435 5339 7396 4756
f 1435 4756 7045 4703
f 1435 4703 7074 4750
f 1435 4750 7390 5339
f 1436 5338 7391 5322
f 1436 5322 7071 4704
f 1436 4704 7095 4752
f 1436 4752 7392 5338
f 1437 5337 7397 5057
f 1437 5057 7254 5019
f 1437 5019 7097 4754
f 1437 4754 7394 5337
f 1438 5336 7395 5326
f 1438 5326 7094 4705
f 1438 4705 7045 4756
f 1438 4756 7396 5336
f 1439 5019 7254 5056
f 1439 5056 7256 5021
f 1439 5021 7113 4781
f 1439 4781 7097 5019
f 1440 4712 7079 4777
f 1440 4777 7111 4535
f 1440 4535 7088 4783
f 1440 4783 7078 4712
f 1441 4776 7106 4774
f 1441 4774 7116 4795
f 1441 4795 7110 4775
f 1441 4775 7073 4776
f 1442 5385 7060 4782
f 1442 4782 6984 5236
f 1442 5236 7093 4771
f 1442 4771 7094 5385
f 1443 4711 7074 4780
f 1443 4780 7087 4541
f 1443 4541 7112 4770
f 1443 4770 7077 4711
f 1444 4769 7077 4770
f 1444 4770 7112 4790
f 1444 4790 7115 4772
f 1444 4772 7105 4769
f 1445 4705 7094 4771
f 1445 4771 7093 4735
f 1445 4735 7086 4779
f 1445 4779 7045 4705
f 1446 4761 7255 5055
f 1446 5055 7257 4788
f 1446 4788 7116 4774
f 1446 4774 7106 4761
f 1447 4704 7071 4784
f 1447 4784 7085 4736
f 1447 4736 7089 4785
f 1447 4785 7095 4704
f 1448 4710 7073 4775
f 1448 4775 7110 4544
f 1448 4544 7111 4777
f 1448 4777 7079 4710
f 1449 4773 7070 4786
f 1449 4786 6971 4793
f 1449 4793 7114 4778
f 1449 4778 7098 4773
f 1450 4703 7045 4779
f 1450 4779 7086 4737
f 1450 4737 7087 4780
f 1450 4780 7074 4703
f 1451 4766 7097 4781
f 1451 4781 7113 4789
f 1451 4789 6984 4782
f 1451 4782 7060 4766
f 1452 4708 7078 4783
f 1452 4783 7088 4733
f 1452 4733 7085 4784
f 1452 4784 7071 4708
f 1453 5268 7095 4785
f 1453 4785 7089 4739
f 1453 4739 7092 5269
f 1453 5269 7069 5268
f 1454 4707 7069 5269
f 1454 5269 7092 5271
f 1454 5271 6971 4786
f 1454 4786 7070 4707
f 1455 4735 7093 4792
f 1455 4792 7117 4760
f 1455 4760 7072 4804
f 1455 4804 7086 4735
f 1456 5021 7256 5054
f 1456 5054 7258 5023
f 1456 5023 7120 4802
f 1456 4802 7113 5021
f 1457 4544 7110 4791
f 1457 4791 7103 4765
f 1457 4765 7109 4798
f 1457 4798 7111 4544
f 1458 4795 7116 4797
f 1458 4797 7129 4825
f 1458 4825 7103 4791
f 1458 4791 7110 4795
f 1459 5236 6984 4803
f 1459 4803 7096 5383
f 1459 5383 7117 4792
f 1459 4792 7093 5236
f 1460 4739 7089 4807
f 1460 4807 7118 5270
f 1460 5270 7099 5265
f 1460 5265 7092 4739
f 1461 4790 7112 4794
f 1461 4794 7107 4818
f 1461 4818 7128 4796
f 1461 4796 7115 4790
f 1462 5271 7092 5265
f 1462 5265 7099 4762
f 1462 4762 7100 4800
f 1462 4800 6971 5271
f 1463 4541 7087 4805
f 1463 4805 7104 4767
f 1463 4767 7107 4794
f 1463 4794 7112 4541
f 1464 4788 7257 5053
f 1464 5053 7259 4810
f 1464 4810 7129 4797
f 1464 4797 7116 4788
f 1465 4733 7088 4799
f 1465 4799 7108 4763
f 1465 4763 7101 4806
f 1465 4806 7085 4733
f 1466 4535 7111 4798
f 1466 4798 7109 4768
f 1466 4768 7108 4799
f 1466 4799 7088 4535
f 1467 4793 6971 4800
f 1467 4800 7100 4823
f 1467 4823 7121 4801
f 1467 4801 7114 4793
f 1468 4789 7113 4802
f 1468 4802 7120 4815
f 1468 4815 7096 4803
f 1468 4803 6984 4789
f 1469 4737 7086 4804
f 1469 4804 7072 4758
f 1469 4758 7104 4805
f 1469 4805 7087 4737
f 1470 4736 7085 4806
f 1470 4806 7101 4759
f 1470 4759 7118 4807
f 1470 4807 7089 4736
f 1471 4760 7117 4820
f 1471 4820 7133 4838
f 1471 4838 7138 4822
f 1471 4822 7072 4760
f 1472 5023 7258 5052
f 1472 5052 7260 5025
f 1472 5025 7145 4830
f 1472 4830 7120 5023
f 1473 4759 7101 4824
f 1473 4824 7139 4837
f 1473 4837 7135 4821
f 1473 4821 7118 4759
f 1474 4765 7103 4819
f 1474 4819 7142 4840
f 1474 4840 7143 4831
f 1474 4831 7109 4765
f 1475 4825 7129 4827
f 1475 4827 7148 4852
f 1475 4852 7142 4819
f 1475 4819 7103 4825
f 1476 5383 7096 5246
f 1476 5246 7140 4857
f 1476 4857 7133 4820
f 1476 4820 7117 5383
f 1477 5270 7118 4821
f 1477 4821 7135 4835
f 1477 4835 7134 5290
f 1477 5290 7099 5270
f 1478 4758 7072 4822
f 1478 4822 7138 4836
f 1478 4836 7137 4833
f 1478 4833 7104 4758
f 1479 4818 7107 4834
f 1479 4834 7144 4845
f 1479 4845 7147 4826
f 1479 4826 7128 4818
f 1480 4763 7108 4832
f 1480 4832 7136 4839
f 1480 4839 7139 4824
f 1480 4824 7101 4763
f 1481 4810 7259 5051
f 1481 5051 7261 4844
f 1481 4844 7148 4827
f 1481 4827 7129 4810
f 1482 4762 7099 5290
f 1482 5290 7134 5284
f 1482 5284 7141 4828
f 1482 4828 7100 4762
f 1483 4823 7100 4828
f 1483 4828 7141 4849
f 1483 4849 7146 4829
f 1483 4829 7121 4823
f 1484 4815 7120 4830
f 1484 4830 7145 5211
f 1484 5211 7140 5246
f 1484 5246 7096 4815
f 1485 4768 7109 4831
f 1485 4831 7143 4842
f 1485 4842 7136 4832
f 1485 4832 7108 4768
f 1486 4767 7104 4833
f 1486 4833 7137 4841
f 1486 4841 7144 4834
f 1486 4834 7107 4767
f 1487 4849 7141 4846
f 1487 4846 7102 4880
f 1487 4880 7154 4847
f 1487 4847 7146 4849
f 1488 4835 7135 4853
f 1488 4853 7127 4816
f 1488 4816 7130 4859
f 1488 4859 7134 4835
f 1489 5211 7145 4848
f 1489 4848 7153 4873
f 1489 4873 7119 5379
f 1489 5379 7140 5211
f 1490 4839 7136 4850
f 1490 4850 7125 4809
f 1490 4809 7122 4851
f 1490 4851 7139 4839
f 1491 5284 7134 4859
f 1491 4859 7130 5289
f 1491 5289 7102 4846
f 1491 4846 7141 5284
f 1492 5025 7260 5050
f 1492 5050 7262 5027
f 1492 5027 7153 4848
f 1492 4848 7145 5025
f 1493 4838 7133 4854
f 1493 4854 7131 4811
f 1493 4811 7123 4856
f 1493 4856 7138 4838
f 1494 4842 7143 4861
f 1494 4861 7151 4667
f 1494 4667 7125 4850
f 1494 4850 7136 4842
f 1495 4852 7148 4863
f 1495 4863 7162 4883
f 1495 4883 7150 4860
f 1495 4860 7142 4852
f 1496 4837 7139 4851
f 1496 4851 7122 4812
f 1496 4812 7127 4853
f 1496 4853 7135 4837
f 1497 4857 7140 5379
f 1497 5379 7119 5380
f 1497 5380 7131 4854
f 1497 4854 7133 4857
f 1498 4845 7144 4855
f 1498 4855 7152 4876
f 1498 4876 7161 4862
f 1498 4862 7147 4845
f 1499 4841 7137 4858
f 1499 4858 7124 4709
f 1499 4709 7152 4855
f 1499 4855 7144 4841
f 1500 4836 7138 4856
f 1500 4856 7123 4813
f 1500 4813 7124 4858
f 1500 4858 7137 4836
f 1501 4840 7142 4860
f 1501 4860 7150 4764
f 1501 4764 7151 4861
f 1501 4861 7143 4840
f 1502 4844 7261 5049
f 1502 5049 7265 4868
f 1502 4868 7162 4863
f 1502 4863 7148 4844
f 1503 4885 7126 4888
f 1503 4888 7184 4916
f 1503 4916 7178 4919
f 1503 4919 7150 4885
f 1504 4874 7157 4879
f 1504 4879 7161 4876
f 1504 4876 7152 4709
f 1504 4709 7124 4874
f 1505 4881 7126 4885
f 1505 4885 7150 4883
f 1505 4883 7162 4869
f 1505 4869 7158 4881
f 1506 5048 7266 5031
f 1506 5031 7156 4870
f 1506 4870 7160 4867
f 1506 4867 7264 5048
f 1507 5382 7262 4864
f 1507 4864 7154 5293
f 1507 5293 7156 5031
f 1507 5031 7266 5382
f 1508 5047 7264 4867
f 1508 4867 7160 4871
f 1508 4871 7158 4866
f 1508 4866 7263 5047
f 1509 4813 7123 4875
f 1509 4875 7159 4877
f 1509 4877 7157 4874
f 1509 4874 7124 4813
f 1510 5380 7119 4873
f 1510 4873 7153 5295
f 1510 5295 7132 4817
f 1510 4817 7131 5380
f 1511 4811 7131 4817
f 1511 4817 7132 4878
f 1511 4878 7159 4875
f 1511 4875 7123 4811
f 1512 5028 7263 5046
f 1512 5046 7265 5030
f 1512 5030 7161 4879
f 1512 4879 7157 5028
f 1513 5289 7130 5294
f 1513 5294 7182 4912
f 1513 4912 7181 4814
f 1513 4814 7102 5289
f 1514 4870 7156 4865
f 1514 4865 7155 4886
f 1514 4886 7149 4882
f 1514 4882 7160 4870
f 1515 5293 7154 4880
f 1515 4880 7102 5384
f 1515 5384 7155 4865
f 1515 4865 7156 5293
f 1516 4871 7160 4882
f 1516 4882 7149 4887
f 1516 4887 7126 4881
f 1516 4881 7158 4871
f 1517 4887 7149 4884
f 1517 4884 7179 4918
f 1517 4918 7184 4888
f 1517 4888 7126 4887
f 1518 4898 7169 4901
f 1518 4901 7190 4930
f 1518 4930 7186 4900
f 1518 4900 7165 4898
f 1519 4895 7172 4899
f 1519 4899 7193 4928
f 1519 4928 7192 4904
f 1519 4904 7171 4895
f 1520 5032 7267 5045
f 1520 5045 7269 5034
f 1520 5034 7187 4905
f 1520 4905 7166 5032
f 1521 4894 7170 4907
f 1521 4907 7191 4927
f 1521 4927 7190 4901
f 1521 4901 7169 4894
f 1522 5121 7310 5153
f 1522 5153 7312 5123
f 1522 5123 7194 3026
f 1522 3026 7173 5121
f 1523 4897 7166 4905
f 1523 4905 7187 4929
f 1523 4929 7193 4899
f 1523 4899 7172 4897
f 1524 5239 7375 5291
f 1524 5291 7376 5240
f 1524 5240 7188 4906
f 1524 4906 7167 5239
f 1525 4902 7167 4906
f 1525 4906 7188 4934
f 1525 4934 7191 4907
f 1525 4907 7170 4902
f 1526 5292 7181 4912
f 1526 4912 7182 5381
f 1526 5381 7183 4915
f 1526 4915 7185 5292
f 1527 4918 7179 4910
f 1527 4910 7180 4911
f 1527 4911 7177 4914
f 1527 4914 7184 4918
f 1528 4917 7185 4915
f 1528 4915 7183 4913
f 1528 4913 7180 4910
f 1528 4910 7179 4917
f 1529 4914 7177 4908
f 1529 4908 7176 4909
f 1529 4909 7178 4916
f 1529 4916 7184 4914
f 1530 4764 7150 4919
f 1530 4919 7178 4909
f 1530 4909 7176 4922
f 1530 4922 7151 4764
f 1531 4816 7127 4920
f 1531 4920 7183 5381
f 1531 5381 7182 5294
f 1531 5294 7130 4816
f 1532 4886 7155 4923
f 1532 4923 7185 4917
f 1532 4917 7179 4884
f 1532 4884 7149 4886
f 1533 5384 7102 4814
f 1533 4814 7181 5292
f 1533 5292 7185 4923
f 1533 4923 7155 5384
f 1534 4667 7151 4922
f 1534 4922 7176 4908
f 1534 4908 7177 4924
f 1534 4924 7125 4667
f 1535 4809 7125 4924
f 1535 4924 7177 4911
f 1535 4911 7180 4921
f 1535 4921 7122 4809
f 1536 5654 7523 4933
f 1536 4933 7197 4944
f 1536 4944 7175 5631
f 1536 5631 7522 5654
f 1537 5653 7521 4931
f 1537 4931 7200 4941
f 1537 4941 7199 5633
f 1537 5633 7524 5653
f 1538 5652 7530 5044
f 1538 5044 7268 5033
f 1538 5033 7174 5634
f 1538 5634 7526 5652
f 1539 5651 7529 4939
f 1539 4939 7198 4940
f 1539 4940 7197 4933
f 1539 4933 7523 5651
f 1540 5650 7532 5151
f 1540 5151 7314 5125
f 1540 5125 7201 3060
f 1540 3060 7525 5650
f 1541 5649 7526 5634
f 1541 5634 7174 4943
f 1541 4943 7200 4931
f 1541 4931 7521 5649
f 1542 5648 7534 5288
f 1542 5288 7374 5238
f 1542 5238 7195 5635
f 1542 5635 7528 5648
f 1543 5647 7528 5635
f 1543 5635 7195 4947
f 1543 4947 7198 4939
f 1543 4939 7529 5647
f 1544 4947 7195 4896
f 1544 4896 7206 4966
f 1544 4966 7213 4949
f 1544 4949 7198 4947
f 1545 4944 7197 4950
f 1545 4950 7212 4963
f 1545 4963 7205 4953
f 1545 4953 7175 4944
f 1546 4941 7200 4952
f 1546 4952 7215 4960
f 1546 4960 7214 4951
f 1546 4951 7199 4941
f 1547 5238 7374 5287
f 1547 5287 7378 5242
f 1547 5242 7206 4896
f 1547 4896 7195 5238
f 1548 4940 7198 4949
f 1548 4949 7213 4959
f 1548 4959 7212 4950
f 1548 4950 7197 4940
f 1549 5125 7314 5148
f 1549 5148 7317 5128
f 1549 5128 7216 3079
f 1549 3079 7201 5125
f 1550 4943 7174 4945
f 1550 4945 7208 4962
f 1550 4962 7215 4952
f 1550 4952 7200 4943
f 1551 5033 7268 5043
f 1551 5043 7272 5037
f 1551 5037 7208 4945
f 1551 4945 7174 5033
f 1552 5037 7272 5042
f 1552 5042 7270 5035
f 1552 5035 7202 4958
f 1552 4958 7208 5037
f 1553 4959 7213 4961
f 1553 4961 7220 4972
f 1553 4972 7219 4969
f 1553 4969 7212 4959
f 1554 5128 7317 5147
f 1554 5147 7318 5129
f 1554 5129 7223 3099
f 1554 3099 7216 5128
f 1555 4962 7208 4958
f 1555 4958 7202 4975
f 1555 4975 7222 4970
f 1555 4970 7215 4962
f 1556 5242 7378 5286
f 1556 5286 7377 5241
f 1556 5241 7163 4968
f 1556 4968 7206 5242
f 1557 4966 7206 4968
f 1557 4968 7163 4977
f 1557 4977 7220 4961
f 1557 4961 7213 4966
f 1558 4963 7212 4969
f 1558 4969 7219 4976
f 1558 4976 7164 4957
f 1558 4957 7205 4963
f 1559 4960 7215 4970
f 1559 4970 7222 4973
f 1559 4973 7221 4971
f 1559 4971 7214 4960
f 1560 5241 7377 5285
f 1560 5285 7379 5243
f 1560 5243 7217 4979
f 1560 4979 7163 5241
f 1561 4972 7220 4889
f 1561 4889 7227 4984
f 1561 4984 7226 4980
f 1561 4980 7219 4972
f 1562 5129 7318 5144
f 1562 5144 7320 5131
f 1562 5131 7230 3109
f 1562 3109 7223 5129
f 1563 4975 7202 4974
f 1563 4974 7225 4986
f 1563 4986 7229 4982
f 1563 4982 7222 4975
f 1564 4977 7163 4979
f 1564 4979 7217 4991
f 1564 4991 7227 4889
f 1564 4889 7220 4977
f 1565 5035 7270 5041
f 1565 5041 7271 5036
f 1565 5036 7225 4974
f 1565 4974 7202 5035
f 1566 4976 7219 4980
f 1566 4980 7226 4988
f 1566 4988 7218 4981
f 1566 4981 7164 4976
f 1567 4973 7222 4982
f 1567 4982 7229 4985
f 1567 4985 7228 4983
f 1567 4983 7221 4973
f 1568 5133 7322 5143
f 1568 5143 7316 4964
f 1568 4964 7204 3123
f 1568 3123 7211 5133
f 1569 5134 7323 5142
f 1569 5142 7319 5130
f 1569 5130 7209 3174
f 1569 3174 7273 5134
f 1570 5131 7320 5141
f 1570 5141 7321 5132
f 1570 5132 7224 3119
f 1570 3119 7230 5131
f 1571 5130 7319 5140
f 1571 5140 7322 5133
f 1571 5133 7211 3098
f 1571 3098 7209 5130
f 1572 4965 7218 4988
f 1572 4988 7226 4989
f 1572 4989 7232 4995
f 1572 4995 7210 4965
f 1573 4985 7229 4986
f 1573 4986 7225 4987
f 1573 4987 7231 4996
f 1573 4996 7228 4985
f 1574 5039 7271 4954
f 1574 4954 7218 4965
f 1574 4965 7210 4997
f 1574 4997 7274 5039
f 1575 4989 7226 4984
f 1575 4984 7227 4991
f 1575 4991 7217 4998
f 1575 4998 7232 4989
f 1576 4987 7225 5036
f 1576 5036 7271 5039
f 1576 5039 7274 5038
f 1576 5038 7231 4987
f 1577 5132 7321 5139
f 1577 5139 7323 5134
f 1577 5134 7273 3091
f 1577 3091 7224 5132
f 1578 4946 7164 4981
f 1578 4981 7218 4954
f 1578 4954 7271 5041
f 1578 5041 7270 4946
f 1579 4956 7205 4957
f 1579 4957 7164 4946
f 1579 4946 7270 5042
f 1579 5042 7272 4956
f 1580 4892 7175 4953
f 1580 4953 7205 4956
f 1580 4956 7272 5043
f 1580 5043 7268 4892
f 1581 5646 7522 5631
f 1581 5631 7175 4892
f 1581 4892 7268 5044
f 1581 5044 7530 5646
f 1582 4891 7165 4900
f 1582 4900 7186 4925
f 1582 4925 7269 5045
f 1582 5045 7267 4891
f 1583 4866 7158 4869
f 1583 4869 7162 4868
f 1583 4868 7265 5046
f 1583 5046 7263 4866
f 1584 4877 7159 5029
f 1584 5029 7264 5047
f 1584 5047 7263 5028
f 1584 5028 7157 4877
f 1585 5295 7153 5027
f 1585 5027 7262 5382
f 1585 5382 7266 4872
f 1585 4872 7132 5295
f 1586 4878 7132 4872
f 1586 4872 7266 5048
f 1586 5048 7264 5029
f 1586 5029 7159 4878
f 1587 5026 7147 4862
f 1587 4862 7161 5030
f 1587 5030 7265 5049
f 1587 5049 7261 5026
f 1588 4843 7146 4847
f 1588 4847 7154 4864
f 1588 4864 7262 5050
f 1588 5050 7260 4843
f 1589 5024 7128 4826
f 1589 4826 7147 5026
f 1589 5026 7261 5051
f 1589 5051 7259 5024
f 1590 4808 7121 4829
f 1590 4829 7146 4843
f 1590 4843 7260 5052
f 1590 5052 7258 4808
f 1591 5022 7115 4796
f 1591 4796 7128 5024
f 1591 5024 7259 5053
f 1591 5053 7257 5022
f 1592 4787 7114 4801
f 1592 4801 7121 4808
f 1592 4808 7258 5054
f 1592 5054 7256 4787
f 1593 5020 7105 4772
f 1593 4772 7115 5022
f 1593 5022 7257 5055
f 1593 5055 7255 5020
f 1594 4757 7098 4778
f 1594 4778 7114 4787
f 1594 4787 7256 5056
f 1594 5056 7254 4757
f 1595 5335 7393 5324
f 1595 5324 7098 4757
f 1595 4757 7254 5057
f 1595 5057 7397 5335
f 1596 5334 7385 5316
f 1596 5316 7105 5020
f 1596 5020 7255 5058
f 1596 5058 7398 5334
f 1597 4702 7068 4723
f 1597 4723 7084 4732
f 1597 4732 7252 5059
f 1597 5059 7250 4702
f 1598 5016 7075 4715
f 1598 4715 7090 5018
f 1598 5018 7253 5060
f 1598 5060 7251 5016
f 1599 4658 7032 4694
f 1599 4694 7165 4891
f 1599 4891 7267 5061
f 1599 5061 7248 4658
f 1600 5370 7406 5359
f 1600 5359 7032 4658
f 1600 4658 7248 5062
f 1600 5062 7408 5370
f 1601 5087 7283 4623
f 1601 4623 7015 4625
f 1601 4625 7247 5063
f 1601 5063 7284 5087
f 1602 4558 6986 4602
f 1602 4602 7006 4611
f 1602 4611 7246 5064
f 1602 5064 7244 4558
f 1603 4582 6987 4589
f 1603 4589 6986 4558
f 1603 4558 7244 5065
f 1603 5065 7245 4582
f 1604 4498 6975 4571
f 1604 4571 6987 4582
f 1604 4582 7245 5066
f 1604 5066 7239 4498
f 1605 4422 6902 4428
f 1605 4428 6975 4498
f 1605 4498 7239 5067
f 1605 5067 7234 4422
f 1606 4534 6966 4554
f 1606 4554 7068 4702
f 1606 4702 7250 5068
f 1606 5068 7242 4534
f 1607 5008 6973 4547
f 1607 4547 7075 5016
f 1607 5016 7251 5069
f 1607 5069 7243 5008
f 1608 4502 6952 4516
f 1608 4516 6966 4534
f 1608 4534 7242 5070
f 1608 5070 7240 4502
f 1609 5006 6958 4524
f 1609 4524 6973 5008
f 1609 5008 7243 5071
f 1609 5071 7241 5006
f 1610 4465 6929 4489
f 1610 4489 6952 4502
f 1610 4502 7240 5072
f 1610 5072 7237 4465
f 1611 5003 6936 4475
f 1611 4475 6958 5006
f 1611 5006 7241 5073
f 1611 5073 7238 5003
f 1612 2519 6900 4449
f 1612 4449 6903 4423
f 1612 4423 7235 5305
f 1612 5305 7233 2519
f 1613 4999 6906 5076
f 1613 5076 6908 5001
f 1613 5001 7236 4427
f 1613 4427 7234 4999
f 1614 5001 6908 4429
f 1614 4429 6936 5003
f 1614 5003 7238 5077
f 1614 5077 7236 5001
f 1615 4423 6903 4453
f 1615 4453 6929 4465
f 1615 4465 7237 5078
f 1615 5078 7235 4423
f 1616 4611 7006 5085
f 1616 5085 7283 5087
f 1616 5087 7284 5086
f 1616 5086 7246 4611
f 1617 4616 7007 4622
f 1617 4622 7282 5088
f 1617 5088 7283 5085
f 1617 5085 7006 4616
f 1618 5229 7368 5283
f 1618 5283 7380 5245
f 1618 5245 7281 5083
f 1618 5083 7003 5229
f 1619 4618 7003 5083
f 1619 5083 7281 5090
f 1619 5090 7277 5080
f 1619 5080 7008 4618
f 1620 4615 7005 4617
f 1620 4617 7278 5091
f 1620 5091 7275 5079
f 1620 5079 7010 4615
f 1621 5108 7297 5137
f 1621 5137 7325 5136
f 1621 5136 7276 3217
f 1621 3217 7011 5108
f 1622 4612 7008 5080
f 1622 5080 7277 5093
f 1622 5093 7282 4622
f 1622 4622 7007 4612
f 1623 5011 7246 5086
f 1623 5086 7284 5094
f 1623 5094 7278 4617
f 1623 4617 7005 5011
f 1624 4613 7010 5079
f 1624 5079 7275 5095
f 1624 5095 7279 4620
f 1624 4620 7009 4613
f 1625 5204 7345 5282
f 1625 5282 7361 5222
f 1625 5222 7325 5137
f 1625 5137 7297 5204
f 1626 4609 7004 2731
f 1626 2731 7280 5089
f 1626 5089 7324 5138
f 1626 5138 7296 4609
f 1627 5219 7358 5281
f 1627 5281 7360 5221
f 1627 5221 7323 5139
f 1627 5139 7321 5219
f 1628 5217 7356 5280
f 1628 5280 7359 5220
f 1628 5220 7322 5140
f 1628 5140 7319 5217
f 1629 5218 7357 5279
f 1629 5279 7358 5219
f 1629 5219 7321 5141
f 1629 5141 7320 5218
f 1630 5221 7360 5278
f 1630 5278 7356 5217
f 1630 5217 7319 5142
f 1630 5142 7323 5221
f 1631 5220 7359 5277
f 1631 5277 7379 5127
f 1631 5127 7316 5143
f 1631 5143 7322 5220
f 1632 5216 7355 5276
f 1632 5276 7357 5218
f 1632 5218 7320 5144
f 1632 5144 7318 5216
f 1633 4942 7203 3069
f 1633 3069 7204 4964
f 1633 4964 7316 5145
f 1633 5145 7313 4942
f 1634 4955 7207 3093
f 1634 3093 7203 4942
f 1634 4942 7313 5146
f 1634 5146 7315 4955
f 1635 5215 7354 5275
f 1635 5275 7355 5216
f 1635 5216 7318 5147
f 1635 5147 7317 5215
f 1636 5214 7353 5274
f 1636 5274 7354 5215
f 1636 5215 7317 5148
f 1636 5148 7314 5214
f 1637 4890 7196 3073
f 1637 3073 7207 4955
f 1637 4955 7315 5149
f 1637 5149 7308 4890
f 1638 5645 7527 3777
f 1638 3777 7196 4890
f 1638 4890 7308 5150
f 1638 5150 7531 5645
f 1639 5644 7533 5273
f 1639 5273 7353 5214
f 1639 5214 7314 5151
f 1639 5151 7532 5644
f 1640 4893 7168 3028
f 1640 3028 7189 4926
f 1640 4926 7311 5152
f 1640 5152 7309 4893
f 1641 5212 7351 5272
f 1641 5272 7352 5213
f 1641 5213 7312 5153
f 1641 5153 7310 5212
f 1642 4661 7030 2809
f 1642 2809 7168 4893
f 1642 4893 7309 5154
f 1642 5154 7304 4661
f 1643 5209 7350 5264
f 1643 5264 7351 5212
f 1643 5212 7310 5155
f 1643 5155 7307 5209
f 1644 5369 7401 3495
f 1644 3495 7030 4661
f 1644 4661 7304 5156
f 1644 5156 7409 5369
f 1645 5368 7411 5263
f 1645 5263 7350 5209
f 1645 5209 7307 5157
f 1645 5157 7410 5368
f 1646 4651 7029 2781
f 1646 2781 7040 4665
f 1646 4665 7305 5158
f 1646 5158 7302 4651
f 1647 5207 7348 5262
f 1647 5262 7349 5208
f 1647 5208 7306 5159
f 1647 5159 7303 5207
f 1648 4638 7022 2764
f 1648 2764 7029 4651
f 1648 4651 7302 5160
f 1648 5160 7300 4638
f 1649 5206 7347 5261
f 1649 5261 7348 5207
f 1649 5207 7303 5161
f 1649 5161 7301 5206
f 1650 5205 7346 5260
f 1650 5260 7347 5206
f 1650 5206 7301 5162
f 1650 5162 7299 5205
f 1651 4624 7013 2740
f 1651 2740 7022 4638
f 1651 4638 7300 5163
f 1651 5163 7298 4624
f 1652 5089 7280 3221
f 1652 3221 7013 4624
f 1652 4624 7298 5164
f 1652 5164 7324 5089
f 1653 5222 7361 5259
f 1653 5259 7346 5205
f 1653 5205 7299 5165
f 1653 5165 7325 5222
f 1654 5203 7344 5258
f 1654 5258 7345 5204
f 1654 5204 7297 5166
f 1654 5166 7295 5203
f 1655 4494 6997 2712
f 1655 2712 7004 4609
f 1655 4609 7296 5167
f 1655 5167 7288 4494
f 1656 5202 7343 5257
f 1656 5257 7344 5203
f 1656 5203 7295 5168
f 1656 5168 7294 5202
f 1657 4583 6990 2687
f 1657 2687 6997 4494
f 1657 4494 7288 5169
f 1657 5169 7293 4583
f 1658 2479 6874 5392
f 1658 5392 7290 5101
f 1658 5101 6868 2479
f 1659 4382 6866 2472
f 1659 2472 6877 4389
f 1659 4389 7287 5170
f 1659 5170 7285 4382
f 1660 4389 6877 2557
f 1660 2557 6953 4504
f 1660 4504 7289 5171
f 1660 5171 7287 4389
f 1661 4504 6953 2676
f 1661 2676 6990 4583
f 1661 4583 7293 5172
f 1661 5172 7289 4504
f 1662 5201 7342 5256
f 1662 5256 7343 5202
f 1662 5202 7294 5173
f 1662 5173 7292 5201
f 1663 5200 7341 5250
f 1663 5250 7342 5201
f 1663 5201 7292 5174
f 1663 5174 7291 5200
f 1664 5199 7340 5249
f 1664 5249 7341 5200
f 1664 5200 7291 5175
f 1664 5175 7290 5199
f 1665 5248 7363 5097
f 1665 5097 7286 5176
f 1665 5176 7285 5096
f 1665 5096 7362 5248
f 1666 5247 6865 5251
f 1666 5251 7286 5097
f 1666 5097 7363 5247
f 1667 4672 7050 4636
f 1667 4636 7326 5185
f 1667 5185 7331 4657
f 1667 4657 7043 4672
f 1668 4628 7014 4640
f 1668 4640 7327 5186
f 1668 5186 7329 4647
f 1668 4647 7019 4628
f 1669 4648 7033 5179
f 1669 5179 7334 5187
f 1669 5187 7330 4656
f 1669 4656 7023 4648
f 1670 4673 7044 5182
f 1670 5182 7337 5188
f 1670 5188 7328 4644
f 1670 4644 7047 4673
f 1671 4629 7016 5181
f 1671 5181 7336 5189
f 1671 5189 7333 5178
f 1671 5178 7015 4629
f 1672 4662 7047 4644
f 1672 4644 7328 5190
f 1672 5190 7334 5179
f 1672 5179 7033 4662
f 1673 4637 7019 4647
f 1673 4647 7329 5191
f 1673 5191 7335 5180
f 1673 5180 7026 4637
f 1674 4634 7023 4656
f 1674 4656 7330 5192
f 1674 5192 7336 5181
f 1674 5181 7016 4634
f 1675 4666 7249 5184
f 1675 5184 7339 5193
f 1675 5193 7337 5182
f 1675 5182 7044 4666
f 1676 5012 7247 5183
f 1676 5183 7338 5194
f 1676 5194 7327 4640
f 1676 4640 7014 5012
f 1677 4639 7026 5180
f 1677 5180 7335 5195
f 1677 5195 7332 5177
f 1677 5177 7036 4639
f 1678 4652 7036 5177
f 1678 5177 7332 5196
f 1678 5196 7326 4636
f 1678 4636 7050 4652
f 1679 4625 7015 5178
f 1679 5178 7333 5197
f 1679 5197 7338 5183
f 1679 5183 7247 4625
f 1680 5014 7043 4657
f 1680 4657 7331 5198
f 1680 5198 7339 5184
f 1680 5184 7249 5014
f 1681 5253 6865 5247
f 1681 5247 7363 5224
f 1681 5224 6977 5253
f 1682 4581 6977 5224
f 1682 5224 7363 5248
f 1682 5248 7362 5223
f 1682 5223 6976 4581
f 1683 4559 6901 4580
f 1683 4580 6978 4562
f 1683 4562 7341 5249
f 1683 5249 7340 4559
f 1684 4562 6978 4579
f 1684 4579 6981 4565
f 1684 4565 7342 5250
f 1684 5250 7341 4562
f 1685 4565 6981 4493
f 1685 4493 6993 4591
f 1685 4591 7343 5256
f 1685 5256 7342 4565
f 1686 4591 6993 4594
f 1686 4594 7000 4604
f 1686 4604 7344 5257
f 1686 5257 7343 4591
f 1687 4604 7000 4608
f 1687 4608 7009 4619
f 1687 4619 7345 5258
f 1687 5258 7344 4604
f 1688 5092 7279 5082
f 1688 5082 7018 4632
f 1688 4632 7346 5259
f 1688 5259 7361 5092
f 1689 4632 7018 4635
f 1689 4635 7025 4646
f 1689 4646 7347 5260
f 1689 5260 7346 4632
f 1690 4646 7025 4649
f 1690 4649 7035 4660
f 1690 4660 7348 5261
f 1690 5261 7347 4646
f 1691 4660 7035 4663
f 1691 4663 7049 4677
f 1691 4677 7349 5262
f 1691 5262 7348 4660
f 1692 5367 7405 4681
f 1692 4681 7056 4690
f 1692 4690 7350 5263
f 1692 5263 7411 5367
f 1693 4690 7056 4696
f 1693 4696 7171 4903
f 1693 4903 7351 5264
f 1693 5264 7350 4690
f 1694 4903 7171 4904
f 1694 4904 7192 4935
f 1694 4935 7352 5272
f 1694 5272 7351 4903
f 1695 5643 7524 5633
f 1695 5633 7199 4948
f 1695 4948 7353 5273
f 1695 5273 7533 5643
f 1696 4948 7199 4951
f 1696 4951 7214 4967
f 1696 4967 7354 5274
f 1696 5274 7353 4948
f 1697 4967 7214 4971
f 1697 4971 7221 4978
f 1697 4978 7355 5275
f 1697 5275 7354 4967
f 1698 4978 7221 4983
f 1698 4983 7228 4992
f 1698 4992 7357 5276
f 1698 5276 7355 4978
f 1699 4994 7232 4998
f 1699 4998 7217 5243
f 1699 5243 7379 5277
f 1699 5277 7359 4994
f 1700 5040 7274 4997
f 1700 4997 7210 4990
f 1700 4990 7356 5278
f 1700 5278 7360 5040
f 1701 4992 7228 4996
f 1701 4996 7231 4993
f 1701 4993 7358 5279
f 1701 5279 7357 4992
f 1702 4990 7210 4995
f 1702 4995 7232 4994
f 1702 4994 7359 5280
f 1702 5280 7356 4990
f 1703 4993 7231 5038
f 1703 5038 7274 5040
f 1703 5040 7360 5281
f 1703 5281 7358 4993
f 1704 4619 7009 4620
f 1704 4620 7279 5092
f 1704 5092 7361 5282
f 1704 5282 7345 4619
f 1705 5107 7296 5138
f 1705 5138 7324 5135
f 1705 5135 7380 5283
f 1705 5283 7368 5107
f 1706 5124 7313 5145
f 1706 5145 7316 5127
f 1706 5127 7379 5285
f 1706 5285 7377 5124
f 1707 5126 7315 5146
f 1707 5146 7313 5124
f 1707 5124 7377 5286
f 1707 5286 7378 5126
f 1708 5119 7308 5149
f 1708 5149 7315 5126
f 1708 5126 7378 5287
f 1708 5287 7374 5119
f 1709 5642 7531 5150
f 1709 5150 7308 5119
f 1709 5119 7374 5288
f 1709 5288 7534 5642
f 1710 5120 7309 5152
f 1710 5152 7311 5122
f 1710 5122 7376 5291
f 1710 5291 7375 5120
f 1711 5115 7304 5154
f 1711 5154 7309 5120
f 1711 5120 7375 5296
f 1711 5296 7372 5115
f 1712 5366 7409 5156
f 1712 5156 7304 5115
f 1712 5115 7372 5297
f 1712 5297 7412 5366
f 1713 5113 7302 5158
f 1713 5158 7305 5116
f 1713 5116 7373 5298
f 1713 5298 7371 5113
f 1714 5111 7300 5160
f 1714 5160 7302 5113
f 1714 5113 7371 5299
f 1714 5299 7370 5111
f 1715 5109 7298 5163
f 1715 5163 7300 5111
f 1715 5111 7370 5300
f 1715 5300 7369 5109
f 1716 5135 7324 5164
f 1716 5164 7298 5109
f 1716 5109 7369 5301
f 1716 5301 7380 5135
f 1717 5099 7288 5167
f 1717 5167 7296 5107
f 1717 5107 7368 5302
f 1717 5302 7365 5099
f 1718 5104 7293 5169
f 1718 5169 7288 5099
f 1718 5099 7365 5303
f 1718 5303 7367 5104
f 1719 5392 6874 5393
f 1719 5393 7340 5199
f 1719 5199 7290 5392
f 1720 5096 7285 5170
f 1720 5170 7287 5098
f 1720 5098 7364 5304
f 1720 5304 7362 5096
f 1721 5098 7287 5171
f 1721 5171 7289 5100
f 1721 5100 7366 5307
f 1721 5307 7364 5098
f 1722 5100 7289 5172
f 1722 5172 7293 5104
f 1722 5104 7367 5311
f 1722 5311 7366 5100
f 1723 5018 7090 4744
f 1723 4744 7385 5334
f 1723 5334 7398 5329
f 1723 5329 7253 5018
f 1724 4732 7084 4753
f 1724 4753 7393 5335
f 1724 5335 7397 5328
f 1724 5328 7252 4732
f 1725 4538 6983 4755
f 1725 4755 7395 5336
f 1725 5336 7396 5327
f 1725 5327 6968 4538
f 1726 5017 7252 5328
f 1726 5328 7397 5337
f 1726 5337 7394 5325
f 1726 5325 7083 5017
f 1727 4539 6967 4751
f 1727 4751 7391 5338
f 1727 5338 7392 5323
f 1727 5323 6972 4539
f 1728 4540 6968 5327
f 1728 5327 7396 5339
f 1728 5339 7390 5321
f 1728 5321 6969 4540
f 1729 4738 7083 5325
f 1729 5325 7394 5235
f 1729 5235 7381 5312
f 1729 5312 6930 4738
f 1730 4536 6970 4749
f 1730 4749 7389 5341
f 1730 5341 7391 4751
f 1730 4751 6967 4536
f 1731 4743 6924 4748
f 1731 4748 7388 5342
f 1731 5342 7393 4753
f 1731 4753 7084 4743
f 1732 4466 7081 4747
f 1732 4747 7387 5343
f 1732 5343 7389 4749
f 1732 4749 6970 4466
f 1733 5348 6982 5314
f 1733 5314 7383 5210
f 1733 5210 7388 4748
f 1733 4748 6924 5348
f 1734 4734 7253 5329
f 1734 5329 7398 5345
f 1734 5345 7386 5317
f 1734 5317 7091 4734
f 1735 4530 7080 4742
f 1735 4742 7384 5346
f 1735 5346 7387 4747
f 1735 4747 7081 4530
f 1736 4543 6972 5323
f 1736 5323 7392 5347
f 1736 5347 7383 5314
f 1736 5314 6982 4543
f 1737 4467 6969 5321
f 1737 5321 7390 5349
f 1737 5349 7382 5313
f 1737 5313 7082 4467
f 1738 4740 7082 5313
f 1738 5313 7382 5350
f 1738 5350 7385 4744
f 1738 4744 7090 4740
f 1739 5340 6930 5312
f 1739 5312 7381 5351
f 1739 5351 7395 4755
f 1739 4755 6983 5340
f 1740 4746 7091 5317
f 1740 5317 7386 5353
f 1740 5353 7384 4742
f 1740 4742 7080 4746
f 1741 5116 7305 5362
f 1741 5362 7409 5366
f 1741 5366 7412 5365
f 1741 5365 7373 5116
f 1742 4677 7049 5358
f 1742 5358 7405 5367
f 1742 5367 7411 5364
f 1742 5364 7349 4677
f 1743 5208 7349 5364
f 1743 5364 7411 5368
f 1743 5368 7410 5363
f 1743 5363 7306 5208
f 1744 4665 7040 2795
f 1744 2795 7401 5369
f 1744 5369 7409 5362
f 1744 5362 7305 4665
f 1745 4666 7044 4682
f 1745 4682 7406 5370
f 1745 5370 7408 5361
f 1745 5361 7249 4666
f 1746 5014 7249 5361
f 1746 5361 7408 5371
f 1746 5371 7407 5360
f 1746 5360 7043 5014
f 1747 4670 7050 4680
f 1747 4680 7404 5372
f 1747 5372 7405 5358
f 1747 5358 7049 4670
f 1748 4673 7047 4679
f 1748 4679 7403 5373
f 1748 5373 7406 4682
f 1748 4682 7044 4673
f 1749 5234 7373 5365
f 1749 5365 7412 5374
f 1749 5374 7402 5355
f 1749 5355 7039 5234
f 1750 4676 7039 5355
f 1750 5355 7402 5375
f 1750 5375 7400 5354
f 1750 5354 7048 4676
f 1751 4672 7043 5360
f 1751 5360 7407 5376
f 1751 5376 7404 4680
f 1751 4680 7050 4672
f 1752 5117 7306 5363
f 1752 5363 7410 5377
f 1752 5377 7399 3493
f 1752 3493 7051 5117
f 1753 4669 7048 5354
f 1753 5354 7400 5378
f 1753 5378 7403 4679
f 1753 4679 7047 4669
f 1754 5185 7326 5395
f 1754 5395 6851 4365
f 1754 4365 6856 5398
f 1754 5398 7331 5185
f 1755 5193 7339 5397
f 1755 5397 6864 4373
f 1755 4373 6862 5404
f 1755 5404 7337 5193
f 1756 5186 7327 5400
f 1756 5400 6852 4366
f 1756 4366 6854 5407
f 1756 5407 7329 5186
f 1757 5194 7338 5394
f 1757 5394 6863 4374
f 1757 4374 6852 5400
f 1757 5400 7327 5194
f 1758 5187 7334 5401
f 1758 5401 6859 4367
f 1758 4367 6855 5405
f 1758 5405 7330 5187
f 1759 5195 7335 5403
f 1759 5403 6860 4375
f 1759 4375 6857 5396
f 1759 5396 7332 5195
f 1760 5188 7337 5404
f 1760 5404 6862 4368
f 1760 4368 6853 5402
f 1760 5402 7328 5188
f 1761 5196 7332 5396
f 1761 5396 6857 4376
f 1761 4376 6851 5395
f 1761 5395 7326 5196
f 1762 5189 7336 5399
f 1762 5399 6861 4369
f 1762 4369 6858 5406
f 1762 5406 7333 5189
f 1763 5197 7333 5406
f 1763 5406 6858 4377
f 1763 4377 6863 5394
f 1763 5394 7338 5197
f 1764 5190 7328 5402
f 1764 5402 6853 4370
f 1764 4370 6859 5401
f 1764 5401 7334 5190
f 1765 5198 7331 5398
f 1765 5398 6856 4378
f 1765 4378 6864 5397
f 1765 5397 7339 5198
f 1766 5191 7329 5407
f 1766 5407 6854 4371
f 1766 4371 6860 5403
f 1766 5403 7335 5191
f 1767 5192 7330 5405
f 1767 5405 6855 4372
f 1767 4372 6861 5399
f 1767 5399 7336 5192
f 1768 4108 6734 5414
f 1768 5414 7413 5420
f 1768 5420 7417 4153
f 1768 4153 6733 4108
f 1769 4049 6697 5419
f 1769 5419 7418 5421
f 1769 5421 7414 4150
f 1769 4150 6701 4049
f 1770 4042 6693 5416
f 1770 5416 7415 5422
f 1770 5422 7418 5419
f 1770 5419 6697 4042
f 1771 4109 6733 4153
f 1771 4153 7417 5423
f 1771 5423 7416 4152
f 1771 4152 6732 4109
f 1772 4102 6701 4150
f 1772 4150 7414 5424
f 1772 5424 7413 5414
f 1772 5414 6734 4102
f 1773 4100 6732 4152
f 1773 4152 7416 5425
f 1773 5425 7415 5416
f 1773 5416 6693 4100
f 1774 4043 6698 5430
f 1774 5430 7423 5432
f 1774 5432 7422 4164
f 1774 4164 6692 4043
f 1775 4108 6733 5431
f 1775 5431 7424 5433
f 1775 5433 7420 4162
f 1775 4162 6734 4108
f 1776 4109 6732 5428
f 1776 5428 7421 5434
f 1776 5434 7424 5431
f 1776 5431 6733 4109
f 1777 4050 6702 5426
f 1777 5426 7419 5435
f 1777 5435 7423 5430
f 1777 5430 6698 4050
f 1778 4052 6734 4162
f 1778 4162 7420 5436
f 1778 5436 7419 5426
f 1778 5426 6702 4052
f 1779 4039 6692 4164
f 1779 4164 7422 5437
f 1779 5437 7421 5428
f 1779 5428 6732 4039
f 1780 4043 6692 5438
f 1780 5438 7425 5444
f 1780 5444 7428 4176
f 1780 4176 6698 4043
f 1781 4054 6702 5440
f 1781 5440 7427 5445
f 1781 5445 7430 4178
f 1781 4178 6703 4054
f 1782 4051 6703 4178
f 1782 4178 7430 5446
f 1782 5446 7429 4177
f 1782 4177 6699 4051
f 1783 4044 6699 4177
f 1783 4177 7429 5447
f 1783 5447 7426 4174
f 1783 4174 6696 4044
f 1784 4041 6696 4174
f 1784 4174 7426 5448
f 1784 5448 7425 5438
f 1784 5438 6692 4041
f 1785 4050 6698 4176
f 1785 4176 7428 5449
f 1785 5449 7427 5440
f 1785 5440 6702 4050
f 1786 4045 6695 5455
f 1786 5455 7436 5456
f 1786 5456 7432 4138
f 1786 4138 6700 4045
f 1787 4038 6694 5454
f 1787 5454 7435 5457
f 1787 5457 7436 5455
f 1787 5455 6695 4038
f 1788 4049 6701 5450
f 1788 5450 7431 5458
f 1788 5458 7434 4140
f 1788 4140 6697 4049
f 1789 4040 6693 5452
f 1789 5452 7433 5459
f 1789 5459 7435 5454
f 1789 5454 6694 4040
f 1790 4053 6700 4138
f 1790 4138 7432 5460
f 1790 5460 7431 5450
f 1790 5450 6701 4053
f 1791 4042 6697 4140
f 1791 4140 7434 5461
f 1791 5461 7433 5452
f 1791 5452 6693 4042
f 1792 5629 7517 5612
f 1792 5612 7440 5476
f 1792 5476 7450 5475
f 1792 5475 7515 5629
f 1793 5628 7519 5614
f 1793 5614 7445 5477
f 1793 5477 7449 5474
f 1793 5474 7514 5628
f 1794 5627 7513 5473
f 1794 5473 7448 5478
f 1794 5478 7438 5611
f 1794 5611 7516 5627
f 1795 5626 7507 5462
f 1795 5462 7437 5479
f 1795 5479 7443 5613
f 1795 5613 7518 5626
f 1796 5625 7509 5466
f 1796 5466 7441 5480
f 1796 5480 7447 5615
f 1796 5615 7520 5625
f 1797 5624 7520 5615
f 1797 5615 7447 5481
f 1797 5481 7448 5473
f 1797 5473 7513 5624
f 1798 5623 7514 5474
f 1798 5474 7449 5482
f 1798 5482 7446 5471
f 1798 5471 7512 5623
f 1799 5622 7518 5613
f 1799 5613 7443 5483
f 1799 5483 7444 5469
f 1799 5469 7511 5622
f 1800 5621 7511 5469
f 1800 5469 7444 5484
f 1800 5484 7442 5467
f 1800 5467 7510 5621
f 1801 5620 7515 5475
f 1801 5475 7450 5485
f 1801 5485 7441 5466
f 1801 5466 7509 5620
f 1802 5619 7516 5611
f 1802 5611 7438 5486
f 1802 5486 7439 5464
f 1802 5464 7508 5619
f 1803 5618 7512 5471
f 1803 5471 7446 5487
f 1803 5487 7437 5462
f 1803 5462 7507 5618
f 1804 5617 7510 5467
f 1804 5467 7442 5488
f 1804 5488 7440 5612
f 1804 5612 7517 5617
f 1805 5616 7508 5464
f 1805 5464 7439 5489
f 1805 5489 7445 5614
f 1805 5614 7519 5616
f 1806 4094 6654 3948
f 1806 3948 7451 5504
f 1806 5504 7464 5503
f 1806 5503 6726 4094
f 1807 3945 6638 5501
f 1807 5501 7462 5505
f 1807 5505 7463 5502
f 1807 5502 6725 3945
f 1808 3967 6653 5491
f 1808 5491 7452 5506
f 1808 5506 7451 3948
f 1808 3948 6654 3967
f 1809 3946 6639 5493
f 1809 5493 7454 5507
f 1809 5507 7457 3957
f 1809 3957 6635 3946
f 1810 3949 6646 5495
f 1810 5495 7456 5508
f 1810 5508 7461 3963
f 1810 3963 6633 3949
f 1811 3947 6633 3963
f 1811 3963 7461 5509
f 1811 5509 7462 5501
f 1811 5501 6638 3947
f 1812 3968 6655 3961
f 1812 3961 7459 5510
f 1812 5510 7460 5499
f 1812 5499 6656 3968
f 1813 3951 6635 3957
f 1813 3957 7457 5511
f 1813 5511 7458 5497
f 1813 5497 6648 3951
f 1814 3958 6652 3955
f 1814 3955 7455 5512
f 1814 5512 7456 5495
f 1814 5495 6646 3958
f 1815 3965 6656 5499
f 1815 5499 7460 5513
f 1815 5513 7455 3955
f 1815 3955 6652 3965
f 1816 4093 6725 5502
f 1816 5502 7463 5514
f 1816 5514 7454 5493
f 1816 5493 6639 4093
f 1817 3952 6648 5497
f 1817 5497 7458 5515
f 1817 5515 7453 5492
f 1817 5492 6649 3952
f 1818 3959 6649 5492
f 1818 5492 7453 5516
f 1818 5516 7452 5491
f 1818 5491 6653 3959
f 1819 3966 6726 5503
f 1819 5503 7464 5517
f 1819 5517 7459 3961
f 1819 3961 6655 3966
f 1820 4092 6642 4118
f 1820 4118 7476 5532
f 1820 5532 7470 5523
f 1820 5523 6724 4092
f 1821 3924 6618 3936
f 1821 3936 7465 5533
f 1821 5533 7466 5519
f 1821 5519 6723 3924
f 1822 3926 6613 5530
f 1822 5530 7477 5534
f 1822 5534 7465 3936
f 1822 3936 6618 3926
f 1823 3934 6641 5525
f 1823 5525 7472 5535
f 1823 5535 7476 4118
f 1823 4118 6642 3934
f 1824 3925 6619 5527
f 1824 5527 7474 5536
f 1824 5536 7467 3938
f 1824 3938 6615 3925
f 1825 3935 6643 3944
f 1825 3944 7473 5537
f 1825 5537 7475 5528
f 1825 5528 6644 3935
f 1826 3928 6615 3938
f 1826 3938 7467 5538
f 1826 5538 7471 5524
f 1826 5524 6636 3928
f 1827 3930 6640 5413
f 1827 5413 7478 5539
f 1827 5539 7469 5522
f 1827 5522 6634 3930
f 1828 3932 6644 5528
f 1828 5528 7475 5540
f 1828 5540 7478 5413
f 1828 5413 6640 3932
f 1829 4091 6723 5519
f 1829 5519 7466 5541
f 1829 5541 7474 5527
f 1829 5527 6619 4091
f 1830 3929 6636 5524
f 1830 5524 7471 5542
f 1830 5542 7468 5521
f 1830 5521 6637 3929
f 1831 3931 6637 5521
f 1831 5521 7468 5543
f 1831 5543 7472 5525
f 1831 5525 6641 3931
f 1832 3933 6724 5523
f 1832 5523 7470 5544
f 1832 5544 7473 3944
f 1832 3944 6643 3933
f 1833 3927 6634 5522
f 1833 5522 7469 5545
f 1833 5545 7477 5530
f 1833 5530 6613 3927
f 1834 5476 7440 5465
f 1834 5465 7489 5560
f 1834 5560 7487 5554
f 1834 5554 7450 5476
f 1835 5477 7445 5470
f 1835 5470 7491 5561
f 1835 5561 7486 5553
f 1835 5553 7449 5477
f 1836 5478 7448 5552
f 1836 5552 7485 5562
f 1836 5562 7488 5463
f 1836 5463 7438 5478
f 1837 5479 7437 5546
f 1837 5546 7479 5563
f 1837 5563 7490 5468
f 1837 5468 7443 5479
f 1838 5480 7441 5548
f 1838 5548 7481 5564
f 1838 5564 7492 5472
f 1838 5472 7447 5480
f 1839 5481 7447 5472
f 1839 5472 7492 5565
f 1839 5565 7485 5552
f 1839 5552 7448 5481
f 1840 5482 7449 5553
f 1840 5553 7486 5566
f 1840 5566 7484 5551
f 1840 5551 7446 5482
f 1841 5483 7443 5468
f 1841 5468 7490 5567
f 1841 5567 7483 5550
f 1841 5550 7444 5483
f 1842 5484 7444 5550
f 1842 5550 7483 5568
f 1842 5568 7482 5549
f 1842 5549 7442 5484
f 1843 5485 7450 5554
f 1843 5554 7487 5569
f 1843 5569 7481 5548
f 1843 5548 7441 5485
f 1844 5486 7438 5463
f 1844 5463 7488 5570
f 1844 5570 7480 5547
f 1844 5547 7439 5486
f 1845 5487 7446 5551
f 1845 5551 7484 5571
f 1845 5571 7479 5546
f 1845 5546 7437 5487
f 1846 5488 7442 5549
f 1846 5549 7482 5572
f 1846 5572 7489 5465
f 1846 5465 7440 5488
f 1847 5489 7439 5547
f 1847 5547 7480 5573
f 1847 5573 7491 5470
f 1847 5470 7445 5489
f 1848 3902 6597 5580
f 1848 5580 7499 5588
f 1848 5588 7496 3916
f 1848 3916 6602 3902
f 1849 3922 6629 5582
f 1849 5582 7501 5589
f 1849 5589 7494 3909
f 1849 3909 6630 3922
f 1850 3901 6603 5584
f 1850 5584 7503 5590
f 1850 5590 7498 5579
f 1850 5579 6599 3901
f 1851 3904 6625 3905
f 1851 3905 7493 5591
f 1851 5591 7499 5580
f 1851 5580 6597 3904
f 1852 3921 6722 5587
f 1852 5587 7506 5592
f 1852 5592 7500 5581
f 1852 5581 6631 3921
f 1853 3914 6627 5583
f 1853 5583 7502 5593
f 1853 5593 7501 5582
f 1853 5582 6629 3914
f 1854 3907 6626 3912
f 1854 3912 7495 5594
f 1854 5594 7502 5583
f 1854 5583 6627 3907
f 1855 4089 6721 5586
f 1855 5586 7505 5595
f 1855 5595 7503 5584
f 1855 5584 6603 4089
f 1856 3920 6632 3918
f 1856 3918 7497 5596
f 1856 5596 7504 5585
f 1856 5585 6628 3920
f 1857 3923 6631 5581
f 1857 5581 7500 5597
f 1857 5597 7497 3918
f 1857 3918 6632 3923
f 1858 3906 6599 5579
f 1858 5579 7498 5598
f 1858 5598 7495 3912
f 1858 3912 6626 3906
f 1859 3913 6628 5585
f 1859 5585 7504 5599
f 1859 5599 7493 3905
f 1859 3905 6625 3913
f 1860 3900 6602 3916
f 1860 3916 7496 5600
f 1860 5600 7505 5586
f 1860 5586 6721 3900
f 1861 4090 6630 3909
f 1861 3909 7494 5601
f 1861 5601 7506 5587
f 1861 5587 6722 4090
f 1862 5588 7499 5603
f 1862 5603 7508 5616
f 1862 5616 7519 5577
f 1862 5577 7496 5588
f 1863 5589 7501 5605
f 1863 5605 7510 5617
f 1863 5617 7517 5575
f 1863 5575 7494 5589
f 1864 5590 7503 5607
f 1864 5607 7512 5618
f 1864 5618 7507 5602
f 1864 5602 7498 5590
f 1865 5591 7493 5574
f 1865 5574 7516 5619
f 1865 5619 7508 5603
f 1865 5603 7499 5591
f 1866 5592 7506 5610
f 1866 5610 7515 5620
f 1866 5620 7509 5604
f 1866 5604 7500 5592
f 1867 5593 7502 5606
f 1867 5606 7511 5621
f 1867 5621 7510 5605
f 1867 5605 7501 5593
f 1868 5594 7495 5576
f 1868 5576 7518 5622
f 1868 5622 7511 5606
f 1868 5606 7502 5594
f 1869 5595 7505 5609
f 1869 5609 7514 5623
f 1869 5623 7512 5607
f 1869 5607 7503 5595
f 1870 5596 7497 5578
f 1870 5578 7520 5624
f 1870 5624 7513 5608
f 1870 5608 7504 5596
f 1871 5597 7500 5604
f 1871 5604 7509 5625
f 1871 5625 7520 5578
f 1871 5578 7497 5597
f 1872 5598 7498 5602
f 1872 5602 7507 5626
f 1872 5626 7518 5576
f 1872 5576 7495 5598
f 1873 5599 7504 5608
f 1873 5608 7513 5627
f 1873 5627 7516 5574
f 1873 5574 7493 5599
f 1874 5600 7496 5577
f 1874 5577 7519 5628
f 1874 5628 7514 5609
f 1874 5609 7505 5600
f 1875 5601 7494 5575
f 1875 5575 7517 5629
f 1875 5629 7515 5610
f 1875 5610 7506 5601
f 1876 5122 7311 5638
f 1876 5638 7531 5642
f 1876 5642 7534 5641
f 1876 5641 7376 5122
f 1877 4935 7192 4936
f 1877 4936 7524 5643
f 1877 5643 7533 5640
f 1877 5640 7352 4935
f 1878 5213 7352 5640
f 1878 5640 7533 5644
f 1878 5644 7532 5639
f 1878 5639 7312 5213
f 1879 4926 7189 3062
f 1879 3062 7527 5645
f 1879 5645 7531 5638
f 1879 5638 7311 4926
f 1880 4925 7186 4932
f 1880 4932 7522 5646
f 1880 5646 7530 5637
f 1880 5637 7269 4925
f 1881 4934 7188 4938
f 1881 4938 7528 5647
f 1881 5647 7529 5636
f 1881 5636 7191 4934
f 1882 5240 7376 5641
f 1882 5641 7534 5648
f 1882 5648 7528 4938
f 1882 4938 7188 5240
f 1883 4929 7187 4937
f 1883 4937 7526 5649
f 1883 5649 7521 5630
f 1883 5630 7193 4929
f 1884 5123 7312 5639
f 1884 5639 7532 5650
f 1884 5650 7525 3775
f 1884 3775 7194 5123
f 1885 4927 7191 5636
f 1885 5636 7529 5651
f 1885 5651 7523 5632
f 1885 5632 7190 4927
f 1886 5034 7269 5637
f 1886 5637 7530 5652
f 1886 5652 7526 4937
f 1886 4937 7187 5034
f 1887 4928 7193 5630
f 1887 5630 7521 5653
f 1887 5653 7524 4936
f 1887 4936 7192 4928
f 1888 4930 7190 5632
f 1888 5632 7523 5654
f 1888 5654 7522 4932
f 1888 4932 7186 4930
