# Blender 5.1.2
# www.blender.org
o Cube.001
v -0.111511 -0.504955 3.731083
v -0.169789 -0.358910 3.569734
v -0.228112 -0.277864 3.811341
v -0.173932 -0.404081 3.838675
v -0.248408 -0.265602 3.682058
v -0.208507 -0.339683 3.847172
v -0.126943 -0.418345 3.571045
v -0.235804 -0.251036 3.754460
v -0.145010 -0.449392 3.810035
v -0.375418 -0.325812 3.678341
v -0.333140 -0.485900 3.685395
v -0.274797 -0.530650 3.593939
v -0.279438 -0.515530 3.552754
v -0.358224 -0.361607 3.525188
v -0.351834 -0.411667 3.724638
v -0.365465 -0.360423 3.715557
v -0.293355 -0.477884 3.518044
v -0.343953 -0.458308 3.708832
v -0.226549 -0.313184 3.584607
v -0.105457 -0.469925 3.612032
v -0.095036 -0.501714 3.676078
v -0.464189 -0.575439 3.486979
v -0.528147 -0.412020 3.444711
v -0.543598 -0.488163 3.647311
v -0.555201 -0.427545 3.623329
v -0.471332 -0.519712 3.440379
v -0.538206 -0.536795 3.634809
v -0.558860 -0.368844 3.521315
v -0.486982 -0.612487 3.555514
v -0.498015 -0.456867 3.428885
v -0.321261 -0.418371 3.509155
v -0.291881 -0.527837 3.632189
v -0.384523 -0.313234 3.609562
v -0.611344 -0.568079 3.588597
v -0.627904 -0.419745 3.488554
v -0.563040 -0.631939 3.522562
v -0.574397 -0.494010 3.410618
v -0.631880 -0.430321 3.535679
v -0.600259 -0.593130 3.566684
v -0.546210 -0.630171 3.497082
v -0.546054 -0.598312 3.456023
v -0.600179 -0.451333 3.426998
v -0.466252 -0.610310 3.529763
v -0.527352 -0.571323 3.606465
v -0.561770 -0.379442 3.577242
v -0.727614 -0.634743 3.561127
v -0.779961 -0.453555 3.466928
v -0.696205 -0.677100 3.479080
v -0.738217 -0.505891 3.363859
v -0.774478 -0.477654 3.524945
v -0.719352 -0.656607 3.530282
v -0.684059 -0.669484 3.452315
v -0.689723 -0.631812 3.405930
v -0.764281 -0.468437 3.388103
v -0.552248 -0.551472 3.417556
v -0.624123 -0.470348 3.574184
v -0.614815 -0.526601 3.595062
v -1.023074 -0.608265 3.385324
v -0.983707 -0.707745 3.354735
v -0.993691 -0.632641 3.319366
v -1.025704 -0.623397 3.411492
v -0.995948 -0.702240 3.389978
v -0.978607 -0.698481 3.334418
v -0.975704 -0.683483 3.315042
v -1.007465 -0.612717 3.338372
v -1.016114 -0.670045 3.417928
v -0.708695 -0.567859 3.365522
v -0.756686 -0.532842 3.565825
v -0.736404 -0.594922 3.579410
v -1.006040 -0.690185 3.407405
v -0.980547 -0.662471 3.309738
v -1.022900 -0.644990 3.419657
v -1.095184 -0.633424 3.391073
v -1.074413 -0.729301 3.368935
v -1.048634 -0.720424 3.308731
v -1.045668 -0.700632 3.290431
v -1.072815 -0.624264 3.311007
v -1.089789 -0.693163 3.399858
v -1.095276 -0.665282 3.403415
v -1.049157 -0.675232 3.283702
v -1.083349 -0.717548 3.388483
v -1.178427 -0.761413 3.346599
v -1.128436 -0.756675 3.256498
v -1.120117 -0.730207 3.239346
v -1.145733 -0.646746 3.285304
v -1.198515 -0.706760 3.389916
v -1.200059 -0.656563 3.395768
v -1.120531 -0.702127 3.239697
v -1.189739 -0.743655 3.373643
v -1.191469 -0.595357 3.337905
v -1.059262 -0.644141 3.290310
v -1.057050 -0.731993 3.329061
v -1.089745 -0.613111 3.360843
v -0.654843 -0.547993 3.589258
v -0.672859 -0.489402 3.569782
v -0.616828 -0.557003 3.394321
v -0.671545 -0.457973 3.409672
v -0.601136 -0.609083 3.435543
v -0.594934 -0.641619 3.482871
v -0.638279 -0.614544 3.556741
v -0.689625 -0.447918 3.528609
v -0.644657 -0.498220 3.389292
v -0.607326 -0.645985 3.510963
v -0.693078 -0.433915 3.477268
v -0.648244 -0.591484 3.580304
v -1.336717 -0.576169 3.328522
v -1.241239 -0.719092 3.257451
v -1.293578 -0.691263 3.329620
v -1.300133 -0.741829 3.355312
v -1.288387 -0.696434 3.298437
v -1.288677 -0.705294 3.357796
v -1.201933 -0.752442 3.210653
v -1.302498 -0.763811 3.339790
v -1.238244 -0.804028 3.239727
v -1.193111 -0.609874 3.375473
v -1.126526 -0.674162 3.259888
v -1.150897 -0.772015 3.290308
v -1.381004 -0.576778 3.291788
v -1.328357 -0.563168 3.298240
v -1.328967 -0.591891 3.292521
v -1.337327 -0.604892 3.322804
v -1.264556 -0.618763 3.352931
v -1.261546 -0.607660 3.316256
v -1.249393 -0.581318 3.324238
v -1.252404 -0.592421 3.360913
v -1.272223 -0.739200 3.240344
v -1.239044 -0.754248 3.213980
v -1.376556 -0.742853 3.289134
v -1.339119 -0.751050 3.202046
v -1.313935 -0.771617 3.183417
v -1.364400 -0.693699 3.291424
v -1.339222 -0.788953 3.221389
v -1.300273 -0.800272 3.189600
v -1.203971 -0.772572 3.211365
v -1.209654 -0.793917 3.222164
v -1.287887 -0.779617 3.307687
v -1.215666 -0.736548 3.227752
v -1.171140 -0.706351 3.244506
v -1.234823 -0.776884 3.329931
v -1.172086 -0.779303 3.234697
v -1.163776 -0.755254 3.219643
v -1.198647 -0.792645 3.268129
v -1.249127 -0.758182 3.361279
v -1.162376 -0.729347 3.220873
v -1.251185 -0.679236 3.382284
v -1.254743 -0.651083 3.318737
v -1.255793 -0.726270 3.377355
v -1.255919 -0.656342 3.355086
v -1.193480 -0.682061 3.273189
v -1.224302 -0.653450 3.298454
v -1.221403 -0.787983 3.302043
v -1.268540 -0.795579 3.268830
v -1.368574 -0.724833 3.240399
v -1.361101 -0.768133 3.266915
v -1.295024 -0.716413 3.271705
v -1.261448 -0.700712 3.283659
v -0.625510 -0.633187 3.533488
v -0.687000 -0.439917 3.437281
v -1.176403 -0.616013 3.310127
v -1.168029 -0.769320 3.322840
v -1.083802 -0.616348 3.335236
v -1.066192 -0.733140 3.348722
v -1.016089 -0.606056 3.358161
v -0.988331 -0.708470 3.371814
v -0.776332 -0.454235 3.419572
v -0.709407 -0.671628 3.503127
v -0.511919 -0.594270 3.583026
v -0.617311 -0.429986 3.451604
v -0.585921 -0.613667 3.545524
v -0.547980 -0.385754 3.474865
v -0.249910 -0.287485 3.615537
v -0.384731 -0.325549 3.550529
v -0.317358 -0.508664 3.661846
v -0.125745 -0.480883 3.777936
v -1.419546 -0.725869 3.300706
v -1.388862 -0.747152 3.194459
v -1.291203 -0.766306 3.178852
v -1.318561 -0.786500 3.187833
v -1.265498 -0.774765 3.178625
v -1.269941 -0.793847 3.184957
v -1.306035 -0.790345 3.160767
v -1.424449 -0.733648 3.269028
v -1.345178 -0.748442 3.223355
v -1.327558 -0.765549 3.193154
v -1.329063 -0.782893 3.200596
v -1.343776 -0.769002 3.235255
v -1.412759 -0.724872 3.238029
v -1.388598 -0.764714 3.205323
v -1.366647 -0.749856 3.277798
v -1.352935 -0.741975 3.236692
v -1.350368 -0.762857 3.247769
v -1.371553 -0.727438 3.262358
v -1.347205 -0.769280 3.160146
v -1.411475 -0.723402 3.217011
v -1.358005 -0.700616 3.320639
v -1.370715 -0.733014 3.321888
v -1.380080 -0.750517 3.306150
v -1.373585 -0.718433 3.275657
v -1.472039 -0.712605 3.198272
v -1.349541 -0.767259 3.124649
v -1.472674 -0.699862 3.231597
v -1.429871 -0.752852 3.131954
v -1.468485 -0.712334 3.181831
v -1.465509 -0.682111 3.243845
v -1.376221 -0.791555 3.134503
v -1.443123 -0.741618 3.156317
v -1.373342 -0.761461 3.168857
v -1.408897 -0.745310 3.250487
v -1.427718 -0.740771 3.284992
v -1.350991 -0.782895 3.164017
v -1.374974 -0.777616 3.175657
v -1.406184 -0.763177 3.239642
v -1.333217 -0.796247 3.164907
v -1.406587 -0.689523 3.272130
v -1.383324 -0.749049 3.175821
v -1.397755 -0.757506 3.222417
v -1.415423 -0.711062 3.259326
v -1.302634 -0.772501 3.155118
v -1.399184 -0.738169 3.212243
v -1.407440 -0.697208 3.297546
v -1.326030 -0.764787 3.155387
v -1.384693 -0.782768 3.193486
v -1.393629 -0.764532 3.112086
v -1.397806 -0.779874 3.115480
v -1.473371 -0.743405 3.119304
v -1.480963 -0.759439 3.122193
v -1.516242 -0.725431 3.160601
v -1.509544 -0.708702 3.157823
v -1.510090 -0.686042 3.229112
v -1.521209 -0.705956 3.233114
v -1.435396 -0.769013 3.135984
v -1.470242 -0.687172 3.265289
v -1.369341 -0.760523 3.126445
v -1.435825 -0.742573 3.141154
v -1.388941 -0.765249 3.131558
v -1.474949 -0.730214 3.205200
v -1.483300 -0.718682 3.238734
v -1.352043 -0.785023 3.130240
v -1.475105 -0.748654 3.194202
v -1.445896 -0.774617 3.151392
v -1.481767 -0.712060 3.268617
v -1.465965 -0.742251 3.178536
v -1.447670 -0.757501 3.162524
v -1.487661 -0.725818 3.254308
v -1.393318 -0.778518 3.134024
v -1.462256 -0.723540 3.173094
v -0.242190 -0.509975 3.708130
v -0.332895 -0.312366 3.577022
v -0.327454 -0.297156 3.644316
v -0.216590 -0.526498 3.671531
v -0.249276 -0.401584 3.549083
v -0.276273 -0.450874 3.761970
v -0.215404 -0.459819 3.554019
v -0.302005 -0.330437 3.758836
v -0.292772 -0.390131 3.775719
v -0.304723 -0.348049 3.555717
v -0.203273 -0.499569 3.586108
v -0.196036 -0.519719 3.628407
v -0.260371 -0.484579 3.734789
v -0.309112 -0.301127 3.716948
v -0.450577 -0.339639 3.520432
v -0.388463 -0.541201 3.633457
v -0.458535 -0.331239 3.635715
v -0.404857 -0.516954 3.659036
v -0.353915 -0.569177 3.568349
v -0.398472 -0.425046 3.459336
v -0.368062 -0.561542 3.602306
v -0.459751 -0.321698 3.573091
v -0.416337 -0.482410 3.687256
v -0.372715 -0.490511 3.468702
v -0.446277 -0.376847 3.683758
v -0.426412 -0.435357 3.703515
v -0.427530 -0.371851 3.483279
v -0.358051 -0.544142 3.517637
v -0.052185 -0.418819 3.821307
v -0.168950 -0.250842 3.647231
v -0.015037 -0.463463 3.704419
v -0.024855 -0.431482 3.626504
v -0.145042 -0.274307 3.614043
v -0.073573 -0.386483 3.847331
v -0.183710 -0.210983 3.753234
v -0.056617 -0.375935 3.588428
v -0.153228 -0.284380 3.861211
v -0.176415 -0.230198 3.699365
v -0.112435 -0.338710 3.864326
v -0.179409 -0.234230 3.813404
v -0.102285 -0.317277 3.590713
v -0.031005 -0.453856 3.776842
v -0.325567 -0.003290 2.525131
v 0.297080 -0.105781 2.413882
v -0.276630 -0.009478 2.572873
v 0.156106 -0.144110 2.210739
v 0.268182 -0.014140 2.716557
v 0.175188 -0.050728 2.215479
v 0.202834 -0.040360 2.862464
v -0.235767 -0.216833 2.661227
v 0.168270 -0.286036 2.293578
v -0.044598 -0.051166 2.150108
v 0.010600 -0.015189 2.167101
v 0.249511 -0.281701 2.634328
v 0.268097 -0.220978 2.386058
v 0.066639 -0.064051 2.153932
v 0.137028 -0.347008 2.383099
v 0.029814 -0.300286 2.187209
v -0.160539 -0.073222 2.092901
v -0.135021 -0.349479 2.608714
v 0.223168 -0.322215 2.479291
v -0.015213 -0.115548 2.118908
v 0.062060 -0.201457 2.163176
v -0.542433 -0.201427 2.322721
v -0.333174 -0.075850 2.033950
v -0.327766 -0.346169 2.483086
v 0.004767 -0.372611 2.234403
v -0.125143 -0.154531 2.049821
v -0.307345 -0.207533 2.529503
v -0.405375 -0.151259 2.447570
v -0.216318 -0.282895 2.588060
v -0.062444 -0.225002 2.078426
v -0.227042 -0.403378 2.489251
v 0.012036 -0.413895 2.327154
v -0.173435 -0.246158 1.982829
v -0.072710 -0.449607 2.400231
v 0.042959 -0.388936 2.590901
v -0.323012 -0.027351 2.260779
v -0.045756 -0.331482 2.820745
v 0.120987 -0.297711 2.856158
v 0.162045 -0.317499 2.765152
v 0.145985 -0.362796 2.558819
v -0.233314 -0.181014 1.962569
v -0.135396 -0.444981 2.444961
v -0.443306 -0.277502 2.414801
v -0.526183 -0.098808 2.209344
v -0.197087 -0.029244 2.150911
v -0.417626 -0.040419 2.349756
v -0.082820 -0.313265 2.092042
v -0.284410 -0.111388 1.994447
v -0.443194 -0.073044 2.132049
v -0.033602 -0.384590 2.594886
v -0.223120 -0.257247 2.806017
v -0.632560 -0.245477 2.195314
v -0.492736 -0.402828 2.279829
v -0.323209 -0.502060 2.230528
v -0.199841 -0.473445 2.104632
v -0.195426 -0.415225 2.029686
v -0.405380 -0.462568 2.271235
v -0.271817 -0.505603 2.184617
v -0.292749 -0.279992 1.880830
v -0.516857 -0.099294 2.018302
v -0.333968 -0.208803 1.872442
v -0.380807 -0.136662 1.901314
v -0.574134 -0.333021 2.253288
v -0.591555 -0.125522 2.091271
v -0.240666 -0.344090 1.944085
v -0.423603 -0.102302 1.934463
v -0.502205 -0.525362 1.937295
v -0.441568 -0.309992 1.766200
v -0.622208 -0.145536 1.875014
v -0.470666 -0.239341 1.765098
v -0.512904 -0.176480 1.783828
v -0.707370 -0.373041 2.044536
v -0.683896 -0.170369 1.939248
v -0.424640 -0.378863 1.787665
v -0.548425 -0.149226 1.808739
v -0.731127 -0.293615 2.027171
v -0.658088 -0.435968 2.037938
v -0.541425 -0.523248 1.974801
v -0.436881 -0.501001 1.876813
v -0.417707 -0.449401 1.827911
v -0.597860 -0.489133 2.014631
v -0.579310 -0.484703 1.746753
v -0.561871 -0.448093 1.708157
v -0.806013 -0.327896 1.905118
v -0.575398 -0.331365 1.671727
v -0.714774 -0.474611 1.879817
v -0.638327 -0.503026 1.800904
v -0.593507 -0.269977 1.678825
v -0.708264 -0.196651 1.785940
v -0.620733 -0.220134 1.699209
v -0.791501 -0.391151 1.911485
v -0.760533 -0.217087 1.842009
v -0.792970 -0.266256 1.882421
v -0.647335 -0.199483 1.724050
v 0.053559 -0.244041 2.958153
v -0.016880 -0.281735 2.962856
v 0.168009 -0.113035 2.955118
v -0.243436 -0.169497 2.957578
v 0.066006 -0.319122 2.851882
v -0.154096 -0.304145 2.804345
v -0.156477 -0.232329 2.966924
v -0.198366 -0.213971 2.959283
v -0.073810 -0.269396 2.967397
v -0.259943 -0.104429 2.960639
v -0.565762 -0.393503 1.680821
v -0.757680 -0.437897 1.903053
v -0.670698 -0.501666 1.836866
v -0.721282 -0.221667 1.992254
v -0.634848 -0.171952 2.143139
v -0.254002 -0.186714 2.815614
v -0.567074 -0.142497 2.257686
v -0.452902 -0.089942 2.398954
v -0.263253 -0.152802 2.669358
v 0.167873 -0.213790 2.857098
v 0.258816 -0.181796 2.704341
v -0.258967 -0.142927 2.580035
v 0.313097 -0.050428 2.477952
v -0.325296 -0.083138 2.514425
v -0.291095 0.025895 3.108631
v -0.307121 -0.045745 3.107755
v -0.217777 -0.201039 3.108669
v 0.069003 -0.271136 3.093340
v -0.108246 -0.274219 3.103046
v -0.282733 -0.120534 3.108116
v 0.193948 -0.148990 3.083280
v -0.038359 -0.298814 3.099799
v 0.011812 -0.340422 3.264012
v -0.290150 -0.057827 3.277950
v -0.187631 -0.237521 3.279387
v 0.136944 -0.309139 3.247921
v -0.072493 -0.320003 3.271553
v -0.273526 0.027334 3.276784
v -0.267849 -0.153200 3.279263
v 0.266431 -0.158426 3.225119
v 0.179266 -0.354693 3.417327
v -0.057502 -0.318490 3.460562
v -0.230952 -0.169985 3.522906
v 0.332896 -0.160749 3.354023
v 0.025725 -0.354551 3.460092
v -0.278703 -0.057040 3.463306
v -0.250785 0.054461 3.471294
v -0.156364 -0.232333 3.529437
v -0.263286 -0.050814 3.529677
v -0.238494 0.060168 3.533408
v 0.205330 -0.357040 3.480684
v -0.223586 -0.155467 3.580400
v 0.351736 -0.155033 3.425994
v 0.234371 -0.360633 3.618355
v -0.164129 -0.141711 3.703679
v 0.364114 -0.158004 3.592727
v -0.172164 -0.065878 3.684372
v -0.148351 0.031291 3.689370
v 0.218119 -0.357912 3.743052
v -0.094121 -0.160253 3.814813
v 0.360180 -0.160220 3.744448
v -0.081426 -0.089742 3.820623
v -0.064575 -0.018264 3.822707
v 0.014728 -0.174437 3.876249
v 0.343776 -0.150342 3.830267
v 0.160095 -0.303064 3.851906
v 0.013321 -0.101770 3.875230
v 0.021220 -0.025614 3.880260
v 0.033146 -0.213774 3.885317
v 0.234168 -0.293498 3.833832
v 0.102587 -0.273741 3.875865
v 0.090170 -0.142378 3.940582
v 0.321540 -0.121901 3.901481
v 0.199149 -0.211967 3.918744
v 0.065793 -0.041092 3.950941
v 0.073272 -0.091116 3.943026
v 0.156219 -0.191773 3.930397
v 0.111304 -0.163908 3.940164
v 0.246648 -0.216894 3.908094
v 0.421534 -0.585379 1.087289
v -0.666283 -0.492020 1.672304
v -0.640828 -0.455047 1.655092
v -0.800962 -0.489051 1.704661
v -0.727141 -0.511688 1.688516
v -0.763443 -0.221867 1.668797
v -0.677074 -0.239218 1.645341
v -0.846889 -0.411027 1.678869
v -0.849402 -0.350882 1.668829
v -0.812847 -0.243842 1.678265
v -0.840136 -0.291923 1.675971
v -0.634346 -0.401366 1.643161
v -0.703535 -0.221245 1.653260
v -0.637206 -0.342117 1.638811
v -0.830561 -0.455161 1.694501
v -0.759907 -0.512326 1.697254
v -0.650605 -0.284825 1.638606
v -0.592850 -0.582066 1.652557
v -0.571907 -0.290916 1.831977
v -0.616944 -0.550923 1.781019
v -0.609133 -0.503412 1.823482
v -0.519419 -0.312037 1.521132
v -0.579170 -0.555352 1.583767
v -0.600788 -0.579354 1.704853
v -0.529868 -0.249378 1.574955
v -0.554772 -0.515405 1.533731
v -0.547285 -0.218469 1.654469
v -0.529519 -0.462046 1.501785
v -0.564178 -0.235077 1.789150
v -0.592256 -0.436174 1.848387
v -0.514878 -0.387232 1.495322
v -0.560048 -0.213991 1.746234
v -0.580630 -0.362101 1.852385
v -0.341846 -0.293083 1.765472
v -0.363799 -0.534859 1.542995
v -0.387077 -0.592247 1.660311
v -0.349986 -0.357567 1.850277
v -0.387484 -0.531857 1.846591
v -0.398054 -0.570055 1.799638
v -0.356916 -0.416134 1.872056
v -0.388590 -0.591124 1.713970
v -0.332256 -0.428565 1.504626
v -0.380763 -0.568994 1.592601
v -0.336856 -0.294624 1.667142
v -0.368325 -0.476824 1.871157
v -0.344480 -0.311149 1.808283
v -0.345276 -0.490082 1.511323
v -0.330669 -0.367824 1.529856
v -0.332453 -0.317965 1.583668
v -0.035476 -0.491682 1.783392
v -0.050364 -0.408358 1.697376
v -0.114220 -0.585226 1.559447
v -0.103623 -0.602337 1.615191
v -0.036526 -0.452765 1.765812
v -0.089162 -0.450320 1.500959
v -0.084003 -0.592044 1.731794
v -0.080324 -0.419388 1.546671
v -0.065181 -0.567840 1.767851
v -0.093146 -0.603034 1.658996
v -0.102635 -0.530038 1.486257
v -0.111090 -0.560911 1.515655
v -0.066980 -0.406593 1.616393
v -0.042656 -0.421299 1.732028
v -0.043945 -0.531669 1.783782
v -0.094286 -0.489221 1.479106
v 0.293873 -0.540339 1.711389
v 0.265673 -0.454340 1.623186
v 0.204848 -0.537914 1.410762
v 0.196126 -0.636931 1.491025
v 0.213163 -0.654578 1.544802
v 0.288782 -0.500167 1.691890
v 0.210049 -0.497741 1.432132
v 0.287147 -0.581607 1.712163
v 0.243195 -0.643899 1.658764
v 0.199126 -0.580034 1.418304
v 0.227924 -0.655285 1.587080
v 0.221428 -0.465785 1.476620
v 0.241001 -0.452547 1.544465
v 0.277347 -0.467691 1.656685
v 0.194365 -0.611868 1.447773
v 0.265228 -0.618921 1.695558
v 0.489803 -0.464900 1.397605
v 0.425581 -0.510711 1.292672
v 0.548058 -0.489431 1.595718
v 0.434808 -0.623874 1.272318
v 0.450498 -0.468319 1.320198
v 0.533241 -0.478490 1.541877
v 0.556140 -0.566179 1.688818
v 0.437333 -0.666781 1.305402
v 0.486239 -0.699723 1.399465
v 0.430341 -0.566411 1.266132
v 0.554243 -0.521721 1.653606
v 0.506631 -0.680792 1.595707
v 0.526350 -0.653148 1.657212
v 0.546795 -0.611852 1.689796
v 0.461540 -0.691890 1.327627
v 0.489350 -0.693394 1.492278
v 0.566850 -0.714905 1.099584
v 0.624262 -0.670740 1.602099
v 0.592843 -0.690156 1.301176
v 0.643104 -0.570992 1.472204
v 0.628554 -0.517179 1.452290
v 0.629791 -0.619762 1.469744
v 0.650577 -0.620683 1.630832
v 0.661925 -0.522720 1.599623
v 0.662458 -0.572218 1.627898
v 0.614187 -0.676580 1.515098
v 0.484839 -0.462604 1.071138
v 0.607468 -0.565143 1.317326
v 0.591208 -0.500283 1.308299
v 0.603894 -0.625454 1.308303
v 0.557123 -0.651441 1.073733
v 0.170561 -0.115805 4.015205
v 0.256265 -0.123734 4.000876
v 0.201696 -0.124721 4.010466
v 0.144670 -0.106831 4.019545
v 0.291894 -0.061366 3.997022
v 0.227105 -0.129405 4.005224
v 0.098289 -0.062021 4.030417
v 0.116800 -0.085012 4.024226
v 0.351436 -0.516828 0.971685
v 0.443879 -0.671735 1.011457
v 0.372952 -0.594735 0.980616
v 0.505419 -0.726342 1.050307
v 0.542023 -0.729521 1.133607
v 0.437901 -0.513935 1.093404
v 0.539110 -0.577158 1.052268
v 0.519709 -0.498285 1.043527
v 0.500922 -0.712646 1.131475
v 0.459138 -0.659510 1.097618
v 0.175048 -0.129524 4.087844
v 0.306222 -0.062931 4.068612
v 0.228282 -0.121051 4.075391
v 0.141375 -0.138009 4.094161
v 0.325663 0.003475 4.057275
v 0.269009 -0.100921 4.072669
v 0.033425 -0.138730 4.099307
v 0.085342 -0.142336 4.094604
v 0.115825 -0.175350 4.189316
v 0.223623 -0.150429 4.159566
v 0.366187 -0.043732 4.110249
v 0.051881 -0.170701 4.208576
v 0.184425 -0.165390 4.172532
v 0.376095 0.035606 4.095521
v 0.331701 -0.094899 4.122777
v 0.289687 -0.128638 4.134603
v 0.396781 -0.111974 4.233809
v 0.288508 -0.163181 4.286533
v 0.460034 0.083493 4.176342
v 0.436618 -0.070970 4.213014
v 0.149878 -0.172691 4.351750
v 0.220110 -0.179889 4.319661
v 0.329377 -0.143556 4.267361
v 0.464534 -0.011986 4.192432
v 0.240504 -0.133312 4.435297
v 0.351647 -0.133530 4.373975
v 0.494262 0.089870 4.306345
v 0.480174 -0.057434 4.309042
v 0.296635 -0.143965 4.401936
v 0.445171 -0.086516 4.327864
v 0.386274 -0.116368 4.358187
v 0.507059 -0.014624 4.297583
v 0.263260 -0.036000 4.515260
v 0.368574 0.016596 4.476014
v 0.458887 0.062912 4.412798
v 0.325718 -0.005098 4.499080
v 0.392083 -0.090751 4.419805
v 0.480098 -0.046027 4.368690
v 0.420112 -0.076547 4.404286
v 0.352051 -0.110540 4.430072
v 0.444761 -0.064106 4.392069
v 0.411337 0.038244 4.452998
v 0.414446 -0.102101 4.342246
v 0.361180 -0.128489 4.249814
v 0.255103 -0.139853 4.146202
v 0.198089 -0.123865 4.080467
v 0.186624 -0.120541 4.012455
v 0.602109 -0.677409 1.456055
v 0.645694 -0.619762 1.527660
v 0.650891 -0.518551 1.513404
v 0.657873 -0.571114 1.525435
v 0.495001 -0.691828 1.538486
v 0.512826 -0.475804 1.491805
v 0.233614 -0.653870 1.618977
v 0.255176 -0.451587 1.596418
v -0.090258 -0.601683 1.691335
v -0.058087 -0.405686 1.669584
v -0.394056 -0.587096 1.751909
v -0.341914 -0.290302 1.730873
v -0.558395 -0.211378 1.712975
v -0.610057 -0.573214 1.739218
v -0.724011 -0.218259 1.659725
v -0.700143 -0.508161 1.683365
v 0.129576 -0.178149 3.936017
v 0.065821 -0.246993 3.885801
v -0.105649 -0.286250 3.471487
v -0.120385 -0.294369 3.275325
v -0.156123 -0.251787 3.105982
v -0.107332 -0.258942 2.967579
v 0.024623 -0.329847 2.837209
v -0.667023 -0.194914 1.746304
v -0.611230 -0.500307 1.778137
v -0.573449 -0.142961 1.832247
v -0.471456 -0.521135 1.912595
v -0.455775 -0.094795 1.963591
v -0.236677 -0.498517 2.153927
v -0.245778 -0.025458 2.192914
v 0.092374 -0.380243 2.595424
v -0.033064 -0.440355 2.371099
v -0.372446 -0.068154 2.068652
v -0.095202 -0.295832 3.404943
v -0.152862 -0.239040 3.438861
v -0.247847 0.044957 3.412829
v -0.270494 -0.058706 3.409811
v 0.037094 -0.357111 3.385288
v 0.313405 -0.163992 3.313405
v -0.235536 -0.167720 3.440166
v -0.049493 -0.327984 3.397429
v 0.174952 -0.335507 3.357262
v 0.284720 -0.216483 3.318895
v -0.196389 0.143482 3.415295
v 0.429321 0.003919 4.442358
v 0.356187 -0.033102 4.481720
v 0.472749 0.026452 4.405655
v 0.394760 -0.013577 4.460960
v 0.292664 -0.064383 4.494613
v 0.504503 0.060774 4.303891
v 0.169458 -0.080449 4.474419
v 0.073949 -0.122443 4.375823
v 0.465844 0.063451 4.177289
v 0.378085 0.019830 4.096807
v -0.010807 -0.133628 4.228182
v -0.017992 -0.113604 4.114403
v 0.325826 -0.009995 4.058344
v 0.069375 -0.050168 4.055797
v 0.282778 -0.081696 3.998252
v 0.062832 0.007354 3.962733
v 0.296274 -0.158831 3.904315
v 0.055316 0.036302 3.884859
v 0.312478 -0.198633 3.832028
v -0.003515 0.071633 3.820967
v 0.326825 -0.220137 3.745693
v -0.089153 0.120853 3.687929
v 0.334886 -0.219857 3.593128
v 0.323059 -0.217698 3.428287
v -0.177010 0.153091 3.535416
v -0.187891 0.150268 3.481993
v 0.304714 -0.220705 3.358574
v 0.239764 -0.201298 3.230184
v -0.210184 0.144797 3.269917
v 0.168342 -0.181711 3.085505
v -0.208206 0.156804 3.104030
v 0.315674 -0.004870 2.486299
v -0.279490 -0.010352 2.661336
v -0.265690 -0.013456 2.818251
v -0.236221 0.058414 2.963396
v 0.143363 -0.147508 2.955884
v 0.192538 -0.087378 2.862167
v 0.267868 -0.055338 2.714321
v -0.274414 -0.050500 2.575236
v -0.324334 -0.024901 2.526502
v 0.070686 -0.375697 3.802474
v 0.006552 -0.338059 3.526713
v -0.144093 -0.181488 3.740684
v -0.057904 -0.257138 3.855941
v -0.145794 -0.233057 3.587783
v -0.100087 -0.207048 3.823541
v 0.096474 -0.377575 3.553227
v -0.168862 -0.192698 3.656628
v -0.018867 -0.307542 3.852518
v -0.060863 -0.301191 3.530789
v 0.145225 -0.402829 3.638085
v 0.131425 -0.404348 3.735358
v -0.102416 -0.277900 3.541268
v 0.015188 -0.341074 3.838404
v -0.323176 -0.046794 2.528064
v -0.272040 -0.095486 2.578580
v 0.267560 -0.095793 2.712126
v 0.189195 -0.127661 2.861370
v 0.117842 -0.182009 2.956686
v 0.143117 -0.214029 3.087652
v 0.214025 -0.243345 3.235119
v 0.272880 -0.286500 3.369694
v 0.284257 -0.293980 3.430656
v 0.296484 -0.295859 3.594163
v 0.283337 -0.290887 3.747020
v 0.281765 -0.245529 3.833577
v 0.274216 -0.193116 3.905708
v 0.273486 -0.103942 3.999741
v 0.322544 -0.030630 4.062171
v 0.377888 -0.005191 4.101179
v 0.470137 0.033201 4.181700
v 0.512010 0.026391 4.299654
v 0.323580 -0.090966 4.467043
v 0.415605 -0.045245 4.438397
v 0.481809 -0.011258 4.391365
v 0.381239 -0.062641 4.456894
v 0.442112 -0.031825 4.424130
v 0.257840 -0.266903 3.330538
v -0.227404 0.095290 3.416606
v 0.200787 -0.109449 4.458116
v 0.107742 -0.150124 4.367114
v 0.016384 -0.155242 4.221015
v 0.004882 -0.128824 4.108443
v 0.085706 -0.056372 4.041883
v 0.063501 -0.018050 3.957269
v 0.038182 0.005361 3.882731
v -0.037832 0.028537 3.822605
v -0.122530 0.077926 3.689417
v -0.211937 0.109049 3.536684
v -0.221893 0.104352 3.480241
v -0.248056 0.093015 3.274830
v -0.252040 0.102171 3.106548
v 0.314424 -0.027856 2.482159
v -0.279575 -0.073135 2.662460
v -0.270615 -0.088784 2.816920
v -0.257016 -0.017078 2.961723
v -0.701562 -0.533720 1.679315
v -0.672009 -0.219273 1.655222
v -0.650364 -0.350257 1.709364
v -0.667726 -0.221544 1.671271
v -0.633459 -0.372096 1.496818
v -0.654814 -0.414628 1.709553
v -0.661346 -0.239869 1.691242
v -0.646318 -0.437112 1.503612
v -0.668948 -0.225436 1.621300
v -0.672856 -0.483482 1.534695
v -0.653256 -0.252297 1.563816
v -0.702544 -0.539056 1.662873
v -0.695993 -0.518198 1.578610
v -0.638439 -0.306749 1.519124
v -0.667715 -0.473060 1.698038
v -0.689674 -0.514349 1.691697
v -0.654260 -0.288395 1.703895
v -0.702662 -0.541412 1.629494
v 0.000917 0.014369 3.857327
v 0.274855 -0.269939 3.802709
v 0.313300 -0.213471 3.800979
v 0.028601 0.055758 3.856638
v 0.007138 -0.277318 3.866574
v 0.044768 -0.310796 3.853708
v 0.209877 -0.332662 3.797825
v -0.033104 -0.228692 3.862071
v -0.023526 -0.028041 3.857410
v -0.038904 -0.098600 3.855216
v 0.112583 -0.345644 3.818864
v 0.348559 -0.159085 3.799001
v -0.050551 -0.172577 3.852556
v 0.024136 -0.408478 3.797945
v -0.036669 -0.343828 3.852289
v -0.049915 -0.294938 3.583828
v -0.092302 -0.251774 3.606529
v -0.154249 -0.208338 3.779580
v 0.053689 -0.420214 3.632506
v -0.076266 -0.297632 3.861940
v 0.053636 -0.434787 3.723481
v -0.145192 -0.221787 3.661537
v -0.122871 -0.226101 3.629318
v -0.119600 -0.246995 3.846609
v -0.009524 -0.373604 3.834824
v 0.007797 -0.361613 3.580419
v -0.165682 -0.206901 3.705243
v -1.306469 -0.768906 3.261316
v -1.288349 -0.786042 3.215629
v -1.284574 -0.767771 3.209390
v -1.306607 -0.745152 3.250159
v -1.302450 -0.792385 3.241904
v -1.298813 -0.750359 3.224507
v -1.334787 -0.725197 3.283950
v -1.309700 -0.766038 3.266503
v -1.310154 -0.742408 3.255711
v -1.331920 -0.750861 3.300083
v -1.325707 -0.772079 3.288043
v -1.329028 -0.722786 3.261119
v -1.336447 -0.722711 3.287660
v -1.339694 -0.757420 3.321627
v -1.330983 -0.738364 3.337804
v -1.317784 -0.703280 3.338668
v -1.328663 -0.696354 3.306204
v -1.334279 -0.748694 3.303946
v -1.239502 -0.795045 3.205750
v -1.234769 -0.773652 3.198165
v -1.288122 -0.787699 3.208626
v -1.260848 -0.764964 3.198823
v -1.270123 -0.803782 3.211646
v -1.283580 -0.770274 3.203389
v -0.919138 -0.702337 3.404502
v -0.952264 -0.562772 3.377235
v -0.953008 -0.617692 3.461592
v -0.910171 -0.636684 3.323054
v -0.936010 -0.679552 3.448776
v -0.944250 -0.654391 3.462859
v -0.943016 -0.571420 3.353294
v -0.902773 -0.671741 3.336669
v -0.904396 -0.694681 3.362825
v -0.927094 -0.693871 3.426131
v -0.958929 -0.584361 3.445690
v -0.926584 -0.596747 3.331424
v -0.912059 -0.703429 3.384860
v -0.958215 -0.564953 3.410829
v -1.113923 -0.750372 3.336641
v -1.126468 -0.616313 3.322741
v -1.100985 -0.750505 3.311978
v -1.092846 -0.654866 3.274345
v -1.139866 -0.625815 3.383077
v -1.135167 -0.606056 3.349058
v -1.132432 -0.731788 3.381456
v -1.084623 -0.685715 3.263953
v -1.142729 -0.665497 3.399398
v -1.138745 -0.702037 3.394825
v -1.108365 -0.632210 3.297126
v -1.082326 -0.713703 3.269058
v -1.087021 -0.737193 3.287069
v -1.123024 -0.745590 3.358677
v -1.024871 -0.717637 3.359074
v -1.048437 -0.616117 3.347600
v -1.055230 -0.616519 3.373250
v -1.019124 -0.716490 3.341545
v -1.025802 -0.641988 3.307769
v -1.042524 -0.700945 3.394722
v -1.014163 -0.670684 3.298933
v -1.057730 -0.655928 3.407815
v -1.051676 -0.680146 3.405007
v -1.039110 -0.622907 3.326937
v -1.010171 -0.691003 3.303456
v -1.013307 -0.706382 3.321474
v -1.032631 -0.712555 3.377374
v -1.059094 -0.632702 3.399454
v -0.956459 -0.705632 3.386929
v -0.986684 -0.586091 3.366986
v -0.990695 -0.632396 3.439007
v -0.948126 -0.650572 3.315914
v -0.973771 -0.685281 3.426493
v -0.983001 -0.662820 3.438661
v -0.977772 -0.593674 3.345280
v -0.942107 -0.678061 3.325055
v -0.944427 -0.696721 3.347570
v -0.964225 -0.698377 3.406669
v -0.994937 -0.605381 3.427284
v -0.962776 -0.616087 3.324960
v -0.950709 -0.705743 3.368684
v -0.993187 -0.588294 3.397098
v -0.858891 -0.498607 3.449622
v -0.802543 -0.696882 3.431155
v -0.823864 -0.542156 3.349612
v -0.856675 -0.524516 3.497797
v -0.821793 -0.680871 3.481587
v -0.791056 -0.689084 3.406677
v -0.791406 -0.654258 3.370102
v -0.844318 -0.508355 3.375824
v -0.834274 -0.630048 3.531636
v -0.828884 -0.662962 3.512192
v -0.802579 -0.597800 3.343406
v -0.846005 -0.575660 3.525631
v -0.854514 -0.496590 3.406126
v -0.813322 -0.692896 3.454619
v -0.918214 -0.538265 3.426499
v -0.867874 -0.700791 3.403376
v -0.885197 -0.574680 3.338787
v -0.917746 -0.560319 3.466713
v -0.884637 -0.688700 3.448389
v -0.858652 -0.692379 3.380325
v -0.857826 -0.664580 3.350001
v -0.903261 -0.545989 3.362417
v -0.899936 -0.644708 3.490532
v -0.892830 -0.672969 3.474261
v -0.866784 -0.620884 3.331217
v -0.909906 -0.600848 3.487402
v -0.912894 -0.536111 3.388918
v -0.876464 -0.698565 3.424597
v 0.067632 -0.080941 4.075812
v 0.295350 -0.051100 4.047715
v 0.300694 -0.029431 4.043491
v 0.048019 -0.068577 4.083294
v 0.200150 -0.113579 4.057130
v 0.112605 -0.098409 4.062672
v 0.087306 -0.091533 4.068417
v 0.252187 -0.105402 4.052754
v 0.300551 -0.013856 4.042679
v 0.148932 -0.110382 4.062785
v 0.223180 -0.114426 4.055300
v 0.279968 -0.079417 4.050654
v 0.178193 -0.112599 4.059933
v 0.485617 0.334105 3.915967
v 0.525200 0.397308 3.708756
v 0.331932 0.541906 3.845524
v 0.381618 0.449643 3.941854
v 0.437061 0.538005 3.733675
v 0.345012 0.505409 3.912580
v 0.536303 0.339152 3.743487
v 0.359699 0.551778 3.779819
v 0.419026 0.402795 3.943586
v 0.556767 0.605362 3.794145
v 0.611734 0.498612 3.908794
v 0.661363 0.399603 3.869418
v 0.682313 0.395736 3.831028
v 0.666815 0.521838 3.712200
v 0.557073 0.561310 3.885318
v 0.543917 0.593265 3.843866
v 0.693025 0.412371 3.782098
v 0.587901 0.527932 3.906802
v 0.521962 0.466738 3.695446
v 0.531589 0.312159 3.804429
v 0.508894 0.308437 3.870189
v 0.863047 0.486865 3.856376
v 0.845311 0.603304 3.717479
v 0.764125 0.646166 3.915049
v 0.755562 0.676947 3.855901
v 0.868660 0.504261 3.784729
v 0.793421 0.614023 3.940930
v 0.792976 0.674300 3.743055
v 0.851754 0.509795 3.933823
v 0.860011 0.552349 3.734958
v 0.684477 0.459738 3.736994
v 0.645064 0.427870 3.896222
v 0.601954 0.595248 3.738732
v 0.880404 0.642876 3.940657
v 0.880637 0.692603 3.764483
v 0.927040 0.550649 3.936153
v 0.936289 0.588480 3.760297
v 0.857553 0.707023 3.804715
v 0.900537 0.614644 3.942907
v 0.932579 0.529358 3.914847
v 0.942770 0.530934 3.863856
v 0.920018 0.634586 3.743421
v 0.854754 0.485721 3.911534
v 0.822423 0.579111 3.944843
v 0.764452 0.690197 3.789908
v 0.988939 0.705071 3.983540
v 0.998744 0.789597 3.784234
v 1.049878 0.629943 3.966510
v 1.072793 0.695423 3.764639
v 0.965884 0.796657 3.836890
v 1.016640 0.677304 3.982645
v 1.058388 0.612984 3.942690
v 1.075733 0.617003 3.885089
v 1.052803 0.741338 3.750373
v 0.947334 0.545633 3.803761
v 0.848140 0.694950 3.859862
v 0.857553 0.667647 3.914878
v 1.260392 0.897403 3.885582
v 1.306592 0.813006 3.948577
v 1.302897 0.838421 3.867118
v 1.249995 0.903284 3.912872
v 1.285498 0.838562 3.964448
v 1.314131 0.804900 3.929185
v 1.319560 0.801285 3.905688
v 1.287607 0.865054 3.862119
v 1.261606 0.878842 3.954628
v 1.084105 0.645579 3.812428
v 0.953070 0.774144 3.904515
v 0.962001 0.736049 3.962270
v 1.272947 0.858361 3.964829
v 1.316348 0.811819 3.885604
v 1.252543 0.895268 3.935197
v 1.307015 0.949134 3.915321
v 1.355539 0.884878 3.981504
v 1.380581 0.844564 3.938835
v 1.383004 0.843253 3.911974
v 1.348012 0.904319 3.861702
v 1.325177 0.923806 3.969619
v 1.312830 0.940954 3.948739
v 1.378077 0.853891 3.887325
v 1.341005 0.904353 3.983188
v 1.442845 0.949687 4.003997
v 1.478036 0.876445 3.946389
v 1.473664 0.873829 3.914177
v 1.416402 0.946002 3.871894
v 1.397676 1.004645 3.983871
v 1.371307 1.028408 3.945329
v 1.460762 0.885656 3.890966
v 1.421479 0.976365 4.004994
v 1.380028 1.024363 3.861604
v 1.364584 0.877305 3.865808
v 1.375898 0.854472 3.960374
v 1.316401 0.941518 3.881242
v 0.892712 0.689399 3.928822
v 0.886559 0.724239 3.871650
v 1.005274 0.585966 3.805531
v 0.979350 0.679514 3.745760
v 0.994201 0.563548 3.868823
v 0.975626 0.559513 3.923210
v 0.937349 0.634235 3.957044
v 0.903383 0.741693 3.813399
v 0.996699 0.633019 3.761395
v 0.966228 0.577694 3.947278
v 0.933719 0.731894 3.770159
v 0.915772 0.661353 3.955400
v 1.456962 1.148917 3.851623
v 1.521480 0.985432 3.924260
v 1.485482 1.067067 3.944958
v 1.493825 1.061678 4.001865
v 1.507372 1.048996 3.931641
v 1.469063 1.067889 3.971861
v 1.548921 0.921863 3.923197
v 1.516312 1.048937 4.011817
v 1.571495 0.941975 3.985124
v 1.360661 1.033926 3.894609
v 1.436735 0.909490 3.879247
v 1.473063 0.901513 3.979611
v 1.507650 1.171594 3.835252
v 1.468150 1.135904 3.823391
v 1.485748 1.122657 3.844251
v 1.474560 1.135669 3.872482
v 1.419751 1.081067 3.895088
v 1.439300 1.069325 3.865322
v 1.414892 1.072898 3.846809
v 1.395344 1.084641 3.876575
v 1.559811 0.996559 3.933983
v 1.567552 0.953118 3.929410
v 1.583281 1.099779 3.972052
v 1.629073 1.032835 3.927876
v 1.638150 0.996682 3.932801
v 1.552490 1.110438 3.931353
v 1.632649 1.024842 3.970208
v 1.639428 0.976098 3.959079
v 1.558749 0.915680 3.940550
v 1.563890 0.915803 3.964772
v 1.538614 1.018420 4.006141
v 1.536852 0.946068 3.920442
v 1.486783 0.927670 3.901058
v 1.492558 0.983903 4.012053
v 1.527775 0.895287 3.956598
v 1.523014 0.892487 3.927565
v 1.524386 0.924417 3.988261
v 1.469303 1.015053 4.014874
v 1.509492 0.902262 3.906515
v 1.419175 1.056541 3.960750
v 1.453732 1.047066 3.902409
v 1.446779 1.039497 3.997637
v 1.430740 1.059529 3.926977
v 1.467246 0.966737 3.898361
v 1.452791 1.013297 3.890824
v 1.510328 0.957854 4.004869
v 1.563249 0.981386 3.996496
v 1.605595 1.082197 3.929464
v 1.602385 1.068435 3.979679
v 1.539295 1.036405 3.934056
v 1.505268 1.019418 3.924964
v 0.954970 0.606857 3.954866
v 0.960698 0.709748 3.749815
v 1.401208 0.993128 3.862330
v 1.457838 0.928978 3.996663
v 1.333001 0.925695 3.869333
v 1.367310 0.868945 3.972904
v 1.275034 0.882343 3.868182
v 1.297212 0.822937 3.958998
v 1.030618 0.768756 3.757609
v 1.037496 0.652423 3.977872
v 0.839792 0.547785 3.943136
v 0.903668 0.666530 3.746055
v 0.916300 0.585901 3.941830
v 0.824664 0.641858 3.721805
v 0.499903 0.507460 3.702116
v 0.647487 0.569002 3.707263
v 0.630188 0.467333 3.906598
v 0.450189 0.367451 3.936691
v 1.590587 1.146588 3.967592
v 1.659778 1.072771 3.924271
v 1.626622 0.978290 3.924090
v 1.644327 0.996152 3.948021
v 1.616681 0.953493 3.929039
v 1.623310 0.951832 3.948808
v 1.658669 0.974083 3.935306
v 1.619518 1.135639 3.956958
v 1.615906 1.046890 3.937943
v 1.635803 1.014067 3.934170
v 1.639241 1.011090 3.952875
v 1.616043 1.041874 3.961571
v 1.631344 1.117894 3.931599
v 1.659903 1.069523 3.944913
v 1.589224 1.084493 3.970868
v 1.607603 1.060924 3.940515
v 1.607846 1.054506 3.963866
v 1.592676 1.091837 3.944003
v 1.671850 1.016468 3.920560
v 1.645030 1.109551 3.918658
v 1.531250 1.113288 3.952777
v 1.552124 1.111186 3.981489
v 1.576520 1.105973 3.988124
v 1.580125 1.102142 3.943993
v 1.686451 1.157063 3.903969
v 1.697628 1.005924 3.899438
v 1.657078 1.175223 3.911798
v 1.729484 1.081024 3.897654
v 1.696173 1.148070 3.894382
v 1.636265 1.181052 3.903197
v 1.716220 1.021893 3.927223
v 1.714085 1.105667 3.902765
v 1.676241 1.044542 3.920867
v 1.629689 1.111098 3.955244
v 1.613124 1.141447 3.971977
v 1.677379 1.015550 3.934356
v 1.679664 1.041910 3.938235
v 1.644176 1.097565 3.963953
v 1.673195 0.995764 3.944618
v 1.587347 1.139844 3.920464
v 1.670991 1.060436 3.915128
v 1.649333 1.086424 3.949050
v 1.611204 1.133659 3.932047
v 1.652685 0.976364 3.917027
v 1.648532 1.091614 3.927399
v 1.573124 1.146964 3.940989
v 1.661681 0.998963 3.912544
v 1.674539 1.054556 3.953138
v 1.729360 1.038841 3.893625
v 1.736235 1.037369 3.908628
v 1.757878 1.116136 3.886138
v 1.767289 1.117025 3.901704
v 1.743367 1.174381 3.897270
v 1.734044 1.174556 3.881255
v 1.672874 1.210871 3.901780
v 1.685186 1.213529 3.921471
v 1.737011 1.080576 3.913796
v 1.625796 1.190958 3.919638
v 1.704022 1.025721 3.896338
v 1.721417 1.093557 3.894619
v 1.713187 1.041960 3.904622
v 1.691145 1.154949 3.922719
v 1.666373 1.179090 3.932270
v 1.703127 1.002910 3.917547
v 1.707564 1.143505 3.932044
v 1.734253 1.092780 3.927798
v 1.641093 1.191690 3.943139
v 1.710880 1.132655 3.917336
v 1.719394 1.105338 3.919803
v 1.660858 1.185651 3.947170
v 1.719885 1.041146 3.917397
v 1.704183 1.135107 3.898426
v 0.560085 0.424752 3.927477
v 0.591605 0.544701 3.707526
v 0.534364 0.571036 3.741958
v 0.578976 0.384857 3.909675
v 0.607834 0.426879 3.740566
v 0.510276 0.495776 3.928655
v 0.616290 0.375356 3.780501
v 0.456636 0.571156 3.844480
v 0.475128 0.540851 3.897941
v 0.607930 0.497772 3.714709
v 0.610792 0.358376 3.829033
v 0.591565 0.357885 3.871351
v 0.538501 0.459426 3.930813
v 0.473534 0.578404 3.793741
v 0.714026 0.602785 3.707344
v 0.706631 0.495723 3.921982
v 0.639431 0.652719 3.781555
v 0.687161 0.529193 3.924409
v 0.742699 0.432115 3.892500
v 0.765376 0.499402 3.719542
v 0.725219 0.458952 3.912388
v 0.676334 0.636740 3.732030
v 0.657769 0.564370 3.920662
v 0.777271 0.450474 3.769823
v 0.623754 0.637374 3.845984
v 0.628889 0.600324 3.899288
v 0.740392 0.556369 3.701697
v 0.764718 0.429682 3.840162
v 0.386350 0.335774 3.912409
v 0.392898 0.477247 3.684389
v 0.457752 0.280433 3.838634
v 0.479805 0.287146 3.756913
v 0.421507 0.440102 3.670954
v 0.354904 0.362849 3.920974
v 0.258345 0.507531 3.764168
v 0.472191 0.323235 3.701144
v 0.268104 0.455246 3.896223
v 0.332783 0.501178 3.716318
v 0.311090 0.407225 3.919904
v 0.244447 0.489779 3.831737
v 0.447646 0.381680 3.675267
v 0.424442 0.304755 3.892647
v -0.325375 0.016952 2.524358
v 0.296801 0.119443 2.413430
v -0.276626 0.023140 2.572893
v 0.164448 0.157772 2.216575
v 0.268182 0.027802 2.716557
v 0.180138 0.064390 2.219085
v 0.209782 0.004785 2.862464
v -0.232608 0.230495 2.665097
v 0.171936 0.299698 2.296772
v -0.037928 0.064828 2.151464
v 0.013210 0.028851 2.167932
v 0.249929 0.295363 2.624316
v 0.268373 0.234640 2.386483
v 0.074643 0.077713 2.157507
v 0.136417 0.360670 2.382513
v 0.036527 0.313948 2.189692
v -0.156549 0.086884 2.092937
v -0.133167 0.363140 2.612670
v 0.221697 0.335877 2.475775
v -0.006289 0.129210 2.121364
v 0.072056 0.215119 2.167646
v -0.542163 0.215089 2.322438
v -0.333966 0.089512 2.034117
v -0.327001 0.359831 2.481728
v 0.006383 0.386274 2.234871
v -0.119524 0.168193 2.050368
v -0.305807 0.221195 2.524362
v -0.402074 0.164921 2.442373
v -0.215673 0.296557 2.592798
v -0.054367 0.238665 2.080017
v -0.228072 0.417040 2.490960
v 0.009730 0.427557 2.326518
v -0.171810 0.259820 1.982921
v -0.076028 0.463269 2.400967
v 0.044000 0.402598 2.589435
v -0.322920 0.041014 2.260731
v -0.045381 0.345103 2.820745
v 0.174075 0.290949 2.856158
v 0.162252 0.331161 2.764821
v 0.145399 0.376458 2.553885
v -0.236125 0.194676 1.962620
v -0.138325 0.458643 2.447179
v -0.441703 0.291164 2.412652
v -0.527894 0.112471 2.210576
v -0.195644 0.042907 2.150755
v -0.416226 0.054082 2.348414
v -0.076627 0.326927 2.092988
v -0.285985 0.125051 1.994621
v -0.443555 0.086707 2.132220
v -0.032189 0.398252 2.596187
v -0.223120 0.270909 2.806017
v -0.633194 0.259140 2.195832
v -0.494314 0.416490 2.281166
v -0.324988 0.515722 2.231354
v -0.200738 0.487108 2.104698
v -0.196247 0.428888 2.029691
v -0.407253 0.476231 2.272536
v -0.273570 0.519265 2.185134
v -0.292749 0.293655 1.880830
v -0.516857 0.112957 2.018302
v -0.333968 0.222466 1.872442
v -0.380808 0.150325 1.901314
v -0.576872 0.346684 2.255701
v -0.591555 0.139185 2.091271
v -0.243380 0.357753 1.944133
v -0.423604 0.115965 1.934463
v -0.503553 0.539025 1.936838
v -0.445076 0.323655 1.766906
v -0.623299 0.159199 1.874361
v -0.473773 0.253004 1.765628
v -0.515212 0.190143 1.783921
v -0.708219 0.386704 2.043335
v -0.684846 0.184032 1.938183
v -0.428020 0.392526 1.788193
v -0.550270 0.162889 1.808512
v -0.731857 0.307278 2.025991
v -0.658896 0.449631 2.037061
v -0.542486 0.536911 1.974256
v -0.438487 0.514664 1.876677
v -0.420110 0.463064 1.828050
v -0.598767 0.502796 2.013931
v -0.588552 0.498367 1.747363
v -0.572987 0.461756 1.711662
v -0.807689 0.341559 1.899294
v -0.583129 0.345028 1.676108
v -0.719729 0.488274 1.873418
v -0.646093 0.516689 1.797724
v -0.600074 0.283641 1.682072
v -0.710823 0.210314 1.783424
v -0.625722 0.233798 1.700534
v -0.793735 0.404815 1.905198
v -0.762322 0.230750 1.838127
v -0.794643 0.279919 1.877197
v -0.651711 0.213146 1.723893
v 0.269413 0.079452 2.948332
v 0.277748 0.171482 2.950396
v 0.192055 -0.077126 2.953967
v -0.127022 0.295059 2.955148
v 0.112877 0.324643 2.851882
v -0.154096 0.317807 2.804345
v 0.076031 0.311221 2.957198
v -0.042017 0.320583 2.955390
v 0.233289 0.228588 2.954903
v -0.168457 0.246681 2.958978
v -0.577141 0.407166 1.686510
v -0.761238 0.451560 1.896059
v -0.677323 0.515330 1.831871
v -0.722153 0.235330 1.990944
v -0.634848 0.185615 2.143139
v -0.254002 0.200376 2.815614
v -0.569119 0.156160 2.259492
v -0.449445 0.103604 2.394600
v -0.261672 0.166464 2.671182
v 0.216125 0.192446 2.857097
v 0.260776 0.195458 2.691865
v -0.259151 0.156590 2.578775
v 0.312206 0.064090 2.476095
v -0.323169 0.096801 2.508165
v -0.075609 0.310431 3.087433
v -0.005999 0.345483 3.079431
v 0.166039 0.297165 3.072469
v 0.302267 0.038238 3.069145
v 0.262439 0.208945 3.067418
v 0.073588 0.340538 3.075049
v 0.219421 -0.115300 3.080618
v 0.302125 0.148179 3.066019
v 0.336002 0.188170 3.195591
v -0.026357 0.339651 3.234020
v 0.167463 0.314280 3.211552
v 0.361982 0.068346 3.197653
v 0.283335 0.248999 3.199484
v -0.098767 0.292246 3.247197
v 0.067327 0.353939 3.221825
v 0.292858 -0.115026 3.219596
v 0.461274 0.124757 3.378077
v 0.324665 0.353494 3.405804
v 0.108100 0.427557 3.465489
v 0.357515 -0.118999 3.349528
v 0.401006 0.292409 3.416592
v -0.031277 0.369461 3.412935
v -0.110438 0.294413 3.445005
v 0.208002 0.416899 3.484295
v -0.013365 0.372219 3.485989
v -0.097447 0.297322 3.510689
v 0.488060 0.102753 3.461358
v 0.112019 0.429795 3.538651
v 0.368924 -0.127129 3.423885
v 0.497672 0.077489 3.616182
v 0.139940 0.387455 3.694817
v 0.381739 -0.130270 3.591561
v 0.074306 0.323695 3.668330
v -0.003748 0.258840 3.679802
v 0.471386 0.089851 3.750417
v 0.184121 0.330680 3.814182
v 0.387837 -0.116698 3.742618
v 0.133697 0.270374 3.809806
v 0.081767 0.212022 3.813025
v 0.241200 0.224807 3.870547
v 0.375190 -0.100908 3.828188
v 0.401554 0.126014 3.853059
v 0.185706 0.185722 3.865636
v 0.125529 0.139341 3.874117
v 0.279243 0.223089 3.882460
v 0.440478 0.054796 3.827844
v 0.353379 0.173618 3.876197
v 0.248366 0.133668 3.930772
v 0.343845 -0.084595 3.899916
v 0.369907 0.061140 3.908210
v 0.119418 0.083399 3.947513
v 0.178589 0.117535 3.936560
v 0.329502 0.093311 3.919907
v 0.278324 0.124492 3.930405
v 0.397008 0.019715 3.898146
v 0.421674 0.599040 1.092655
v -0.674000 0.505683 1.677562
v -0.650456 0.468710 1.665618
v -0.800233 0.502715 1.699015
v -0.730269 0.525351 1.687068
v -0.762512 0.235530 1.666818
v -0.679424 0.252881 1.649716
v -0.844620 0.424691 1.673310
v -0.847671 0.364546 1.665027
v -0.810308 0.257506 1.673176
v -0.837225 0.305587 1.670020
v -0.643499 0.415030 1.656852
v -0.704551 0.234908 1.655045
v -0.643825 0.355781 1.650199
v -0.829278 0.468825 1.690259
v -0.761017 0.525989 1.692790
v -0.655721 0.298488 1.647944
v -0.597880 0.595729 1.646966
v -0.571019 0.304579 1.830623
v -0.617260 0.564586 1.773350
v -0.608542 0.517075 1.819136
v -0.522246 0.325700 1.518685
v -0.588116 0.569015 1.580201
v -0.603986 0.593018 1.697757
v -0.531081 0.263041 1.572179
v -0.565627 0.529068 1.531747
v -0.546783 0.232132 1.651983
v -0.540320 0.475709 1.500368
v -0.563307 0.248740 1.787271
v -0.591406 0.449837 1.848879
v -0.521613 0.400895 1.493430
v -0.558953 0.227654 1.744587
v -0.579719 0.375765 1.852368
v -0.341435 0.306745 1.762550
v -0.367161 0.548521 1.539504
v -0.389084 0.605910 1.656153
v -0.349400 0.371230 1.847428
v -0.387430 0.545520 1.842874
v -0.398681 0.583718 1.795270
v -0.356358 0.429797 1.869124
v -0.390133 0.604787 1.709560
v -0.334207 0.442228 1.501626
v -0.383640 0.582657 1.588765
v -0.336954 0.308286 1.664062
v -0.368139 0.490486 1.867580
v -0.343905 0.324812 1.805475
v -0.348243 0.503744 1.508146
v -0.331590 0.381487 1.526926
v -0.332662 0.331628 1.580767
v -0.034791 0.505343 1.780723
v -0.049650 0.422020 1.694747
v -0.114078 0.598888 1.556635
v -0.103368 0.615999 1.612356
v -0.035822 0.466427 1.763168
v -0.088751 0.463982 1.498295
v -0.083514 0.605706 1.729008
v -0.079785 0.433050 1.544014
v -0.064596 0.581502 1.765119
v -0.092791 0.616696 1.656167
v -0.102396 0.543700 1.483568
v -0.110927 0.574573 1.512911
v -0.066322 0.420255 1.613749
v -0.041941 0.434960 1.729400
v -0.043287 0.545330 1.781087
v -0.093959 0.502883 1.476442
v 0.295594 0.553999 1.708658
v 0.268065 0.468001 1.620497
v 0.208678 0.551575 1.408978
v 0.198607 0.650592 1.488717
v 0.215502 0.668239 1.542337
v 0.290639 0.513828 1.689156
v 0.213780 0.511402 1.430194
v 0.288856 0.595268 1.709441
v 0.244970 0.657560 1.656116
v 0.202362 0.593695 1.416363
v 0.229916 0.668946 1.584513
v 0.224787 0.479446 1.474393
v 0.243920 0.466208 1.541955
v 0.279481 0.481352 1.653961
v 0.197230 0.625529 1.445657
v 0.266951 0.632582 1.692867
v 0.495524 0.478561 1.393129
v 0.435045 0.524372 1.290391
v 0.549956 0.503092 1.592475
v 0.440595 0.637535 1.270292
v 0.460232 0.481979 1.316313
v 0.535710 0.492150 1.538352
v 0.557396 0.579840 1.685960
v 0.441055 0.680441 1.302841
v 0.486954 0.713383 1.396946
v 0.439073 0.580072 1.264595
v 0.555721 0.535381 1.650610
v 0.508012 0.694453 1.592844
v 0.527603 0.666809 1.654387
v 0.548002 0.625513 1.686977
v 0.464108 0.705551 1.324811
v 0.490970 0.707054 1.489365
v 0.569362 0.728565 1.094601
v 0.625498 0.684400 1.599166
v 0.595845 0.703816 1.296751
v 0.644722 0.584651 1.468821
v 0.630620 0.530839 1.448524
v 0.631288 0.633422 1.466524
v 0.651768 0.634343 1.627910
v 0.663279 0.536380 1.596525
v 0.663642 0.585877 1.624967
v 0.615546 0.690240 1.512058
v 0.485356 0.476265 1.071490
v 0.611691 0.578803 1.311485
v 0.596392 0.513943 1.301936
v 0.607785 0.639114 1.302864
v 0.558629 0.665101 1.068843
v 0.213325 0.073185 4.013270
v 0.302732 0.025959 3.997431
v 0.249685 0.064612 4.007510
v 0.182988 0.076405 4.018392
v 0.297441 -0.040622 3.996407
v 0.278980 0.051200 4.001654
v 0.107992 0.035704 4.032033
v 0.141633 0.063368 4.024033
v 0.346323 0.530488 0.974336
v 0.437635 0.685395 1.015682
v 0.364979 0.608395 0.986057
v 0.504646 0.740003 1.049991
v 0.545751 0.743181 1.129977
v 0.438650 0.527596 1.095970
v 0.538966 0.590818 1.048807
v 0.519128 0.511946 1.041503
v 0.505255 0.726306 1.130127
v 0.461909 0.673171 1.101553
v 0.139005 0.074369 4.093226
v 0.283338 0.060725 4.068547
v 0.199172 0.086866 4.078192
v 0.098879 0.062843 4.100431
v 0.323346 0.013701 4.057322
v 0.241732 0.080115 4.073459
v -0.002619 -0.022894 4.103754
v 0.040742 0.025246 4.100841
v 0.036704 0.031957 4.197958
v 0.140582 0.094905 4.167917
v 0.316061 0.100950 4.113414
v -0.006918 -0.025648 4.214790
v 0.097891 0.077821 4.181625
v 0.371691 0.047963 4.095776
v 0.260953 0.118384 4.127794
v 0.208413 0.119570 4.141358
v 0.267546 0.173777 4.244110
v 0.157376 0.119263 4.298160
v 0.452244 0.100329 4.176888
v 0.322665 0.178338 4.221821
v 0.063233 0.006250 4.359064
v 0.100233 0.068499 4.329924
v 0.200108 0.140949 4.278363
v 0.383405 0.163188 4.198594
v 0.153006 0.047390 4.442682
v 0.219853 0.138653 4.385100
v 0.481220 0.116804 4.307446
v 0.357161 0.196614 4.319426
v 0.178430 0.100154 4.411913
v 0.313255 0.185919 4.338999
v 0.254285 0.156219 4.369328
v 0.407019 0.191981 4.306027
v 0.245927 -0.000204 4.516723
v 0.351240 0.052395 4.477478
v 0.441554 0.098708 4.414261
v 0.308384 0.030701 4.500544
v 0.279931 0.140865 4.429272
v 0.367961 0.185562 4.378155
v 0.307960 0.155073 4.413754
v 0.239911 0.121053 4.439538
v 0.332614 0.167504 4.401535
v 0.394003 0.074042 4.454462
v 0.282437 0.170528 4.353389
v 0.232785 0.156977 4.260364
v 0.173537 0.107120 4.153759
v 0.168963 0.080739 4.084909
v 0.231919 0.069318 4.009995
v 0.603806 0.691069 1.452752
v 0.646867 0.633422 1.524731
v 0.652525 0.532211 1.510013
v 0.659197 0.584774 1.522338
v 0.496709 0.705488 1.535501
v 0.516114 0.489464 1.487978
v 0.235475 0.667531 1.616369
v 0.257654 0.465248 1.593781
v -0.089851 0.615345 1.688513
v -0.057387 0.419348 1.666948
v -0.395088 0.600759 1.747556
v -0.341681 0.303965 1.727859
v -0.557543 0.225041 1.710829
v -0.611943 0.586877 1.731370
v -0.724405 0.231923 1.660141
v -0.705810 0.521824 1.684788
v 0.302155 0.112066 3.925945
v 0.317971 0.202110 3.884685
v 0.270582 0.382594 3.414271
v 0.240803 0.278279 3.203331
v 0.228752 0.250138 3.068952
v 0.186548 0.268669 2.955480
v 0.053451 0.341915 2.837209
v -0.670558 0.208578 1.745167
v -0.619296 0.513970 1.776641
v -0.574951 0.156624 1.831836
v -0.472978 0.534797 1.912256
v -0.455776 0.108458 1.963591
v -0.238205 0.512179 2.154218
v -0.245449 0.039121 2.192831
v 0.093208 0.393905 2.592209
v -0.036482 0.454017 2.370975
v -0.372771 0.081816 2.068748
v 0.262415 0.340320 3.330203
v 0.188544 0.371985 3.367719
v -0.110326 0.280745 3.384919
v -0.035233 0.346610 3.359538
v 0.382623 0.250244 3.318953
v 0.343838 -0.111403 3.307161
v 0.083999 0.393224 3.370350
v 0.314380 0.316653 3.324392
v 0.426270 0.103447 3.307527
v 0.375107 -0.060421 3.300256
v -0.167529 0.192659 3.409658
v 0.377934 0.110046 4.446696
v 0.304799 0.073025 4.486058
v 0.421365 0.132572 4.409993
v 0.343372 0.092551 4.465298
v 0.241280 0.041736 4.498950
v 0.464704 0.142969 4.307251
v 0.151578 -0.043523 4.475927
v 0.056244 -0.085877 4.377317
v 0.440165 0.116883 4.179632
v 0.363338 0.061040 4.097746
v -0.023311 -0.103702 4.229379
v -0.026711 -0.087946 4.115255
v 0.318005 0.025295 4.058424
v 0.068070 -0.013044 4.052340
v 0.300248 -0.018962 3.996783
v 0.073732 0.037454 3.961947
v 0.364695 -0.048349 3.899496
v 0.075224 0.070813 3.883400
v 0.405609 -0.052082 3.825866
v 0.026389 0.118691 3.818989
v 0.427873 -0.061126 3.739007
v -0.059604 0.167352 3.685974
v 0.425249 -0.077661 3.587149
v 0.411595 -0.073228 3.417512
v -0.148000 0.201520 3.530966
v -0.159222 0.198999 3.476863
v 0.396172 -0.065060 3.342046
v 0.318102 -0.071315 3.213564
v -0.182192 0.188390 3.263645
v 0.243789 -0.081634 3.077593
v -0.182795 0.190996 3.101272
v 0.315561 0.018532 2.486053
v -0.279490 0.024014 2.661336
v -0.265259 0.028027 2.818251
v -0.222071 0.108333 2.964822
v 0.214496 -0.043188 2.952411
v 0.216061 0.049901 2.861912
v 0.267868 0.069000 2.714321
v -0.274563 0.064162 2.574476
v -0.323645 0.038563 2.523725
v 0.403262 0.225200 3.839448
v 0.410547 0.319465 3.507332
v 0.184669 0.402576 3.744156
v 0.273476 0.335690 3.870791
v 0.234258 0.431084 3.559904
v 0.220364 0.364268 3.832431
v 0.473859 0.230370 3.560078
v 0.184225 0.432827 3.642372
v 0.323136 0.306273 3.875951
v 0.344019 0.375695 3.498285
v 0.488405 0.173156 3.666514
v 0.459643 0.176833 3.772927
v 0.296286 0.405369 3.506173
v 0.357468 0.276045 3.869154
v -0.322021 0.060456 2.523399
v -0.272121 0.109148 2.578169
v 0.267560 0.109455 2.712126
v 0.221782 0.095224 2.861370
v 0.236724 -0.008044 2.950917
v 0.267573 -0.048386 3.074546
v 0.342652 -0.027861 3.207181
v 0.439785 -0.003878 3.340429
v 0.462500 -0.004784 3.410394
v 0.477674 -0.010736 3.582174
v 0.465358 0.007535 3.738836
v 0.433075 -0.005066 3.824151
v 0.386961 -0.015263 3.898191
v 0.304744 0.002194 3.997179
v 0.306889 0.041743 4.062380
v 0.347765 0.079729 4.103064
v 0.420458 0.139626 4.185484
v 0.442291 0.170377 4.305539
v 0.238759 0.084208 4.474203
v 0.330777 0.129944 4.445558
v 0.396987 0.163917 4.398524
v 0.296412 0.112546 4.464054
v 0.357286 0.143360 4.431290
v 0.406593 -0.009868 3.300040
v -0.141856 0.241627 3.399514
v 0.147781 0.000019 4.462590
v 0.055253 -0.041722 4.371545
v -0.020257 -0.066983 4.224714
v -0.019171 -0.056426 4.111284
v 0.086753 0.013968 4.042238
v 0.094918 0.062099 3.955176
v 0.099732 0.106955 3.878461
v 0.050821 0.168043 3.816740
v -0.034931 0.215774 3.683621
v -0.126273 0.252526 3.523273
v -0.136819 0.249160 3.464857
v -0.149834 0.243818 3.256222
v -0.144074 0.248291 3.095135
v 0.314097 0.041518 2.481464
v -0.275284 0.086797 2.667471
v -0.267476 0.106409 2.816920
v -0.207915 0.170113 2.962585
v -0.701086 0.547383 1.677305
v -0.670902 0.232937 1.654149
v -0.651438 0.363920 1.715803
v -0.666286 0.235208 1.671651
v -0.642970 0.385759 1.498187
v -0.656691 0.428292 1.717061
v -0.660449 0.253532 1.692503
v -0.662285 0.450776 1.507986
v -0.668350 0.239099 1.619408
v -0.685981 0.497146 1.538129
v -0.655116 0.265960 1.561986
v -0.703224 0.552720 1.659510
v -0.704311 0.531861 1.579545
v -0.646452 0.320412 1.519337
v -0.670026 0.486723 1.705308
v -0.689538 0.528012 1.691553
v -0.654287 0.302058 1.708496
v -0.705695 0.555076 1.627215
v 0.081436 0.141074 3.852000
v 0.446606 0.009303 3.793912
v 0.418194 -0.048408 3.794039
v 0.055762 0.098498 3.854841
v 0.312964 0.271679 3.877480
v 0.350071 0.240813 3.869237
v 0.448360 0.087930 3.800528
v 0.262212 0.298614 3.867857
v 0.109388 0.181115 3.848616
v 0.158865 0.235774 3.845437
v 0.401431 0.181228 3.837407
v 0.383942 -0.103407 3.796660
v 0.211289 0.291498 3.850671
v 0.407454 0.268264 3.862135
v 0.339104 0.328415 3.893236
v 0.416591 0.354644 3.607325
v 0.363492 0.408366 3.613325
v 0.211929 0.437489 3.792644
v 0.480896 0.246020 3.705446
v 0.294739 0.365148 3.891399
v 0.453193 0.241304 3.800549
v 0.267070 0.460469 3.656543
v 0.322975 0.443960 3.629012
v 0.245419 0.404170 3.865985
v 0.368873 0.301602 3.885340
v 0.468342 0.289517 3.629379
v 0.213375 0.456338 3.705169
v 1.577034 1.020773 3.973011
v 1.607768 0.981723 3.960665
v 1.601808 0.983646 3.941676
v 1.574211 1.026311 3.947030
v 1.599521 1.000681 3.981569
v 1.590738 1.008141 3.936598
v 1.556180 1.070377 3.951226
v 1.573760 1.026551 3.973733
v 1.570904 1.032437 3.948082
v 1.554828 1.063669 3.981340
v 1.569803 1.045436 3.991916
v 1.568299 1.058029 3.936152
v 1.553284 1.074146 3.951327
v 1.546628 1.075527 3.999320
v 1.521561 1.082074 3.991682
v 1.497677 1.085648 3.961857
v 1.523678 1.085299 3.938976
v 1.552350 1.067947 3.981848
v 1.592404 0.933922 3.958948
v 1.585455 0.935809 3.936536
v 1.613422 0.978242 3.958161
v 1.595186 0.961169 3.931661
v 1.608842 0.957962 3.971863
v 1.606714 0.979562 3.940372
v 1.233697 0.779914 3.966404
v 1.206882 0.854044 3.837690
v 1.172104 0.863999 3.930279
v 1.256810 0.768704 3.865618
v 1.200579 0.819903 3.973435
v 1.183346 0.842288 3.960917
v 1.222978 0.833886 3.830884
v 1.259234 0.753328 3.901703
v 1.252012 0.755104 3.935520
v 1.218601 0.798123 3.972059
v 1.171387 0.876470 3.894125
v 1.241349 0.801753 3.838469
v 1.244433 0.766188 3.955757
v 1.187052 0.870684 3.858580
v 1.409830 0.896990 3.984297
v 1.365145 0.956370 3.865695
v 1.420523 0.876982 3.969779
v 1.399208 0.894807 3.868530
v 1.333560 0.986226 3.908003
v 1.346318 0.977579 3.872348
v 1.379267 0.936621 3.994981
v 1.416325 0.871633 3.887899
v 1.341618 0.978670 3.950363
v 1.359481 0.958885 3.978026
v 1.380940 0.925354 3.863409
v 1.424252 0.860328 3.913902
v 1.424671 0.861467 3.943824
v 1.396800 0.914716 3.993186
v 1.330307 0.844863 3.962494
v 1.304798 0.901126 3.873242
v 1.290300 0.916198 3.888277
v 1.339215 0.834000 3.951406
v 1.332887 0.856999 3.871075
v 1.306720 0.879581 3.969625
v 1.346044 0.832448 3.889243
v 1.284965 0.915284 3.940463
v 1.294788 0.899428 3.958658
v 1.317643 0.882916 3.866770
v 1.349948 0.822621 3.908394
v 1.345796 0.825751 3.931428
v 1.319092 0.860194 3.968963
v 1.281047 0.922672 3.916563
v 1.267939 0.803108 3.962411
v 1.243624 0.869300 3.854128
v 1.215470 0.880857 3.932930
v 1.288908 0.791948 3.876392
v 1.239594 0.840636 3.968796
v 1.225537 0.861995 3.957527
v 1.257820 0.850689 3.847723
v 1.291756 0.779182 3.903851
v 1.285501 0.781949 3.932105
v 1.254666 0.819924 3.967957
v 1.213766 0.890926 3.904232
v 1.274530 0.821522 3.853914
v 1.277944 0.791428 3.951886
v 1.226591 0.885089 3.873137
v 1.074857 0.829809 3.817273
v 1.149343 0.694567 3.966740
v 1.147195 0.745658 3.794641
v 1.051133 0.835450 3.865446
v 1.116261 0.736261 3.983705
v 1.156981 0.678926 3.945212
v 1.166948 0.679964 3.895605
v 1.124107 0.786205 3.783103
v 1.063622 0.786368 3.970540
v 1.089871 0.761072 3.986601
v 1.165729 0.702746 3.835042
v 1.049047 0.816165 3.922755
v 1.102621 0.810753 3.791044
v 1.136531 0.714098 3.977735
v 1.141843 0.854214 3.841936
v 1.206116 0.737329 3.960182
v 1.203410 0.779149 3.820808
v 1.122931 0.859941 3.882569
v 1.177363 0.773196 3.976752
v 1.213719 0.724408 3.939426
v 1.222047 0.723767 3.899245
v 1.183138 0.814673 3.811630
v 1.135103 0.819755 3.964795
v 1.155970 0.796197 3.978741
v 1.220109 0.742126 3.853297
v 1.122518 0.844725 3.927247
v 1.164870 0.836600 3.818894
v 1.194544 0.753394 3.970970
v 0.055015 -0.013848 4.078831
v 0.288536 0.027837 4.045208
v 0.295925 0.011670 4.042755
v 0.042421 -0.043284 4.084396
v 0.198357 0.073216 4.058469
v 0.101231 0.042323 4.068801
v 0.071421 0.010751 4.072176
v 0.248619 0.067297 4.051277
v 0.299016 -0.001838 4.042546
v 0.144950 0.067301 4.065968
v 0.220566 0.074743 4.055482
v 0.274959 0.045633 4.048404
v 0.176151 0.071751 4.062294
v -0.092369 -0.489155 3.646628
v -0.253206 -0.277265 3.642462
v -0.221548 -0.307880 3.835059
v -0.121168 -0.445372 3.583412
v -0.241212 -0.255534 3.722688
v -0.157493 -0.431017 3.824275
v -0.295212 -0.300570 3.595962
v -0.209330 -0.382938 3.556952
v -0.292802 -0.281466 3.664404
v -0.378008 -0.315879 3.649336
v -0.275200 -0.274421 3.737554
v -0.230908 -0.520488 3.692545
v -0.172836 -0.443650 3.558768
v -0.155830 -0.492959 3.598889
v -0.279166 -0.532395 3.613452
v -0.275860 -0.524414 3.573692
v -0.334621 -0.303481 3.603478
v -0.339918 -0.388134 3.515427
v -0.299641 -0.355440 3.771603
v -0.266147 -0.303275 3.790403
v -0.143888 -0.517885 3.654703
v -0.372600 -0.341252 3.699451
v -0.223982 -0.430313 3.548147
v -0.285348 -0.500987 3.533413
v -0.268559 -0.469827 3.748456
v -0.347737 -0.438491 3.718376
v -0.249958 -0.368311 3.818973
v -0.197230 -0.474043 3.778167
v -0.159995 -0.521234 3.703871
v -0.220374 -0.433420 3.807397
v -0.410184 -0.330064 3.539028
v -0.356529 -0.420374 3.479365
v -0.416977 -0.315638 3.593676
v -0.463982 -0.597125 3.514095
v -0.413716 -0.325194 3.659631
v -0.434793 -0.408404 3.698940
v -0.331749 -0.484240 3.488140
v -0.314183 -0.531627 3.533533
v -0.561509 -0.397977 3.601867
v -0.466692 -0.548509 3.458909
v -0.411854 -0.502217 3.672419
v -0.541124 -0.513127 3.646244
v -0.458460 -0.323086 3.606289
v -0.399763 -0.365650 3.704574
v -0.307134 -0.548603 3.584487
v -0.556055 -0.374258 3.494820
v -0.358397 -0.567589 3.584686
v -0.501827 -0.604561 3.570289
v -0.414304 -0.393573 3.467591
v -0.480849 -0.489118 3.430612
v -0.378123 -0.419740 3.719186
v -0.353377 -0.493031 3.678093
v -0.318353 -0.537242 3.622286
v -0.365635 -0.462934 3.702847
v -0.590187 -0.412998 3.457111
v -0.544341 -0.478722 3.416533
v -0.601852 -0.400330 3.498642
v -0.616950 -0.499180 3.587488
v -0.606951 -0.411507 3.551033
v -0.614135 -0.550335 3.595786
v -0.519892 -0.538635 3.427334
v -0.513658 -0.591132 3.470719
v -0.560281 -0.524324 3.410406
v -0.630902 -0.445510 3.556478
v -0.629931 -0.422508 3.512738
v -0.576610 -0.623387 3.534472
v -0.606639 -0.581784 3.577496
v -0.600584 -0.456823 3.593881
v -0.515555 -0.624729 3.511765
v -0.550941 -0.635503 3.509910
v -0.548145 -0.575738 3.432518
v -0.545641 -0.617324 3.480342
v -0.624249 -0.422182 3.466979
v -0.589452 -0.467397 3.416736
v -0.590344 -0.514693 3.616549
v -0.573350 -0.587764 3.582447
v -0.534986 -0.626726 3.535993
v -0.584877 -0.558406 3.607031
v -0.644523 -0.438413 3.448324
v -0.602910 -0.501125 3.403891
v -0.652987 -0.429905 3.483853
v -0.660859 -0.518995 3.582724
v -0.653501 -0.440267 3.528594
v -0.731453 -0.617609 3.574324
v -0.580550 -0.557794 3.407735
v -0.571954 -0.602866 3.444312
v -0.720857 -0.536635 3.360091
v -0.684581 -0.463993 3.551534
v -0.777369 -0.462724 3.497208
v -0.617774 -0.641060 3.522045
v -0.723910 -0.647420 3.544788
v -0.642429 -0.477143 3.565475
v -0.569172 -0.633570 3.487289
v -0.689049 -0.674159 3.467149
v -0.608508 -0.583779 3.410280
v -0.683528 -0.657319 3.432585
v -0.692418 -0.434006 3.454231
v -0.754745 -0.481355 3.374157
v -0.631442 -0.533673 3.585265
v -0.618540 -0.598141 3.558702
v -0.583228 -0.635754 3.514677
v -0.628786 -0.575437 3.579846
v -0.815619 -0.472875 3.415173
v -0.782133 -0.522326 3.356752
v -0.819491 -0.474146 3.461591
v -0.985673 -0.648393 3.312401
v -0.815903 -0.500917 3.514913
v -0.853258 -0.546298 3.514671
v -0.757853 -0.582692 3.352999
v -0.744014 -0.645231 3.385798
v -1.025060 -0.614834 3.400476
v -0.808535 -0.696737 3.441897
v -1.000483 -0.696768 3.398254
v -0.981913 -0.704411 3.346274
v -0.796802 -0.625749 3.352468
v -0.802521 -0.556587 3.548391
v -0.741942 -0.683083 3.426889
v -0.975850 -0.691119 3.322800
v -0.858161 -0.494164 3.424579
v -1.001867 -0.619367 3.328676
v -0.831639 -0.648946 3.525739
v -1.019813 -0.657282 3.418824
v -0.788073 -0.616497 3.557214
v -0.775370 -0.672229 3.504768
v -0.754328 -0.690637 3.452370
v -0.782391 -0.652633 3.536998
v -1.031515 -0.613546 3.353325
v -1.009423 -0.639113 3.315045
v -1.038568 -0.615312 3.379363
v -1.041731 -0.630196 3.404557
v -0.997022 -0.667494 3.305449
v -0.992687 -0.686717 3.309607
v -1.039642 -0.650863 3.411868
v -0.995790 -0.700899 3.327851
v -1.033262 -0.674380 3.409511
v -1.013027 -0.705789 3.382643
v -1.000779 -0.710438 3.347916
v -1.023214 -0.694092 3.399478
v -1.052321 -0.614734 3.358939
v -1.078746 -0.619661 3.323839
v -1.018716 -0.656790 3.301381
v -1.046125 -0.710049 3.298101
v -1.097265 -0.651830 3.401809
v -1.070379 -0.732397 3.359496
v -1.046824 -0.689813 3.285655
v -1.052506 -0.728743 3.319869
v -1.037097 -0.707345 3.385620
v -1.103317 -0.616397 3.329018
v -1.076030 -0.647361 3.281950
v -1.109736 -0.610494 3.354793
v -1.108604 -0.750367 3.324984
v -1.115385 -0.631703 3.386977
v -1.138461 -0.768761 3.270135
v -1.066779 -0.678991 3.274955
v -1.063714 -0.706308 3.281829
v -1.121947 -0.741808 3.247025
v -1.134369 -0.662382 3.272770
v -1.140659 -0.682499 3.396790
v -1.196908 -0.632549 3.391674
v -1.087577 -0.668993 3.267390
v -1.116533 -0.667677 3.401310
v -1.067070 -0.728129 3.300128
v -1.120470 -0.718204 3.236042
v -1.127842 -0.739710 3.369899
v -1.194135 -0.728739 3.383899
v -1.136187 -0.608901 3.364947
v -1.188941 -0.604265 3.323302
v -1.111563 -0.698638 3.397311
v -1.097021 -0.737563 3.364261
v -1.077523 -0.740499 3.321666
v -1.105834 -0.725261 3.385166
v -0.744207 -0.566678 3.576471
v -0.651680 -0.573528 3.588574
v -0.628189 -0.528582 3.387417
v -0.768530 -0.500451 3.548417
v -0.691305 -0.438709 3.503056
v -0.703619 -0.676782 3.490314
v -0.643967 -0.604232 3.568416
v -0.598338 -0.646687 3.498498
v -0.699170 -0.599580 3.380636
v -0.596197 -0.629554 3.462467
v -0.780259 -0.450549 3.439284
v -0.660950 -0.472546 3.397653
v -0.688753 -0.570108 3.592073
v -0.712141 -0.508517 3.574138
v -0.660054 -0.557972 3.379686
v -0.734296 -0.442613 3.425128
v -0.638727 -0.618471 3.424513
v -0.630760 -0.653894 3.474234
v -0.657452 -0.653126 3.525221
v -0.732430 -0.458767 3.529178
v -0.692307 -0.496602 3.373721
v -0.642515 -0.660659 3.501974
v -0.738463 -0.439324 3.470571
v -0.678301 -0.612750 3.577907
v -1.200862 -0.625297 3.304055
v -1.146100 -0.687033 3.252428
v -1.220025 -0.589172 3.331700
v -1.248474 -0.622535 3.320825
v -1.221245 -0.601525 3.369933
v -1.261020 -0.656335 3.331298
v -1.139970 -0.713035 3.228928
v -1.140480 -0.740595 3.226992
v -1.273601 -0.696959 3.293198
v -1.255366 -0.703749 3.379951
v -1.249577 -0.632573 3.358753
v -1.286898 -0.691640 3.350710
v -1.163952 -0.715059 3.230221
v -1.227173 -0.659999 3.391490
v -1.149703 -0.767203 3.243405
v -1.203677 -0.763199 3.209871
v -1.242941 -0.768051 3.346768
v -1.303447 -0.755445 3.350148
v -1.182797 -0.790249 3.247758
v -1.257056 -0.800640 3.251701
v -1.227777 -0.712818 3.385548
v -1.206377 -0.769236 3.339413
v -1.175313 -0.782550 3.279346
v -1.218913 -0.750253 3.368599
v -1.366113 -0.561840 3.287673
v -1.364315 -0.584245 3.284420
v -1.373611 -0.572937 3.308523
v -1.371813 -0.595343 3.305270
v -1.331896 -0.561389 3.313406
v -1.258016 -0.609636 3.368855
v -1.327060 -0.575378 3.289214
v -1.332811 -0.604472 3.304829
v -1.249076 -0.579015 3.341806
v -1.339601 -0.594880 3.334638
v -1.253501 -0.592983 3.313843
v -1.267304 -0.618528 3.329833
v -1.295568 -0.610879 3.340116
v -1.289772 -0.599699 3.306373
v -1.284021 -0.572436 3.313694
v -1.289817 -0.583617 3.347435
v -1.276951 -0.709475 3.275956
v -1.229886 -0.744801 3.220009
v -1.298898 -0.706412 3.284313
v -1.258061 -0.749350 3.223997
v -1.219044 -0.754933 3.209723
v -1.219387 -0.773104 3.206351
v -1.313204 -0.721018 3.267796
v -1.247808 -0.761949 3.207605
v -1.312678 -0.695621 3.315239
v -1.276240 -0.769312 3.209882
v -1.328633 -0.724089 3.289543
v -1.303469 -0.704250 3.346605
v -1.224430 -0.795063 3.215052
v -1.366384 -0.759739 3.276708
v -1.316941 -0.795336 3.188690
v -1.372174 -0.703975 3.275851
v -1.280569 -0.787584 3.215575
v -1.326138 -0.750695 3.305546
v -1.316318 -0.740166 3.344966
v -1.309528 -0.775320 3.296968
v -1.254616 -0.804721 3.224177
v -1.323115 -0.760730 3.328734
v -1.230159 -0.729962 3.242766
v -1.205178 -0.782249 3.215381
v -1.297736 -0.695686 3.307778
v -1.241150 -0.647738 3.310192
v -1.294546 -0.724574 3.357216
v -1.249340 -0.660759 3.376586
v -1.204133 -0.742743 3.215888
v -1.163341 -0.744363 3.217126
v -1.297304 -0.770633 3.325287
v -1.253403 -0.745011 3.371973
v -1.219858 -0.802777 3.230638
v -1.213546 -0.790540 3.288620
v -1.181723 -0.697319 3.260053
v -1.165938 -0.765681 3.226230
v -1.196158 -0.725171 3.236240
v -1.246347 -0.794476 3.286792
v -1.192948 -0.789400 3.228306
v -1.186206 -0.767981 3.215150
v -1.219942 -0.800429 3.255357
v -1.277836 -0.763887 3.351678
v -1.184211 -0.744628 3.214970
v -1.271789 -0.699321 3.370327
v -1.271124 -0.680114 3.310954
v -1.280576 -0.738735 3.366791
v -1.273834 -0.679447 3.344514
v -1.245053 -0.684059 3.292072
v -0.268889 -0.331897 3.567700
v -0.177180 -0.502910 3.747866
v -0.386036 -0.363505 3.504149
v -0.337134 -0.516710 3.653241
v -0.572389 -0.435639 3.431165
v -0.558749 -0.609137 3.560718
v -0.627782 -0.458870 3.422873
v -0.604586 -0.618123 3.536975
v -0.804775 -0.485894 3.383322
v -0.766434 -0.685705 3.476710
v -1.022784 -0.620018 3.333786
v -1.005398 -0.711484 3.364801
v -1.090135 -0.626589 3.303551
v -1.088464 -0.741327 3.343111
v -0.720617 -0.458324 3.395226
v -0.668735 -0.636258 3.550482
v -1.167012 -0.659209 3.279320
v -1.194899 -0.778723 3.314190
v -1.258333 -0.728611 3.248408
v -1.285014 -0.747552 3.232598
v -1.343623 -0.780628 3.232843
v -1.287426 -0.793985 3.252440
v -1.262436 -0.781347 3.319055
v -1.219951 -0.705342 3.266152
v -1.207358 -0.665722 3.285470
v -1.226925 -0.783816 3.313960
v -1.277286 -0.788641 3.288398
v -1.301039 -0.767897 3.268203
v -1.301013 -0.743567 3.257169
v -1.283790 -0.727116 3.257941
v -1.250978 -0.707991 3.271263
v -0.631884 -0.623824 3.545100
v -0.679252 -0.448885 3.423446
v -1.159964 -0.630281 3.297691
v -1.172374 -0.766577 3.333325
v -1.066242 -0.631857 3.299058
v -1.087447 -0.707711 3.396714
v -1.021548 -0.717583 3.349455
v -1.011775 -0.609384 3.348263
v -0.992030 -0.706257 3.381514
v -0.770298 -0.461306 3.403827
v -0.714370 -0.664085 3.516693
v -0.519634 -0.582791 3.594744
v -0.608724 -0.440604 3.439270
v -0.593077 -0.603360 3.556084
v -0.537665 -0.399590 3.458977
v -0.240284 -0.298778 3.597639
v -0.373919 -0.340259 3.537278
v -0.325608 -0.497226 3.673365
v -0.134773 -0.464223 3.795212
v -1.282464 -0.774477 3.167863
v -1.307498 -0.766262 3.167993
v -1.329841 -0.771368 3.172606
v -1.286575 -0.792672 3.173712
v -1.347765 -0.774425 3.162965
v -1.334278 -0.785299 3.176681
v -1.316046 -0.798388 3.177916
v -1.250372 -0.803091 3.210641
v -1.308890 -0.768240 3.180482
v -1.283890 -0.776794 3.206276
v -1.272772 -0.767815 3.178306
v -1.265760 -0.784371 3.180583
v -1.352410 -0.764332 3.180954
v -1.353174 -0.781127 3.188543
v -1.363172 -0.750878 3.188390
v -1.342297 -0.766416 3.157105
v -1.362429 -0.786493 3.207959
v -1.367397 -0.767685 3.220332
v -1.368904 -0.748866 3.208351
v -1.294706 -0.794534 3.223863
v -1.331513 -0.759619 3.194064
v -1.306936 -0.742580 3.239933
v -1.304295 -0.754964 3.256761
v -1.326870 -0.772189 3.196328
v -1.391749 -0.725324 3.228223
v -1.393668 -0.727430 3.250145
v -1.415346 -0.720216 3.227055
v -1.388201 -0.748593 3.264325
v -1.383345 -0.766277 3.253547
v -1.374696 -0.761070 3.235060
v -1.377633 -0.741281 3.223917
v -1.316012 -0.775511 3.274009
v -1.359598 -0.733712 3.234582
v -1.337368 -0.717430 3.272806
v -1.366750 -0.738938 3.272307
v -1.349539 -0.751173 3.242498
v -1.385602 -0.691869 3.282391
v -1.395214 -0.715208 3.268383
v -1.383436 -0.698898 3.309006
v -1.404852 -0.730648 3.211031
v -1.402115 -0.739090 3.279266
v -1.395836 -0.729489 3.311420
v -1.404903 -0.746342 3.295688
v -1.317979 -0.692655 3.328632
v -1.379807 -0.748704 3.296379
v -1.331833 -0.736955 3.296771
v -1.323609 -0.720944 3.340372
v -1.337235 -0.751776 3.331408
v -1.325247 -0.769780 3.140633
v -1.346683 -0.762625 3.141412
v -1.366685 -0.766768 3.146356
v -1.327974 -0.787564 3.146239
v -1.359939 -0.791647 3.133692
v -1.370178 -0.780298 3.149808
v -1.352903 -0.793938 3.150471
v -1.396960 -0.757459 3.153608
v -1.400402 -0.773274 3.159089
v -1.405551 -0.746102 3.161141
v -1.390732 -0.786570 3.134130
v -1.410890 -0.778552 3.175465
v -1.413361 -0.761012 3.187099
v -1.411463 -0.744376 3.178255
v -1.434727 -0.719070 3.202852
v -1.436370 -0.719888 3.222057
v -1.444734 -0.747905 3.160729
v -1.435544 -0.739390 3.232155
v -1.434982 -0.757686 3.221195
v -1.426020 -0.751466 3.205140
v -1.424940 -0.732352 3.196895
v -1.431755 -0.686368 3.259621
v -1.439485 -0.705958 3.247419
v -1.434785 -0.693861 3.283796
v -1.440824 -0.739541 3.149667
v -1.449521 -0.726766 3.256242
v -1.446603 -0.720583 3.287265
v -1.453609 -0.733899 3.271914
v -1.387606 -0.754613 3.201975
v -1.388679 -0.774938 3.202997
v -1.408886 -0.734270 3.246865
v -1.427416 -0.739175 3.275845
v -1.420042 -0.724256 3.263777
v -1.315255 -0.796380 3.164233
v -1.302760 -0.781325 3.156924
v -1.388667 -0.744555 3.184999
v -1.412948 -0.711438 3.302617
v -1.425159 -0.736861 3.294076
v -1.372717 -0.767685 3.171594
v -1.376870 -0.756173 3.169561
v -1.409195 -0.755707 3.248284
v -1.348827 -0.791300 3.164323
v -1.379253 -0.784797 3.182478
v -1.401743 -0.764763 3.229404
v -1.410851 -0.698130 3.260501
v -1.404744 -0.688222 3.286912
v -1.396232 -0.746833 3.217191
v -1.309208 -0.766210 3.154792
v -1.373130 -0.765367 3.113142
v -1.387244 -0.760489 3.115124
v -1.401934 -0.764558 3.119039
v -1.376051 -0.782525 3.118185
v -1.394987 -0.771408 3.113487
v -1.406999 -0.778171 3.121102
v -1.394184 -0.787425 3.121381
v -1.459526 -0.748035 3.116363
v -1.466676 -0.764509 3.119350
v -1.462360 -0.740871 3.124372
v -1.476893 -0.749740 3.120421
v -1.474368 -0.768924 3.130542
v -1.475535 -0.756278 3.138566
v -1.468779 -0.740690 3.134661
v -1.498255 -0.707456 3.163603
v -1.502265 -0.707413 3.174314
v -1.512244 -0.715038 3.158740
v -1.508165 -0.723617 3.178416
v -1.508282 -0.737447 3.170167
v -1.501427 -0.732645 3.158419
v -1.495626 -0.714676 3.155262
v -1.495678 -0.680689 3.231456
v -1.500905 -0.693111 3.222086
v -1.499960 -0.682710 3.245802
v -1.516137 -0.695390 3.231451
v -1.511844 -0.711157 3.227394
v -1.511237 -0.705462 3.249115
v -1.515114 -0.716510 3.239075
v -1.468174 -0.689848 3.234084
v -1.465819 -0.680077 3.255905
v -1.464660 -0.717509 3.174759
v -1.471642 -0.710027 3.190828
v -1.431451 -0.759238 3.133083
v -1.431162 -0.747936 3.134133
v -1.478040 -0.710143 3.233957
v -1.349566 -0.775590 3.126458
v -1.355092 -0.761685 3.124686
v -1.472275 -0.719518 3.203338
v -1.440585 -0.776148 3.141731
v -1.476362 -0.699225 3.270143
v -1.383540 -0.762225 3.129033
v -1.390536 -0.770408 3.133422
v -1.476934 -0.741119 3.202580
v -1.486994 -0.724299 3.245620
v -1.470952 -0.749978 3.184656
v -1.449026 -0.767405 3.159984
v -1.485764 -0.722112 3.262681
v -1.462336 -0.731447 3.174973
v -0.317179 -0.295559 3.686397
v -0.306685 -0.519205 3.648800
v -0.203535 -0.526681 3.648883
v -0.195504 -0.509415 3.608100
v -0.388853 -0.316772 3.572205
v -0.279917 -0.374066 3.552973
v -0.357393 -0.383713 3.724642
v -0.303805 -0.313047 3.739863
v -0.304873 -0.449286 3.509106
v -0.212265 -0.484769 3.566672
v -0.339427 -0.473367 3.697403
v -0.284137 -0.425138 3.772133
v -0.322738 -0.326392 3.562080
v -0.251638 -0.497238 3.721186
v -0.296616 -0.509246 3.674849
v -0.362770 -0.321201 3.561139
v -0.356567 -0.308949 3.625084
v -0.265706 -0.526597 3.644346
v -0.287330 -0.413707 3.536438
v -0.323415 -0.458139 3.722722
v -0.255327 -0.470110 3.544606
v -0.335346 -0.351901 3.729531
v -0.329326 -0.404408 3.737645
v -0.334375 -0.358769 3.543364
v -0.245354 -0.502578 3.571476
v -0.242615 -0.519645 3.605520
v -0.312698 -0.486382 3.698314
v -0.341210 -0.321660 3.696222
v -0.354050 -0.562537 3.547734
v -0.547631 -0.460230 3.639263
v -0.455847 -0.348483 3.661516
v -0.364650 -0.518669 3.488045
v -0.533926 -0.556950 3.619416
v -0.420479 -0.459468 3.699089
v -0.559674 -0.370304 3.550184
v -0.458438 -0.327407 3.542452
v -0.473187 -0.615319 3.541173
v -0.379285 -0.552324 3.619234
v -0.516048 -0.429116 3.434001
v -0.383466 -0.459585 3.459410
v -0.396641 -0.529099 3.646283
v -0.439226 -0.355534 3.502332
v -0.498758 -0.357991 3.498220
v -0.452856 -0.570811 3.608218
v -0.508409 -0.347921 3.607747
v -0.469097 -0.546565 3.633285
v -0.408952 -0.590445 3.549049
v -0.445907 -0.436331 3.444311
v -0.428384 -0.590223 3.578245
v -0.508428 -0.338256 3.548897
v -0.479491 -0.509279 3.663747
v -0.418337 -0.501327 3.454807
v -0.499905 -0.396141 3.655429
v -0.485475 -0.457892 3.678695
v -0.476742 -0.388204 3.463420
v -0.408682 -0.557528 3.503074
v -0.015259 -0.452064 3.663415
v -0.104380 -0.507384 3.703292
v -0.204515 -0.332401 3.575520
v -0.175993 -0.241303 3.668148
v -0.191665 -0.372270 3.848195
v -0.167092 -0.259819 3.845263
v -0.138266 -0.389365 3.568315
v -0.041376 -0.403444 3.599011
v -0.231633 -0.256884 3.782373
v -0.177721 -0.218728 3.729514
v -0.117962 -0.495641 3.757026
v -0.089040 -0.367141 3.857400
v -0.157495 -0.261512 3.631442
v -0.062396 -0.401493 3.835275
v -0.084571 -0.450419 3.802134
v -0.204918 -0.271375 3.633747
v -0.051490 -0.480469 3.692659
v -0.059247 -0.445079 3.622506
v -0.183318 -0.293294 3.601790
v -0.103732 -0.417039 3.832671
v -0.202255 -0.229163 3.761280
v -0.085564 -0.393048 3.583373
v -0.175038 -0.308076 3.860639
v -0.205743 -0.248963 3.694695
v -0.137751 -0.368713 3.857254
v -0.196962 -0.252723 3.819615
v -0.133265 -0.335179 3.582566
v -0.069495 -0.481445 3.754697
v -0.021157 -0.464383 3.744091
v -0.127936 -0.291497 3.599097
v -0.136077 -0.308555 3.866125
v -0.075807 -0.347309 3.587662
v -0.186273 -0.213440 3.779827
v -0.042158 -0.437038 3.802479
v 0.000318 -0.427276 3.791129
v -0.075274 -0.303188 3.592255
v -0.167195 -0.220892 3.799036
v -0.093185 -0.315673 3.864370
v -0.158611 -0.214554 3.689386
v -0.136525 -0.265865 3.855578
v -0.030586 -0.363806 3.587421
v -0.173788 -0.211276 3.729511
v -0.052735 -0.361911 3.853143
v -0.114282 -0.259675 3.616504
v 0.006084 -0.423051 3.627770
v 0.019475 -0.449372 3.714219
v -0.142464 -0.233055 3.647305
v -0.028166 -0.391654 3.831815
v -0.378346 0.006831 2.399417
v -0.277109 0.006831 2.572706
v -0.277739 0.006831 2.661669
v 0.171721 0.006831 2.213873
v 0.305005 -0.147411 2.562516
v 0.175526 -0.102853 2.216963
v -0.338675 -0.121143 2.497962
v -0.275127 -0.010260 2.617503
v -0.332166 0.006831 2.519937
v 0.311248 0.006831 2.459683
v 0.285920 -0.165182 2.399324
v -0.260576 -0.172663 2.567672
v -0.297435 -0.007368 2.542082
v 0.148367 -0.267811 2.854862
v 0.206171 -0.204703 2.796156
v -0.144676 -0.322172 2.697279
v -0.270686 -0.011001 2.728341
v 0.268262 0.006831 2.717125
v 0.253809 -0.239660 2.675703
v -0.218059 -0.248331 2.634007
v 0.118357 -0.176359 2.193797
v 0.233382 -0.264240 2.354770
v 0.242775 -0.308895 2.572028
v 0.220540 -0.184431 2.279820
v 0.097683 -0.102991 2.171542
v 0.043611 -0.032909 2.152767
v 0.197344 -0.303682 2.725886
v 0.281114 -0.253489 2.513347
v -0.001720 -0.218105 2.124197
v -0.146143 -0.114592 2.063568
v 0.092202 -0.295131 2.232697
v -0.085020 -0.371466 2.600991
v -0.032765 -0.081760 2.126198
v 0.205200 -0.312107 2.382942
v 0.118110 -0.247865 2.218067
v 0.013593 -0.154717 2.130005
v -0.484176 -0.078642 2.264114
v -0.119885 -0.231302 2.029758
v -0.488212 -0.176886 2.380363
v -0.025472 -0.305123 2.143692
v -0.382876 -0.243744 2.469055
v -0.168784 -0.378927 2.544350
v 0.069358 -0.361551 2.306632
v -0.263849 -0.316762 2.537148
v 0.085293 -0.333984 2.273383
v -0.020214 -0.259447 2.122710
v -0.097648 -0.191761 2.053934
v -0.256496 -0.243972 2.563011
v -0.361046 -0.175865 2.488945
v -0.200212 0.006831 2.238641
v -0.100520 -0.320606 2.812081
v 0.040065 -0.355442 2.735548
v -0.323574 -0.052277 2.116341
v -0.011824 -0.424023 2.470326
v -0.276594 -0.372900 2.495219
v 0.022695 -0.392657 2.289058
v 0.067657 -0.384590 2.592730
v 0.206328 -0.018133 2.862604
v -0.003192 -0.333273 2.829425
v -0.011655 -0.431427 2.352887
v 0.008685 0.006831 2.175579
v 0.150394 -0.310726 2.806624
v -0.234527 -0.095807 2.035266
v -0.207437 -0.216267 1.962751
v -0.098225 -0.450763 2.418704
v 0.079109 -0.391109 2.414985
v 0.090293 -0.311636 2.856620
v -0.179698 -0.429954 2.470906
v -0.382329 -0.316573 2.454577
v -0.500705 -0.236579 2.369463
v -0.131788 -0.276539 2.025105
v -0.436623 -0.125391 2.414324
v -0.280297 0.006831 2.308510
v -0.037902 -0.351545 2.712963
v -0.396364 -0.055865 2.181113
v -0.033566 -0.348050 2.167539
v -0.311296 -0.086658 2.015425
v -0.079535 -0.419455 2.504204
v -0.197844 -0.282793 2.801127
v -0.257041 -0.144640 1.975401
v -0.179328 -0.319623 2.606634
v -0.277239 -0.024985 2.220426
v -0.565298 -0.170561 2.282506
v -0.552556 -0.118243 2.237188
v -0.489304 -0.083855 2.174266
v -0.399808 -0.067452 2.093143
v 0.011527 -0.390022 2.591100
v -0.262342 0.006831 2.818589
v -0.558164 -0.111056 2.160894
v -0.229258 -0.264183 1.934197
v -0.503336 -0.389394 1.728313
v -0.585097 -0.224438 2.265619
v -0.151268 -0.325868 2.027086
v -0.501001 -0.307648 2.349929
v -0.775369 -0.316228 1.951114
v -0.302066 -0.429151 2.410054
v -0.076970 -0.387925 2.146960
v -0.400373 -0.373921 2.404886
v -0.409830 -0.080017 2.025545
v -0.740807 -0.471737 1.560822
v -0.660009 -0.464122 1.665575
v -0.517181 -0.322985 1.712840
v -0.147424 -0.474021 2.320621
v -0.731845 -0.196684 1.878305
v -0.189036 -0.448126 2.068898
v -0.360620 -0.488644 2.255949
v -0.451327 -0.431431 2.278422
v -0.327751 -0.123746 1.954911
v -0.218706 -0.490477 2.133943
v -0.293458 -0.506489 2.203771
v -0.070105 -0.438793 2.236256
v -0.313598 -0.247368 1.869395
v -0.355743 -0.170000 1.884804
v -0.532600 -0.371709 2.272429
v -0.609767 -0.289899 2.226143
v -0.477758 -0.085362 2.086444
v -0.558029 -0.109977 2.056618
v -0.269008 -0.310844 1.905967
v -0.206739 -0.469678 2.368648
v -0.214169 -0.379095 1.987810
v -0.641229 -0.204560 2.165836
v -0.617229 -0.146119 2.120649
v -0.479089 -0.094043 1.984550
v -0.404861 -0.112769 1.918894
v -0.632176 -0.144522 2.013492
v -0.362402 -0.294842 1.824186
v 0.095870 -0.205773 2.957308
v -0.209608 0.150491 3.188460
v -0.681264 -0.267538 2.114508
v -0.335975 -0.363299 1.858988
v -0.647544 -0.354520 2.144844
v -0.017452 -0.299172 2.907906
v -0.511835 -0.487829 2.122475
v -0.319266 -0.440416 1.913369
v -0.585225 -0.425854 2.145161
v -0.510579 -0.114955 1.895038
v 0.017146 -0.274415 2.959637
v -0.252744 0.013839 2.904419
v -0.167115 -0.267061 2.897343
v -0.402684 -0.528125 2.040411
v 0.137660 -0.218118 2.903886
v -0.038803 -0.277342 2.965651
v -0.453825 -0.276373 1.762578
v -0.490812 -0.204256 1.772573
v -0.655667 -0.154597 1.906624
v -0.443233 -0.153214 1.841605
v -0.432324 -0.343166 1.774907
v -0.706071 -0.192757 1.969047
v -0.334367 -0.500099 1.971915
v -0.591942 -0.142038 1.848798
v -0.533307 -0.157606 1.796632
v -0.724199 -0.333360 2.039085
v -0.729663 -0.255740 2.010856
v -0.564098 -0.118223 1.942786
v -0.684180 -0.408597 2.043961
v -0.519702 -0.525890 1.952841
v -0.446178 -0.525469 2.081413
v -0.455114 -0.515044 1.897473
v -0.419447 -0.414977 1.805120
v -0.422500 -0.479091 1.852870
v -0.567427 -0.512606 1.997363
v -0.629243 -0.460898 2.027757
v -0.755716 -0.386085 1.963696
v -0.752404 -0.505482 1.601958
v -0.665319 -0.480165 1.937712
v -0.498022 -0.449515 1.762661
v -0.715448 -0.438278 1.958284
v -0.630657 -0.171914 1.780674
v -0.244294 -0.539802 1.535896
v -0.722791 -0.426948 1.529349
v -0.578607 -0.512074 1.862073
v -0.649326 -0.346491 1.663130
v -0.712915 -0.364581 1.521199
v -0.649636 -0.408165 1.665802
v -0.230131 -0.544335 1.803992
v -0.576663 -0.200705 1.734147
v -0.717373 -0.302270 1.542061
v -0.253774 -0.566725 1.581184
v -0.516395 -0.490939 1.805974
v -0.566353 -0.468429 1.727141
v -0.596277 -0.495727 1.764608
v -0.583794 -0.301062 1.673864
v -0.803187 -0.358154 1.911757
v -0.675631 -0.174066 1.820617
v -0.736957 -0.203770 1.814243
v -0.614642 -0.510335 1.897929
v -0.801923 -0.298042 1.894477
v -0.682260 -0.194206 1.761817
v -0.635465 -0.205788 1.712292
v 0.083365 -0.284843 2.907557
v -0.080932 -0.292055 2.903497
v 0.180477 -0.094592 2.954654
v -0.144646 -0.269352 3.192024
v 0.311471 -0.076084 2.597697
v -0.248613 -0.174393 2.615718
v -0.287572 -0.114991 2.548377
v 0.217351 -0.113622 2.802980
v -0.229047 -0.250900 2.714497
v -0.227032 -0.224545 2.897300
v 0.164416 -0.146301 2.906543
v -0.569902 -0.361856 1.674063
v -0.563086 -0.423263 1.692154
v -0.039215 -0.330204 3.268339
v -0.227220 -0.192245 2.957239
v -0.169694 -0.227879 2.962866
v -0.131247 -0.248363 2.967642
v -0.228162 0.079456 2.964090
v -0.252532 -0.142019 2.959309
v -0.738177 -0.453264 1.894605
v -0.774815 -0.420022 1.907970
v -0.653192 -0.503366 1.815531
v -0.690980 -0.493543 1.860187
v -0.238861 -0.225791 2.812888
v -0.251283 -0.185843 2.668169
v 0.181759 -0.159864 2.860166
v 0.265297 -0.127408 2.709631
v -0.267944 -0.117483 2.580364
v -0.193416 0.172340 3.102947
v -0.154399 -0.243907 3.027969
v -0.208632 0.156366 3.026557
v -0.270014 -0.125744 3.026184
v 0.047529 -0.255266 3.018486
v -0.301505 -0.010875 3.108820
v -0.048380 -0.287296 3.023233
v -0.214307 -0.194756 3.029641
v -0.183598 -0.233504 3.107413
v -0.290069 -0.069916 3.024070
v 0.118161 -0.196660 3.014888
v -0.302650 -0.081283 3.107060
v -0.252969 -0.160751 3.108917
v 0.118262 -0.236404 3.089610
v 0.206839 -0.132242 3.082047
v -0.078919 -0.285938 3.101388
v 0.011560 -0.298523 3.097349
v -0.278643 -0.135663 3.195486
v 0.099314 -0.292395 3.173494
v -0.018608 -0.318038 3.183558
v -0.208858 -0.217273 3.195390
v 0.072659 -0.338273 3.257094
v -0.148241 -0.271559 3.277380
v -0.303054 -0.055662 3.194825
v 0.176998 -0.233914 3.164821
v -0.194029 0.165283 3.266958
v -0.279818 -0.010566 3.278053
v -0.290437 -0.107747 3.278434
v -0.230584 -0.196065 3.280002
v 0.188511 -0.270402 3.239588
v 0.279858 -0.136654 3.222408
v -0.205369 0.141036 3.348709
v 0.093937 -0.368854 3.451120
v -0.098550 -0.297507 3.348955
v 0.343839 -0.139051 3.352134
v -0.247324 -0.163319 3.364343
v 0.163131 -0.323655 3.309247
v -0.271770 -0.125673 3.477405
v 0.032509 -0.353002 3.331421
v -0.162023 -0.241030 3.362189
v -0.015206 -0.342010 3.392187
v -0.273682 -0.057525 3.354102
v 0.241566 -0.255950 3.291551
v 0.231467 -0.296561 3.341639
v -0.180454 0.167303 3.412612
v -0.265268 0.013583 3.466936
v -0.191481 -0.203046 3.454498
v -0.130032 -0.263500 3.488337
v -0.185594 0.151994 3.499234
v -0.107324 -0.284021 3.497517
v -0.229611 -0.166469 3.543732
v 0.185602 -0.359781 3.441561
v 0.017905 -0.350573 3.490417
v -0.158917 0.175075 3.532812
v -0.154819 -0.233375 3.552665
v -0.251735 0.019315 3.531521
v -0.277149 -0.054503 3.484130
v 0.278093 -0.293296 3.389724
v -0.257603 -0.116707 3.542252
v -0.187521 -0.179823 3.624730
v 0.258701 -0.324208 3.442366
v 0.358479 -0.139913 3.425417
v 0.106396 -0.391728 3.771612
v 0.137928 -0.374762 3.528190
v -0.148728 0.146428 3.597124
v 0.188284 -0.386315 3.635079
v -0.033385 -0.318458 3.525916
v 0.371110 -0.142961 3.592655
v -0.204209 -0.144442 3.633545
v 0.226538 -0.356220 3.538054
v -0.173103 -0.109950 3.689758
v -0.079782 -0.228569 3.845798
v -0.229622 -0.051558 3.597422
v 0.289246 -0.293943 3.495457
v 0.052604 -0.360709 3.533881
v -0.151222 -0.163958 3.721636
v 0.273442 -0.328399 3.600347
v -0.071532 0.142282 3.686685
v -0.161034 -0.005296 3.688027
v -0.037012 0.090948 3.771502
v 0.175537 -0.384967 3.738857
v 0.373159 -0.137906 3.743833
v -0.122587 -0.149806 3.770350
v 0.230200 -0.364087 3.693799
v -0.088280 -0.130317 3.818738
v -0.163242 -0.182104 3.692400
v 0.036834 -0.357972 3.825684
v 0.099974 -0.218364 3.902175
v 0.334069 -0.103950 3.900390
v -0.116124 -0.078805 3.769839
v 0.292912 -0.296409 3.688685
v 0.066436 0.022140 3.916022
v -0.097811 -0.184531 3.814481
v 0.254686 -0.325363 3.746366
v 0.014434 0.093245 3.819679
v -0.075628 -0.049210 3.821944
v 0.016602 0.060654 3.846091
v 0.359595 -0.125693 3.829299
v -0.010846 -0.288769 3.857676
v 0.486199 -0.694821 1.212039
v -0.824250 -0.278866 1.826495
v -0.071835 -0.168660 3.840414
v 0.207628 -0.345816 3.775028
v 0.012844 -0.146728 3.873952
v 0.093718 -0.359563 3.806129
v -0.050938 -0.238152 3.855774
v -0.610190 -0.395918 1.650551
v -0.840289 -0.336741 1.843785
v 0.043123 0.076535 3.855865
v -0.058437 -0.095869 3.846006
v 0.275026 -0.281332 3.781058
v 0.014746 -0.055178 3.878586
v -0.048077 -0.199810 3.854043
v 0.163593 -0.350689 3.799941
v 0.262025 -0.269077 3.833981
v -0.012516 -0.256253 3.868610
v 0.125888 -0.287943 3.867314
v 0.055134 -0.165823 3.901054
v 0.245766 -0.260902 3.861258
v 0.173630 -0.200209 3.926066
v 0.186037 -0.263847 3.876234
v 0.073734 -0.195510 3.905513
v 0.065517 0.022453 3.963916
v 0.042782 -0.097875 3.900514
v 0.281971 -0.225503 3.859365
v 0.068657 -0.059885 3.947092
v 0.079345 -0.123466 3.940623
v 0.102700 -0.154582 3.940994
v 0.118665 -0.171145 3.938418
v 0.226128 -0.219682 3.911662
v 0.262084 -0.207075 3.906577
v -0.615131 -0.337090 1.645078
v -0.829720 -0.396660 1.846648
v -0.759749 -0.476297 1.816765
v -0.610372 -0.448737 1.670180
v -0.799755 -0.441349 1.837847
v -0.695951 -0.210762 1.709638
v -0.502913 -0.453961 1.892059
v -0.430800 -0.402921 1.500944
v -0.490525 -0.379801 1.894038
v -0.686841 -0.501727 1.744819
v -0.439590 -0.265492 1.585186
v -0.444819 -0.477879 1.507534
v 0.601913 -0.663629 1.644485
v -0.490629 -0.571911 1.593115
v -0.520773 -0.521264 1.863523
v -0.467992 -0.531565 1.540532
v -0.628618 -0.484371 1.700271
v -0.649026 -0.475588 1.663099
v -0.684263 -0.503244 1.678709
v -0.851065 -0.379795 1.672631
v -0.736538 -0.212761 1.743884
v -0.790267 -0.229911 1.673912
v -0.845895 -0.322266 1.671375
v -0.718117 -0.501058 1.776347
v -0.829569 -0.264300 1.678929
v -0.636683 -0.430329 1.648143
v -0.739099 -0.218415 1.663815
v -0.691735 -0.226484 1.649529
v -0.628539 -0.279696 1.651792
v -0.634907 -0.371012 1.640925
v -0.818610 -0.469504 1.701499
v -0.839078 -0.438257 1.686085
v -0.742056 -0.512729 1.691257
v -0.780344 -0.505945 1.702623
v -0.642065 -0.313712 1.637499
v -0.708977 -0.220174 1.643677
v -0.231092 -0.505265 1.506163
v -0.729214 -0.526326 1.661134
v -0.199531 -0.457846 1.823254
v -0.220316 -0.459040 1.499303
v -0.209601 -0.503235 1.823054
v -0.680301 -0.240406 1.660664
v -0.216464 -0.414471 1.522026
v -0.688590 -0.503422 1.671564
v -0.616072 -0.529435 1.803910
v -0.701660 -0.535453 1.604821
v -0.721063 -0.225562 1.623227
v -0.697740 -0.527543 1.686752
v -0.596475 -0.581567 1.682950
v -0.742941 -0.528201 1.639516
v -0.685606 -0.498068 1.553914
v -0.660040 -0.235800 1.592848
v -0.658664 -0.465983 1.518542
v -0.600000 -0.472457 1.838606
v -0.637715 -0.403580 1.494891
v -0.515202 -0.350908 1.506313
v -0.672844 -0.220246 1.642851
v -0.561520 -0.219915 1.765123
v -0.651528 -0.319529 1.707079
v -0.585832 -0.398183 1.852951
v -0.464054 -0.228315 1.739543
v 0.123529 -0.558876 1.748926
v 0.046290 -0.516412 1.448081
v 0.130777 -0.518794 1.748251
v -0.510758 -0.596557 1.723749
v 0.063754 -0.446373 1.515107
v 0.039714 -0.557321 1.455472
v 0.527378 -0.717368 1.217159
v 0.035703 -0.612595 1.528899
v -0.472228 -0.252399 1.823188
v 0.101842 -0.595120 1.733788
v 0.034549 -0.588246 1.485188
v -0.527905 -0.568649 1.812845
v -0.395910 -0.552992 1.825890
v -0.353121 -0.387080 1.864004
v -0.396392 -0.581829 1.773376
v -0.453171 -0.235042 1.672992
v -0.386930 -0.592412 1.691016
v -0.386003 -0.585989 1.626092
v -0.504092 -0.598997 1.666150
v -0.372774 -0.549279 1.563664
v -0.340708 -0.290687 1.706266
v -0.361804 -0.445719 1.874476
v -0.376843 -0.506514 1.861813
v -0.342473 -0.298295 1.784848
v -0.347221 -0.331092 1.831488
v -0.354434 -0.517778 1.526810
v -0.337499 -0.458201 1.502082
v -0.329959 -0.399124 1.515138
v -0.333227 -0.303315 1.623055
v -0.204519 -0.361405 1.700481
v -0.245935 -0.585726 1.687637
v -0.197497 -0.378418 1.767749
v -0.245338 -0.572175 1.764230
v -0.110787 -0.597373 1.587438
v -0.035122 -0.472425 1.776719
v -0.206960 -0.363159 1.644036
v -0.076890 -0.581511 1.752956
v -0.250917 -0.585474 1.640706
v -0.087970 -0.598935 1.709536
v -0.096488 -0.603197 1.639959
v -0.114221 -0.571277 1.534443
v -0.106625 -0.548904 1.500467
v -0.072830 -0.410913 1.579317
v -0.062242 -0.405245 1.649338
v -0.046509 -0.412261 1.712987
v -0.039203 -0.434968 1.750853
v -0.038215 -0.511206 1.785767
v -0.052869 -0.551177 1.777717
v -0.098670 -0.508686 1.477612
v -0.090707 -0.470235 1.487854
v 0.095844 -0.432596 1.636148
v 0.470366 -0.644489 1.177450
v 0.065800 -0.630427 1.626383
v 0.634540 -0.571229 1.680949
v 0.460073 -0.576073 1.169576
v 0.623178 -0.618936 1.682557
v 0.506363 -0.465554 1.050163
v 0.116895 -0.448240 1.697021
v 0.462684 -0.509517 1.188678
v 0.662505 -0.548722 1.617692
v 0.080585 -0.619379 1.698455
v 0.203000 -0.649459 1.518195
v 0.292567 -0.520461 1.704312
v 0.208273 -0.518311 1.419155
v 0.292233 -0.560490 1.713782
v 0.082562 -0.433523 1.583762
v 0.201294 -0.558003 1.409596
v 0.051598 -0.629737 1.583522
v 0.237428 -0.651024 1.636904
v 0.222835 -0.655462 1.568544
v 0.231716 -0.457025 1.508231
v 0.248996 -0.451138 1.576737
v 0.271239 -0.458366 1.638255
v 0.193257 -0.622550 1.466517
v 0.197109 -0.599494 1.432472
v 0.278293 -0.601735 1.706194
v 0.252118 -0.633022 1.679876
v 0.350900 -0.509468 1.375900
v 0.431861 -0.599415 1.687737
v 0.351573 -0.554367 1.353562
v 0.439035 -0.556179 1.686988
v 0.350104 -0.601208 1.361174
v 0.351532 -0.662081 1.429240
v 0.410706 -0.638509 1.665599
v 0.346149 -0.636479 1.391541
v 0.400410 -0.465156 1.548392
v 0.377183 -0.676607 1.541177
v 0.390189 -0.664678 1.621059
v 0.474823 -0.460974 1.343521
v 0.502032 -0.472407 1.455637
v 0.542142 -0.481896 1.567842
v 0.385123 -0.463170 1.486059
v 0.436708 -0.650189 1.287732
v 0.431939 -0.593920 1.263686
v 0.367459 -0.677644 1.486825
v 0.428535 -0.539343 1.276648
v 0.555620 -0.544181 1.676926
v 0.515931 -0.668755 1.628136
v 0.553834 -0.588482 1.692160
v 0.434593 -0.514092 1.662163
v 0.536957 -0.634129 1.679053
v 0.430038 -0.485407 1.309059
v 0.479440 -0.700538 1.347150
v 0.443668 -0.678923 1.320348
v 0.499423 -0.688678 1.564325
v 0.486942 -0.695367 1.457533
v 0.590832 -0.490742 1.451106
v 0.603316 -0.535547 1.318964
v 0.617596 -0.647746 1.466430
v 0.638207 -0.593997 1.470405
v 0.565403 -0.696657 1.458184
v 0.596634 -0.680803 1.402810
v 0.629916 -0.569499 1.420705
v 0.618830 -0.621185 1.415413
v 0.656914 -0.547221 1.521301
v 0.632956 -0.500770 1.587677
v 0.638260 -0.646309 1.621958
v 0.659294 -0.595455 1.631781
v 0.587518 -0.685170 1.587709
v 0.650926 -0.619992 1.567926
v 0.662745 -0.571420 1.564346
v 0.619808 -0.674913 1.551562
v 0.558435 -0.472388 1.322575
v 0.599181 -0.658405 1.305987
v 0.606691 -0.593601 1.311121
v 0.562749 -0.708124 1.323570
v 0.548482 -0.611354 1.061827
v 0.587033 -0.702510 1.185746
v 0.585710 -0.565252 1.180555
v 0.588945 -0.634797 1.179088
v 0.563550 -0.688823 1.086980
v 0.327606 -0.141190 4.384668
v -0.031562 -0.126264 4.152637
v 0.166754 -0.140287 3.976243
v 0.215184 -0.132888 4.103453
v 0.059671 -0.017152 4.014276
v 0.126543 -0.118902 3.985104
v 0.248254 -0.166307 3.957845
v 0.077563 -0.175124 4.199907
v 0.212755 -0.160168 3.964445
v 0.151432 -0.132663 3.980433
v 0.243020 -0.129563 4.002021
v 0.179128 -0.118420 4.013799
v 0.159569 -0.112107 4.016995
v 0.098710 -0.084666 3.988709
v 0.270177 -0.146685 3.955431
v 0.266478 -0.114251 4.000485
v 0.295970 -0.051443 3.996387
v 0.212150 -0.126949 4.008772
v 0.063894 -0.032123 4.056251
v 0.105986 -0.071046 4.026570
v 0.129577 -0.098457 4.022199
v 0.496114 -0.722429 1.076905
v 0.526853 -0.731471 1.080068
v 0.405618 -0.629515 0.994333
v 0.427370 -0.668678 1.040422
v 0.390359 -0.479849 0.998950
v 0.359235 -0.592283 1.015222
v 0.479602 -0.708356 1.030737
v 0.352890 -0.559727 0.972160
v 0.533849 -0.723972 1.054222
v 0.444436 -0.590454 0.988898
v 0.497718 -0.666662 1.018157
v 0.561691 -0.728775 1.114157
v 0.422224 -0.551491 1.088434
v 0.434930 -0.619939 1.089871
v 0.518410 -0.722394 1.143344
v 0.529269 -0.541815 1.045952
v 0.483005 -0.693832 1.111931
v 0.198181 -0.113591 4.040398
v 0.070981 -0.050283 4.071154
v 0.151632 -0.105116 4.045026
v 0.267634 -0.094121 4.033493
v 0.241768 -0.112703 4.035963
v 0.179033 -0.110925 4.042329
v 0.289318 -0.082486 4.071575
v 0.189769 -0.113123 4.058508
v 0.158338 -0.131877 4.091112
v 0.122475 -0.088342 4.048293
v 0.282743 -0.069824 4.032310
v 0.289039 -0.064279 4.050073
v 0.324848 0.008762 4.057207
v 0.236763 -0.112361 4.054446
v 0.041399 -0.058424 4.085469
v 0.097725 -0.093244 4.063976
v 0.117147 -0.141672 4.095297
v 0.148533 -0.152259 4.121981
v 0.327482 -0.054132 4.083592
v 0.119171 -0.103156 4.427037
v 0.290039 -0.098328 4.090075
v 0.158335 -0.063157 4.477940
v 0.186054 -0.140637 4.113494
v 0.309841 -0.117191 4.128928
v 0.401707 -0.113918 4.298717
v -0.019369 -0.119815 4.229693
v 0.084386 -0.159990 4.127354
v 0.342560 -0.019939 4.075934
v 0.155050 -0.172299 4.179524
v 0.206353 -0.156976 4.166394
v 0.374556 -0.022647 4.105073
v 0.374406 0.042027 4.095433
v 0.352003 -0.068029 4.116324
v 0.239285 -0.145096 4.152657
v 0.416189 -0.090480 4.378083
v 0.031362 -0.135927 4.313164
v 0.308461 -0.139023 4.197895
v 0.345077 -0.136032 4.258347
v 0.416298 -0.097304 4.224791
v 0.236026 -0.169782 4.231373
v 0.414548 -0.030342 4.147099
v 0.259611 -0.173539 4.299741
v 0.384157 -0.086588 4.165314
v 0.401661 0.055608 4.454848
v 0.276561 -0.152271 4.214119
v 0.062243 -0.105576 4.377408
v 0.219318 -0.057129 4.507360
v 0.407253 -0.083061 4.411312
v 0.167155 -0.183227 4.259888
v 0.422545 0.012507 4.136915
v 0.312863 0.010658 4.502640
v 0.456661 0.092206 4.176363
v 0.179029 -0.179748 4.339213
v 0.311009 -0.152182 4.276804
v 0.453905 -0.040085 4.201272
v 0.469630 0.012718 4.186028
v 0.329820 -0.149391 4.335007
v 0.499422 -0.003331 4.244092
v 0.462225 -0.075056 4.319746
v 0.473565 -0.057900 4.262156
v 0.370334 -0.129637 4.316271
v 0.487866 0.103414 4.306495
v 0.261789 -0.163991 4.366802
v 0.503807 0.040566 4.236842
v 0.265383 -0.141468 4.420553
v 0.370591 -0.124189 4.366325
v 0.400343 -0.109270 4.350010
v 0.496093 -0.036380 4.300178
v 0.512542 0.006683 4.298369
v 0.358224 -0.119571 4.405166
v 0.498034 -0.032393 4.342186
v 0.450113 0.080758 4.413524
v 0.477223 -0.056741 4.346375
v 0.460069 -0.056329 4.383262
v 0.390241 -0.103637 4.392784
v 0.251720 -0.019648 4.519766
v 0.373911 -0.099838 4.426985
v 0.400387 -0.052949 4.446588
v 0.326345 -0.124652 4.423559
v 0.502580 0.005083 4.355621
v 0.458663 -0.023328 4.412372
v 0.356268 -0.075065 4.465112
v 0.389761 -0.077242 4.440693
v 0.483420 -0.029472 4.381763
v 0.421492 -0.061177 4.423508
v 0.338661 -0.102364 4.450198
v -0.147506 0.006831 2.193774
v 0.087958 -0.346765 2.759960
v -0.281250 -0.058933 2.079113
v 0.031947 -0.414887 2.449984
v -0.373535 -0.087728 1.993061
v -0.109544 -0.465335 2.288814
v 0.019056 -0.293961 2.911889
v -0.482694 -0.121994 1.869295
v -0.370099 -0.522812 2.013004
v -0.608040 -0.177291 1.758353
v -0.549551 -0.508596 1.838933
v -0.096752 -0.292437 3.188090
v -0.112443 -0.265058 3.026257
v -0.053283 -0.328839 3.343207
v -0.060056 -0.315698 3.485587
v 0.134366 -0.239290 3.894037
v 0.026439 -0.324019 3.843666
v -0.676925 -0.214551 1.690443
v -0.660366 -0.499189 1.726001
v -0.696608 -0.222573 1.652301
v -0.715638 -0.521559 1.670698
v -0.466466 -0.231091 1.776760
v -0.519903 -0.590660 1.763259
v -0.200369 -0.364121 1.730470
v -0.246982 -0.583708 1.721539
v 0.105956 -0.435272 1.663215
v 0.071316 -0.629058 1.658460
v 0.412689 -0.467950 1.581068
v 0.381531 -0.675125 1.576714
v 0.617123 -0.493007 1.515709
v 0.632498 -0.647539 1.524512
v 0.654025 -0.594028 1.527131
v 0.574034 -0.695229 1.514602
v 0.640974 -0.546725 1.468459
v 0.182811 -0.146917 3.972225
v 0.248359 -0.125693 4.095341
v 0.217007 -0.115892 4.039257
v 0.436320 -0.096635 4.282655
v 0.443442 -0.076724 4.365266
v 0.343590 -0.124634 4.183370
v 0.356810 0.032905 4.478987
v 0.445521 -0.049020 4.410836
v 0.432126 -0.070473 4.398086
v 0.428859 -0.038535 4.431264
v 0.429187 -0.094602 4.334871
v 0.378232 -0.120571 4.241661
v 0.271353 -0.134431 4.140215
v 0.211820 -0.122404 4.077693
v 0.193845 -0.122519 4.011301
v 0.608045 -0.676995 1.485647
v 0.637622 -0.619762 1.498805
v 0.650451 -0.571052 1.498853
v 0.492153 -0.692611 1.515357
v 0.522861 -0.477147 1.516898
v 0.230779 -0.654578 1.603021
v 0.260428 -0.452963 1.609797
v -0.091703 -0.602358 1.675165
v -0.054226 -0.407022 1.683478
v -0.391326 -0.589110 1.732931
v -0.341869 -0.291693 1.748174
v -0.559347 -0.212684 1.729415
v -0.605473 -0.576284 1.722343
v -0.713751 -0.219752 1.656444
v -0.713857 -0.509924 1.686297
v 0.142838 -0.184981 3.933214
v 0.084229 -0.260350 3.880899
v -0.082383 -0.303132 3.466394
v -0.097185 -0.307429 3.273862
v -0.132219 -0.262971 3.104503
v -0.096276 -0.261860 2.967853
v 0.045112 -0.323978 2.844546
v -0.657169 -0.197199 1.735120
v -0.624813 -0.501666 1.789521
v -0.560949 -0.146093 1.820491
v -0.486844 -0.523248 1.924944
v -0.439689 -0.098549 1.949027
v -0.254215 -0.502060 2.169264
v -0.373194 -0.032511 2.306625
v -0.175459 -0.041185 2.125924
v 0.118517 -0.373709 2.588230
v -0.052944 -0.444981 2.385652
v -0.352842 -0.072002 2.051299
v 0.102800 -0.360593 3.373953
v 0.328253 -0.137480 3.310459
v -0.267857 -0.121071 3.417946
v -0.023865 -0.334813 3.457399
v 0.244639 -0.317851 3.385423
v -0.170806 0.173102 3.479384
v -0.256836 0.006873 3.410728
v -0.186805 -0.200518 3.553940
v -0.119896 -0.272012 3.414956
v -0.073620 -0.313240 3.401604
v -0.099721 -0.289958 3.446190
v -0.153891 -0.232916 3.498216
v -0.189604 0.147643 3.461735
v -0.274395 -0.058665 3.446136
v 0.033112 -0.355773 3.427909
v 0.267255 -0.276357 3.355613
v -0.231539 -0.169609 3.496432
v -0.052360 -0.321570 3.436852
v 0.179318 -0.345290 3.393262
v -0.274056 -0.061025 2.617189
v -0.295891 -0.039234 2.546379
v -0.275539 -0.083499 2.727016
v -0.251929 0.096867 3.192461
v -0.263969 -0.063846 2.903088
v 0.314092 -0.010112 2.615930
v 0.221224 -0.025888 2.805017
v 0.192435 -0.065833 2.906711
v -0.252739 0.059857 3.023932
v 0.169406 -0.134385 3.012046
v 0.228716 -0.160771 3.157910
v -0.238493 0.092066 3.352697
v 0.296661 -0.160592 3.278739
v -0.221689 0.107696 3.498512
v 0.342150 -0.155798 3.379805
v -0.181748 0.102394 3.599683
v 0.357042 -0.157021 3.494337
v -0.070966 0.047832 3.773076
v 0.365778 -0.158048 3.687057
v 0.055459 -0.006905 3.913841
v -0.016185 0.018047 3.847518
v 0.352660 -0.161555 3.777546
v 0.337247 -0.141822 3.856196
v -0.007672 -0.144400 4.146619
v 0.071215 -0.035167 4.004132
v 0.303043 -0.091403 3.951849
v 0.089887 -0.069655 4.065069
v 0.291296 -0.031309 4.028228
v 0.152702 -0.131899 4.416400
v 0.344516 0.016219 4.070326
v 0.063809 -0.162476 4.305283
v 0.248579 -0.085901 4.486205
v 0.416196 0.058716 4.131436
v 0.490496 0.095310 4.234740
v 0.347169 0.005761 4.487535
v 0.480815 0.076574 4.371840
v 0.433915 0.049823 4.437195
v 0.299366 -0.018259 4.508904
v 0.389956 0.027420 4.464506
v -0.221190 0.099846 3.460366
v 0.323454 -0.164499 3.336278
v 0.298958 -0.190472 3.316175
v -0.212793 0.119960 3.416946
v 0.421176 0.021248 4.448854
v 0.341856 -0.018906 4.491546
v 0.466793 0.044900 4.410654
v 0.382551 0.001694 4.469643
v 0.277817 -0.050500 4.505957
v 0.499958 0.075785 4.305857
v 0.183943 -0.095761 4.467198
v 0.089678 -0.137088 4.372434
v 0.462934 0.074050 4.176661
v 0.377188 0.028364 4.095978
v 0.001402 -0.145247 4.225132
v -0.007455 -0.122258 4.111741
v 0.325911 -0.002763 4.057683
v 0.078089 -0.053478 4.048058
v 0.286936 -0.071105 3.997777
v 0.062927 -0.006733 3.960069
v 0.308308 -0.139791 3.902900
v 0.047021 0.020093 3.883935
v 0.327986 -0.174706 3.831156
v -0.022567 0.051011 3.822171
v 0.345777 -0.186633 3.744915
v -0.107731 0.100317 3.689057
v 0.354218 -0.181578 3.592608
v 0.342098 -0.178870 3.426636
v -0.196563 0.132229 3.537219
v -0.206256 0.128169 3.482916
v 0.321014 -0.186965 3.355918
v 0.252901 -0.180097 3.227712
v -0.228872 0.122506 3.272094
v 0.181033 -0.165453 3.084408
v -0.228028 0.134670 3.105335
v -0.281782 -0.034639 2.660676
v -0.270269 -0.042431 2.817580
v -0.247045 0.027853 2.962181
v 0.154128 -0.132402 2.955540
v 0.199420 -0.062295 2.862185
v 0.268024 -0.034925 2.715429
v -0.275597 -0.027888 2.573630
v 0.143965 -0.409332 3.691624
v -0.124126 -0.259460 3.555300
v -0.120684 -0.190975 3.788427
v 0.128933 -0.390813 3.587008
v -0.162072 -0.209609 3.625316
v -0.037266 -0.285876 3.856883
v -0.081675 -0.290255 3.536138
v -0.001598 -0.324614 3.845617
v 0.046256 -0.392843 3.801533
v -0.016042 -0.316485 3.561129
v -0.144422 -0.196284 3.760269
v -0.063583 -0.279504 3.858957
v -0.139477 -0.230658 3.626735
v -0.105683 -0.228283 3.836148
v 0.061764 -0.375066 3.567524
v -0.162462 -0.199996 3.681577
v -0.025102 -0.327803 3.850587
v -0.072517 -0.269136 3.578710
v 0.102151 -0.413138 3.635161
v 0.089758 -0.419680 3.730957
v -0.105154 -0.253806 3.591673
v 0.004884 -0.358732 3.835965
v 0.312964 -0.043398 2.607452
v 0.218853 -0.070203 2.803989
v 0.177853 -0.106942 2.906511
v 0.143758 -0.165571 3.013475
v 0.202631 -0.197537 3.161418
v 0.268561 -0.208798 3.284364
v 0.314163 -0.218534 3.383633
v 0.327880 -0.218506 3.494752
v 0.335397 -0.219691 3.687670
v 0.316886 -0.218847 3.779395
v 0.308215 -0.185108 3.857920
v -0.602685 -0.251141 1.565105
v 0.424566 -0.480980 1.619802
v 0.285171 -0.117907 3.953836
v 0.288816 -0.050533 4.029937
v 0.344982 0.002387 4.071664
v 0.420157 0.040276 4.132636
v 0.497858 0.072149 4.234851
v 0.376477 -0.022833 4.470800
v 0.493762 0.041925 4.366513
v 0.448818 0.013927 4.428533
v 0.329661 -0.046311 4.490674
v 0.412041 -0.004829 4.451659
v 0.295136 -0.220724 3.341320
v -0.268018 -0.120755 2.620882
v -0.294412 -0.072373 2.551191
v -0.260779 -0.178998 2.725715
v -0.287191 0.020461 3.195869
v -0.254390 -0.157963 2.901782
v -0.284388 0.009201 3.026767
v -0.255280 0.037564 3.353694
v -0.249938 0.058117 3.490980
v -0.206624 0.054616 3.600009
v -0.097352 0.001010 3.773115
v 0.046719 -0.033862 3.909731
v -0.042480 -0.027595 3.847641
v -0.626850 -0.237971 1.731827
v -0.196827 -0.413800 1.804223
v -0.567829 -0.258927 1.813283
v 0.024481 -0.156575 4.136706
v 0.082002 -0.050678 3.994758
v 0.102497 -0.070237 4.053573
v 0.194582 -0.155510 4.399143
v 0.101830 -0.178987 4.289366
v 0.284538 -0.110373 4.458499
v -0.525100 -0.276299 1.542967
v -0.247884 0.049830 3.452833
v 0.283405 -0.481797 1.675542
v -0.330300 -0.030716 2.521727
v -0.273128 -0.074103 2.577412
v 0.267714 -0.075566 2.713224
v 0.191719 -0.106575 2.861640
v -0.331358 -0.011223 2.520621
v -0.523228 -0.123387 2.317241
v -0.330187 -0.053078 2.519448
v -0.674041 -0.193138 2.071362
v -0.376773 -0.067934 2.470165
v 0.131001 -0.164536 2.956256
v 0.155733 -0.197888 3.086577
v 0.226851 -0.222297 3.232635
v 0.287500 -0.255952 3.362913
v 0.301426 -0.259955 3.429959
v 0.313260 -0.261674 3.593806
v 0.306471 -0.255635 3.746513
v 0.297380 -0.221921 3.832874
v 0.284964 -0.176665 3.905146
v -0.086688 -0.432397 1.520028
v -0.789314 -0.232500 1.793271
v -0.779131 -0.237587 1.865984
v -0.432135 -0.327855 1.527864
v -0.332338 -0.339245 1.551689
v 0.052041 -0.477401 1.469875
v -0.212141 -0.378647 1.570114
v 0.278469 -0.093160 3.998972
v 0.324870 -0.019132 4.059745
v 0.378441 0.008975 4.098410
v 0.468332 0.050177 4.178840
v 0.508365 0.044441 4.301479
v 0.307889 -0.077817 4.481538
v 0.405634 -0.029222 4.450400
v 0.477505 0.007692 4.398871
v 0.369165 -0.047682 4.470028
v 0.436168 -0.013764 4.433966
v 0.271099 -0.241944 3.323141
v -0.239308 0.070138 3.415038
v 0.362836 -0.474232 1.416006
v 0.219727 -0.121854 4.447404
v 0.127892 -0.161880 4.360130
v 0.033393 -0.163493 4.215497
v 0.018629 -0.134032 4.104340
v 0.501520 -0.460344 1.194253
v 0.213154 -0.479225 1.450842
v 0.092005 -0.056737 4.035336
v 0.411624 -0.510027 0.978714
v 0.613586 -0.512612 1.400980
v 0.460390 -0.481407 1.090362
v 0.659331 -0.519937 1.550174
v 0.064494 -0.028758 3.954245
v 0.029324 -0.009600 3.881542
v -0.051204 0.005136 3.822657
v -0.135441 0.054608 3.689394
v -0.225144 0.084698 3.535044
v -0.236392 0.079446 3.475697
v -0.264248 0.060048 3.276560
v -0.275097 0.064438 3.107743
v -0.273376 -0.115853 2.665576
v -0.221566 -0.027351 2.171901
v 0.113077 -0.049158 2.176456
v -0.265576 -0.140787 2.816267
v 0.190926 -0.332668 2.450309
v -0.022448 -0.029688 2.165024
v -0.064366 -0.139480 2.091834
v -0.262152 -0.061094 2.961405
v -0.657766 -0.260595 1.698261
v -0.677803 -0.495675 1.692935
v -0.645530 -0.275692 1.537948
v -0.587853 -0.575208 1.617855
v -0.613976 -0.566106 1.758197
v -0.701793 -0.540980 1.649840
v -0.567511 -0.532188 1.554473
v -0.536170 -0.230395 1.613648
v -0.541840 -0.495269 1.517507
v -0.660293 -0.446159 1.705333
v -0.519719 -0.423460 1.492434
v -0.633380 -0.340530 1.505947
v -0.555346 -0.212497 1.690216
v -0.664291 -0.226693 1.682134
v -0.576069 -0.326742 1.846073
v -0.651225 -0.381613 1.709825
v -0.670153 -0.220409 1.663346
v -0.702845 -0.536388 1.671907
v -0.280823 -0.195897 1.920893
v 0.160433 -0.352299 2.492216
v -0.541842 -0.256311 1.715634
v -0.599845 -0.155832 2.205751
v -0.669890 -0.549364 1.701849
v -0.628152 -0.216146 1.676567
v -0.632025 -0.354949 1.774103
v -0.627321 -0.218552 1.700615
v -0.584229 -0.378092 1.493212
v -0.640395 -0.423163 1.771399
v -0.660513 -0.287134 1.660050
v -0.598468 -0.446989 1.499861
v -0.619497 -0.222676 1.632117
v -0.624910 -0.496128 1.530666
v -0.765025 -0.248915 1.922865
v -0.664096 -0.555019 1.677492
v -0.648095 -0.532916 1.576308
v -0.589262 -0.308844 1.516988
v -0.722907 -0.250610 1.579773
v -0.656178 -0.485083 1.754661
v -0.669440 -0.528837 1.728836
v -0.628508 -0.289393 1.760750
v -0.663011 -0.258859 1.642615
v -0.658417 -0.557516 1.635486
v 0.366379 -0.131324 3.797912
v -0.045229 -0.141131 3.854174
v 0.064508 0.054092 3.884573
v -0.033021 -0.056777 3.856745
v 0.021441 -0.194240 3.880328
v 0.199148 -0.308106 3.838049
v 0.247020 -0.301805 3.801931
v 0.048425 -0.231879 3.888120
v 0.070542 -0.328163 3.841549
v 0.026178 -0.294124 3.860301
v 0.013949 0.035319 3.857134
v 0.330770 -0.186524 3.799999
v 0.295753 -0.240461 3.801922
v -0.011304 -0.006836 3.857368
v 0.017646 0.013089 3.864333
v 0.278216 -0.258142 3.818151
v 0.312889 -0.206052 3.816503
v 0.039551 0.051362 3.864697
v 0.033573 -0.265638 3.876900
v 0.070727 -0.296299 3.865541
v 0.220152 -0.316157 3.815925
v -0.004592 -0.222913 3.872809
v -0.003648 -0.025436 3.864216
v -0.016759 -0.099878 3.860897
v 0.133122 -0.328828 3.835895
v 0.346167 -0.154714 3.814634
v -0.023826 -0.173815 3.861153
v 0.551799 -0.502303 1.624612
v 0.634849 -0.524212 1.640983
v 0.357362 -0.518270 1.013649
v 0.639570 -0.517865 1.482973
v 0.126924 -0.479781 1.730552
v 0.571753 -0.491679 1.178193
v -0.480936 -0.308471 1.870362
v -0.605704 -0.241779 1.687244
v -0.652477 -0.233421 1.669365
v -0.184709 -0.166456 2.003495
v -0.396637 -0.222396 1.819650
v 0.243199 -0.069391 2.289026
v 0.304679 -0.061341 2.435987
v 0.310519 -0.013541 2.457415
v 0.309252 -0.033395 2.453844
v -0.107937 -0.238753 3.618257
v 0.041960 -0.425134 3.765258
v 0.058323 -0.434153 3.677430
v -0.022928 -0.358861 3.843679
v 0.005461 -0.389611 3.821193
v -0.156733 -0.216383 3.682618
v -0.073967 -0.269239 3.594535
v -0.137199 -0.226323 3.821445
v -0.100177 -0.270053 3.858385
v 0.036809 -0.395618 3.597285
v -0.053471 -0.324260 3.859109
v -0.165874 -0.202135 3.736254
v -0.136086 -0.216450 3.643032
v -0.022121 -0.326870 3.577885
v 0.027556 -0.088486 2.137568
v -0.087785 -0.054664 2.140561
v -0.447534 -0.057441 2.382780
v 0.160032 -0.335933 2.702830
v -1.091766 -0.617905 3.375865
v -1.054813 -0.667188 3.406089
v -1.307673 -0.782780 3.258230
v -1.333420 -0.790775 3.208203
v -1.289078 -0.761188 3.211715
v -1.345350 -0.745453 3.213132
v -1.343141 -0.757223 3.231226
v -1.284573 -0.774567 3.212404
v -1.322034 -0.769223 3.249211
v -1.306251 -0.784126 3.210174
v -1.303406 -0.766299 3.203339
v -1.322731 -0.746873 3.237836
v -1.318190 -0.790725 3.232971
v -1.316041 -0.750548 3.214761
v -1.332953 -0.761832 3.299703
v -1.354522 -0.770638 3.255057
v -1.317410 -0.733650 3.253788
v -1.374385 -0.720891 3.250779
v -1.330050 -0.738778 3.293420
v -1.307503 -0.752167 3.261684
v -1.350549 -0.726244 3.273888
v -1.327721 -0.764101 3.258822
v -1.329103 -0.741826 3.248110
v -1.346973 -0.750234 3.290014
v -1.341280 -0.769736 3.278748
v -1.346238 -0.723472 3.251908
v -1.338573 -0.708373 3.287256
v -1.357323 -0.691336 3.310359
v -1.338621 -0.756119 3.311471
v -1.373443 -0.732813 3.282773
v -1.363463 -0.716266 3.323928
v -1.377130 -0.746038 3.315602
v -1.353131 -0.720884 3.281848
v -1.357069 -0.753982 3.315192
v -1.347868 -0.736090 3.331041
v -1.334877 -0.702147 3.331006
v -1.344810 -0.695149 3.299328
v -1.352400 -0.745775 3.297678
v -1.286718 -0.798269 3.210422
v -1.280594 -0.800158 3.188909
v -1.278723 -0.766782 3.200668
v -1.314453 -0.777386 3.186315
v -1.242136 -0.766645 3.197954
v -1.235103 -0.783836 3.200437
v -1.254721 -0.794446 3.195354
v -1.250133 -0.774209 3.188395
v -1.303341 -0.787099 3.198230
v -1.276025 -0.765635 3.188837
v -1.285198 -0.802027 3.200623
v -1.298757 -0.770945 3.193403
v -0.916582 -0.617237 3.324392
v -0.993729 -0.617687 3.435679
v -0.959054 -0.573055 3.430351
v -0.953176 -0.706708 3.376910
v -0.931387 -0.687566 3.436778
v -0.908515 -0.700277 3.375354
v -0.944567 -0.665374 3.318412
v -0.901788 -0.685541 3.349265
v -0.990540 -0.584748 3.379945
v -0.936595 -0.579917 3.341840
v -0.978820 -0.675695 3.435046
v -0.948163 -0.637071 3.463242
v -0.947638 -0.567091 3.365260
v -0.923039 -0.698713 3.415734
v -0.939140 -0.704100 3.395095
v -0.970710 -0.575266 3.371747
v -0.973205 -0.625569 3.449494
v -0.930512 -0.644121 3.319236
v -0.956246 -0.682622 3.436839
v -0.965016 -0.658909 3.449895
v -0.961642 -0.583343 3.349004
v -0.923851 -0.675123 3.330448
v -0.925847 -0.695772 3.354653
v -0.946993 -0.696284 3.415710
v -0.978225 -0.595625 3.435830
v -0.945979 -0.607107 3.327966
v -0.932771 -0.704667 3.376196
v -0.976956 -0.577457 3.403477
v -1.162001 -0.770761 3.310161
v -1.093108 -0.747282 3.298911
v -1.083250 -0.724558 3.276952
v -1.099939 -0.642788 3.284397
v -1.201086 -0.681455 3.393327
v -1.143087 -0.647709 3.396783
v -1.121987 -0.686079 3.248312
v -1.083150 -0.701722 3.264390
v -1.184710 -0.753786 3.360694
v -1.136248 -0.719878 3.390662
v -1.190640 -0.595241 3.354956
v -1.133147 -0.610714 3.335095
v -1.117437 -0.623322 3.310563
v -1.118283 -0.749215 3.347641
v -1.140976 -0.759847 3.329741
v -1.151435 -0.616164 3.316434
v -1.125941 -0.761259 3.301143
v -1.109686 -0.664514 3.267116
v -1.166489 -0.617845 3.379276
v -1.163318 -0.600706 3.343482
v -1.161085 -0.737722 3.377550
v -1.102577 -0.693921 3.251825
v -1.171394 -0.661031 3.397584
v -1.168630 -0.704398 3.392370
v -1.127050 -0.639478 3.291215
v -1.101222 -0.721955 3.254202
v -1.107729 -0.746934 3.271783
v -1.150726 -0.753502 3.352638
v -1.087598 -0.614205 3.346977
v -1.043919 -0.619297 3.337507
v -1.053144 -0.659228 3.285084
v -1.010602 -0.698288 3.310462
v -1.059474 -0.644916 3.406748
v -1.028699 -0.716133 3.368892
v -1.011522 -0.682484 3.299824
v -1.016682 -0.713159 3.332999
v -1.078626 -0.724226 3.378207
v -1.033306 -0.629590 3.316740
v -1.047764 -0.692251 3.402055
v -1.061775 -0.732637 3.338085
v -1.057406 -0.622249 3.387700
v -1.091892 -0.677741 3.401046
v -1.045523 -0.725386 3.353900
v -1.066113 -0.616232 3.341420
v -1.072480 -0.614816 3.367049
v -1.038079 -0.724239 3.335305
v -1.042525 -0.643064 3.299043
v -1.062927 -0.709245 3.391601
v -1.031653 -0.672957 3.291320
v -1.076495 -0.660603 3.405615
v -1.070724 -0.686652 3.402433
v -1.055956 -0.623585 3.318975
v -1.027912 -0.695816 3.296947
v -1.030964 -0.713400 3.315105
v -1.053512 -0.720926 3.373152
v -1.077132 -0.633063 3.395266
v -0.953845 -0.634021 3.317970
v -0.994646 -0.595561 3.414270
v -0.968646 -0.692523 3.416032
v -0.948108 -0.702494 3.359738
v -0.941735 -0.688541 3.335047
v -0.971795 -0.601175 3.334773
v -0.986799 -0.647954 3.439321
v -0.982226 -0.589880 3.356128
v -0.960248 -0.702770 3.397326
v -1.024990 -0.633573 3.418009
v -0.985385 -0.708942 3.362397
v -0.977493 -0.674342 3.310798
v -1.019995 -0.604942 3.369908
v -1.011594 -0.681578 3.414836
v -0.972417 -0.707049 3.379380
v -1.001406 -0.596077 3.362581
v -1.006816 -0.638696 3.429329
v -0.964361 -0.656526 3.312846
v -0.989925 -0.687732 3.416949
v -0.999577 -0.666431 3.428295
v -0.992636 -0.603202 3.341831
v -0.958933 -0.680774 3.320070
v -0.961543 -0.697600 3.341012
v -0.980101 -0.700314 3.398311
v -1.010338 -0.614393 3.419388
v -0.978252 -0.624370 3.322171
v -0.967230 -0.706742 3.361720
v -1.008146 -0.598289 3.391209
v -0.915303 -0.577939 3.479831
v -0.872330 -0.701161 3.413050
v -0.861957 -0.643027 3.337308
v -0.916635 -0.534188 3.404944
v -0.896608 -0.660931 3.485622
v -0.810881 -0.570047 3.342565
v -0.857976 -0.509039 3.475835
v -0.825708 -0.673223 3.495865
v -0.796375 -0.694083 3.420162
v -0.788703 -0.677337 3.390181
v -0.836653 -0.519751 3.361688
v -0.838489 -0.605808 3.531150
v -0.849412 -0.502457 3.390969
v -0.817536 -0.687040 3.468226
v -0.893387 -0.521684 3.436204
v -0.840490 -0.699155 3.414936
v -0.859517 -0.561027 3.343335
v -0.892186 -0.545369 3.479745
v -0.858310 -0.685455 3.462248
v -0.830315 -0.690977 3.391283
v -0.829987 -0.660207 3.358368
v -0.878588 -0.530222 3.368053
v -0.872442 -0.638638 3.507721
v -0.866048 -0.668832 3.490108
v -0.839893 -0.611165 3.336321
v -0.883158 -0.590356 3.503412
v -0.888458 -0.519566 3.396145
v -0.850009 -0.696207 3.437123
v -0.873976 -0.598114 3.331718
v -0.918346 -0.547320 3.448711
v -0.888784 -0.681870 3.460510
v -0.863263 -0.697760 3.393253
v -0.856139 -0.682156 3.365575
v -0.896336 -0.555636 3.349881
v -0.903978 -0.624592 3.490584
v -0.908075 -0.541042 3.375663
v -0.880495 -0.694061 3.436789
v -0.957145 -0.599151 3.456288
v -0.915457 -0.704119 3.393768
v -0.906017 -0.654911 3.327218
v -0.956066 -0.561159 3.391623
v -0.940466 -0.668826 3.458640
v -0.938216 -0.551612 3.418668
v -0.889962 -0.702110 3.394108
v -0.905891 -0.585706 3.335109
v -0.938339 -0.572350 3.456203
v -0.905864 -0.691291 3.437253
v -0.881516 -0.693525 3.371555
v -0.880292 -0.668148 3.343321
v -0.923140 -0.558703 3.357860
v -0.922093 -0.649561 3.476692
v -0.914420 -0.676268 3.461515
v -0.888474 -0.628770 3.327131
v -0.931458 -0.609279 3.474497
v -0.932581 -0.549442 3.383080
v -0.897800 -0.700453 3.414545
v 0.267120 -0.094473 4.051307
v 0.186159 -0.126047 4.083820
v 0.164887 -0.111753 4.061356
v 0.317249 -0.044827 4.065129
v 0.299799 -0.007772 4.042726
v 0.247829 -0.115214 4.073567
v -0.025011 -0.102206 4.115733
v 0.054107 -0.141347 4.095161
v 0.131059 -0.106416 4.063421
v 0.210736 -0.114030 4.056013
v 0.058224 -0.077387 4.080323
v 0.301019 -0.020586 4.042692
v 0.299050 -0.039630 4.045067
v 0.077552 -0.086715 4.072411
v 0.035457 -0.106705 4.089803
v 0.309134 -0.040529 4.054781
v 0.313334 -0.019319 4.050743
v 0.013498 -0.093411 4.096326
v 0.198317 -0.118001 4.068570
v 0.100200 -0.122049 4.077641
v 0.059649 -0.115860 4.081061
v 0.259897 -0.103251 4.062819
v 0.312964 -0.005318 4.050045
v 0.144043 -0.122357 4.077797
v 0.224915 -0.117381 4.065273
v 0.292655 -0.071709 4.059905
v 0.174902 -0.119417 4.073356
v 0.517443 0.304203 3.839509
v 0.476841 0.523750 3.714157
v 0.335611 0.527565 3.883767
v 0.541612 0.326001 3.770476
v 0.393094 0.547902 3.756958
v 0.403085 0.422978 3.944911
v 0.549408 0.528249 3.705741
v 0.569603 0.409163 3.725346
v 0.489195 0.558829 3.739177
v 0.572702 0.602455 3.767118
v 0.418873 0.570102 3.785688
v 0.569880 0.405747 3.922369
v 0.581549 0.354321 3.763658
v 0.575182 0.331670 3.823628
v 0.652322 0.409113 3.884703
v 0.671577 0.396159 3.851236
v 0.570161 0.559525 3.719453
v 0.675914 0.491197 3.722101
v 0.461304 0.561213 3.871308
v 0.392908 0.562052 3.845984
v 0.549645 0.329095 3.877962
v 0.548964 0.602711 3.819738
v 0.609122 0.393878 3.756513
v 0.690497 0.400389 3.808186
v 0.525709 0.476885 3.931285
v 0.573211 0.543395 3.899713
v 0.407125 0.526334 3.910570
v 0.473815 0.427338 3.944379
v 0.529278 0.355022 3.918108
v 0.441251 0.471035 3.941943
v 0.672683 0.582545 3.706737
v 0.725357 0.475841 3.723588
v 0.633608 0.613712 3.734713
v 0.856689 0.485133 3.890829
v 0.592822 0.629027 3.786633
v 0.623030 0.618311 3.877749
v 0.737688 0.428485 3.772233
v 0.722765 0.407655 3.835071
v 0.757993 0.689203 3.820385
v 0.868693 0.492746 3.817806
v 0.674950 0.546333 3.924079
v 0.775939 0.631683 3.932076
v 0.654501 0.646571 3.755396
v 0.575550 0.613607 3.845206
v 0.695008 0.412039 3.881189
v 0.810923 0.660560 3.728295
v 0.734048 0.442165 3.903221
v 0.847125 0.530456 3.940381
v 0.753558 0.530042 3.704699
v 0.865020 0.523535 3.757126
v 0.581065 0.575850 3.891345
v 0.631969 0.508164 3.912123
v 0.671299 0.439979 3.900491
v 0.607112 0.540314 3.909345
v 0.874983 0.655821 3.734518
v 0.906484 0.574357 3.748703
v 0.848827 0.685211 3.754976
v 0.849900 0.679928 3.889630
v 0.823773 0.701681 3.799809
v 0.868566 0.655999 3.932817
v 0.915315 0.529392 3.796307
v 0.910536 0.513366 3.863584
v 0.943099 0.562701 3.780259
v 0.851086 0.706164 3.830062
v 0.867438 0.701258 3.783096
v 0.922925 0.569902 3.940141
v 0.891563 0.628888 3.942614
v 0.815392 0.689208 3.861779
v 0.902480 0.512203 3.916399
v 0.929854 0.534886 3.928258
v 0.947667 0.535602 3.831421
v 0.936467 0.529546 3.894015
v 0.893823 0.681034 3.751321
v 0.928173 0.615074 3.746981
v 0.824131 0.660627 3.918636
v 0.872678 0.600257 3.946290
v 0.899524 0.534891 3.937338
v 0.848990 0.631919 3.943289
v 0.926861 0.681876 3.752470
v 0.962127 0.604704 3.765830
v 0.903803 0.705241 3.770051
v 0.886027 0.705417 3.902606
v 0.879515 0.716826 3.808089
v 0.973569 0.720478 3.977477
v 0.974170 0.561615 3.806899
v 0.967932 0.545638 3.863500
v 1.080070 0.666859 3.785528
v 0.892835 0.738714 3.840424
v 0.980137 0.794928 3.808902
v 0.962190 0.592722 3.952425
v 1.004500 0.690466 3.984062
v 0.867347 0.703514 3.859903
v 0.953983 0.543142 3.914557
v 1.052982 0.620683 3.956067
v 1.002782 0.572525 3.834592
v 1.066003 0.610529 3.920867
v 0.949290 0.722844 3.755915
v 1.063347 0.723004 3.752132
v 0.876408 0.674735 3.914650
v 0.918070 0.625045 3.943542
v 0.945531 0.562955 3.937167
v 0.898915 0.651239 3.941779
v 1.063999 0.791691 3.773458
v 1.109971 0.722004 3.778472
v 1.033638 0.811672 3.800843
v 1.310761 0.822777 3.875754
v 1.006036 0.817639 3.852635
v 1.047260 0.830058 3.892731
v 1.127308 0.675409 3.823341
v 1.125891 0.649714 3.891770
v 1.253615 0.902082 3.899588
v 1.144818 0.703718 3.973284
v 1.279520 0.847643 3.964820
v 1.310150 0.809694 3.940968
v 1.169128 0.689732 3.862629
v 1.000713 0.796198 3.916707
v 1.113537 0.647373 3.946498
v 1.317584 0.801228 3.916377
v 1.090309 0.821654 3.799586
v 1.294573 0.854074 3.861853
v 1.075164 0.774217 3.982751
v 1.257105 0.887421 3.944756
v 1.014537 0.762728 3.970376
v 1.071114 0.709286 3.985743
v 1.105669 0.664245 3.968854
v 1.042741 0.735435 3.988440
v 1.290313 0.890293 3.872953
v 1.317472 0.847282 3.871401
v 1.276303 0.905174 3.889361
v 1.266797 0.911214 3.915950
v 1.330619 0.821935 3.888812
v 1.334094 0.812133 3.906823
v 1.269899 0.903868 3.937079
v 1.329191 0.815839 3.929017
v 1.278901 0.888192 3.954912
v 1.301590 0.848620 3.964701
v 1.321896 0.823638 3.948459
v 1.289712 0.868088 3.965038
v 1.298153 0.909149 3.878654
v 1.339934 0.915899 3.865409
v 1.340396 0.842753 3.879351
v 1.382075 0.842698 3.924107
v 1.308894 0.947439 3.936778
v 1.361527 0.876749 3.978561
v 1.382095 0.846795 3.900394
v 1.378522 0.848579 3.952232
v 1.313224 0.869089 3.969517
v 1.348093 0.939511 3.867445
v 1.381170 0.886761 3.865170
v 1.330411 0.956868 3.877258
v 1.415286 0.888220 3.977439
v 1.320148 0.965029 3.913181
v 1.479260 0.884971 3.964786
v 1.395654 0.863691 3.886989
v 1.401586 0.852684 3.913352
v 1.474476 0.873532 3.928245
v 1.426370 0.925573 3.877140
v 1.350157 0.969105 3.962953
v 1.361516 1.033972 3.922780
v 1.407802 0.882127 3.876070
v 1.326999 0.956806 3.951216
v 1.400307 0.853497 3.941935
v 1.470719 0.877737 3.902360
v 1.388684 0.925288 3.994852
v 1.409683 0.989878 3.998553
v 1.336793 0.983225 3.883583
v 1.393201 1.013198 3.860774
v 1.341357 0.938675 3.974463
v 1.374973 0.898514 3.987564
v 1.396232 0.865222 3.964970
v 1.359149 0.918618 3.989529
v 0.954935 0.753399 3.937942
v 0.903623 0.675079 3.947389
v 1.002854 0.605566 3.781259
v 0.956641 0.790993 3.868620
v 0.917309 0.737858 3.790127
v 1.045805 0.640583 3.973839
v 0.927550 0.647859 3.957178
v 0.969801 0.565412 3.938011
v 1.083219 0.629616 3.845547
v 0.983745 0.559168 3.900828
v 1.017103 0.780821 3.766074
v 0.988351 0.660331 3.748655
v 0.917547 0.710288 3.947870
v 0.912793 0.750118 3.888667
v 1.041601 0.615138 3.805445
v 0.997758 0.741568 3.748168
v 1.027995 0.586669 3.876971
v 1.007197 0.581713 3.934641
v 0.986565 0.623212 3.969949
v 0.931418 0.771633 3.822412
v 1.035192 0.665799 3.757496
v 0.998040 0.598735 3.959415
v 0.966622 0.763150 3.772366
v 0.942078 0.677777 3.972370
v 1.423119 1.007360 3.868612
v 1.458628 0.917705 3.887378
v 1.397172 1.048192 3.855219
v 1.435736 1.054196 3.879252
v 1.376107 1.058529 3.886752
v 1.450555 1.054847 3.914219
v 1.484053 0.893313 3.895620
v 1.498355 0.881869 3.917593
v 1.503324 1.034574 3.928042
v 1.434361 1.049220 3.980242
v 1.413765 1.065258 3.908675
v 1.466910 1.069281 3.956413
v 1.497100 0.912844 3.899877
v 1.390697 1.047876 3.947926
v 1.503812 0.884900 3.949582
v 1.555362 0.918665 3.931878
v 1.480860 1.000505 4.014613
v 1.505571 1.056985 4.010632
v 1.529262 0.904626 3.973779
v 1.571595 0.963412 3.990366
v 1.419501 1.024798 3.988773
v 1.466784 0.966984 4.008714
v 1.499029 0.913371 3.984231
v 1.443988 0.995974 4.009967
v 1.495649 1.163758 3.819359
v 1.507276 1.151993 3.836123
v 1.489877 1.173291 3.840722
v 1.501503 1.161526 3.857486
v 1.458393 1.145237 3.830561
v 1.400600 1.085305 3.895767
v 1.479509 1.126513 3.828494
v 1.484790 1.125365 3.861850
v 1.401077 1.080147 3.854571
v 1.462728 1.146031 3.870842
v 1.429923 1.067692 3.851117
v 1.437688 1.074787 3.882340
v 1.442187 1.105142 3.883822
v 1.458084 1.092222 3.855396
v 1.437211 1.101222 3.836243
v 1.421314 1.114142 3.864669
v 1.523238 1.025831 3.929218
v 1.553919 0.951611 3.924149
v 1.527784 1.048379 3.932974
v 1.568474 0.974603 3.932326
v 1.560038 0.934681 3.926084
v 1.570972 0.926355 3.939413
v 1.554097 1.048138 3.937144
v 1.580418 0.954877 3.932991
v 1.508175 1.075739 3.942124
v 1.597629 0.976303 3.942591
v 1.548316 1.067821 3.952916
v 1.484648 1.076372 3.965948
v 1.577549 0.924915 3.962939
v 1.594393 1.079872 3.978494
v 1.646884 0.991558 3.955744
v 1.572589 1.106890 3.931924
v 1.604282 0.974635 3.961322
v 1.547693 1.060994 3.983773
v 1.509279 1.071881 3.996011
v 1.556095 1.034067 3.998303
v 1.591859 0.949431 3.978374
v 1.534036 1.063118 4.004730
v 1.530959 0.966359 3.924362
v 1.560965 0.914271 3.950939
v 1.505421 1.060542 3.936900
v 1.450927 1.033958 3.893846
v 1.481510 1.064739 3.988086
v 1.413782 1.060348 3.942037
v 1.541920 0.929566 3.918165
v 1.519587 0.895587 3.917050
v 1.527006 1.036445 4.009096
v 1.457928 1.027925 4.010120
v 1.567432 0.923848 3.977637
v 1.516845 0.945284 3.998978
v 1.477259 0.945910 3.902929
v 1.524251 0.892530 3.940075
v 1.514943 0.937689 3.914130
v 1.537801 0.970178 4.003787
v 1.548331 0.906093 3.963105
v 1.544270 0.904239 3.937436
v 1.548691 0.934126 3.989343
v 1.494414 1.032931 4.016546
v 1.532605 0.911959 3.917693
v 1.448158 1.061009 3.972496
v 1.481531 1.045983 3.923603
v 1.473544 1.051029 4.004117
v 1.458653 1.061069 3.941802
v 1.482686 1.015721 3.914448
v 0.569795 0.482722 3.705177
v 0.500270 0.390100 3.939287
v 0.697929 0.535282 3.703615
v 0.651260 0.475611 3.909645
v 0.892305 0.622210 3.731159
v 0.888801 0.570856 3.944969
v 0.943888 0.650373 3.749782
v 0.934339 0.596655 3.942276
v 1.086726 0.765558 3.765470
v 1.092554 0.685662 3.980010
v 1.302549 0.873104 3.866873
v 1.312790 0.833366 3.959020
v 1.363842 0.914933 3.860861
v 1.387198 0.881982 3.978357
v 1.018343 0.712878 3.742307
v 0.967248 0.649294 3.973412
v 1.437978 0.956348 3.880632
v 1.482962 0.944194 4.001807
v 1.541623 0.992356 3.928528
v 1.576148 1.000876 3.937661
v 1.623019 1.036144 3.969930
v 1.584534 0.991535 3.987567
v 1.517417 1.000897 4.011901
v 1.497362 0.976616 3.915948
v 1.458504 0.989438 3.892583
v 1.502884 0.968576 4.008403
v 1.550805 0.998766 4.002194
v 1.568683 1.019262 3.975554
v 1.565419 1.024943 3.949148
v 1.547955 1.017617 3.934515
v 1.511792 1.003160 3.923379
v 0.946160 0.620546 3.955955
v 0.970024 0.694631 3.747788
v 1.407718 0.969085 3.866096
v 1.451430 0.937613 4.000504
v 1.356480 0.891330 3.860928
v 1.332826 0.914808 3.979844
v 1.335366 0.838530 3.956876
v 1.281321 0.873698 3.865150
v 1.291268 0.830524 3.962808
v 1.041711 0.755047 3.753991
v 1.027068 0.664863 3.980259
v 0.831107 0.563448 3.943989
v 0.911843 0.650558 3.744738
v 0.908418 0.600272 3.942368
v 0.835645 0.621629 3.719545
v 0.512964 0.488672 3.696256
v 0.657275 0.548770 3.707267
v 0.621304 0.483244 3.907518
v 0.433474 0.385537 3.940101
v 1.633488 0.963632 3.924162
v 1.643246 0.987738 3.919311
v 1.654434 1.005909 3.927848
v 1.639876 0.961872 3.942897
v 1.672494 1.015909 3.926455
v 1.660317 1.005479 3.942070
v 1.655516 0.985548 3.952268
v 1.598501 0.941505 3.969205
v 1.635961 0.992769 3.927971
v 1.607803 0.978265 3.947433
v 1.617679 0.962209 3.923625
v 1.619825 0.950561 3.938159
v 1.657504 1.030575 3.928332
v 1.660184 1.027260 3.946602
v 1.651861 1.047713 3.922043
v 1.670046 1.012422 3.916110
v 1.653766 1.040029 3.962525
v 1.638980 1.056383 3.954049
v 1.639755 1.060751 3.931837
v 1.609221 0.986640 3.972795
v 1.634583 1.020081 3.930028
v 1.580538 1.023793 3.939258
v 1.572723 1.022902 3.958689
v 1.636200 1.012001 3.941413
v 1.627150 1.096634 3.924935
v 1.613452 1.105583 3.938955
v 1.638480 1.117808 3.921848
v 1.610022 1.097811 3.964032
v 1.623212 1.082603 3.972461
v 1.629364 1.070619 3.957232
v 1.629873 1.076878 3.934783
v 1.576159 1.030762 3.986275
v 1.608951 1.068994 3.932967
v 1.562006 1.071480 3.938784
v 1.588208 1.086936 3.958729
v 1.605814 1.056568 3.951138
v 1.569656 1.125357 3.926471
v 1.595623 1.118637 3.938952
v 1.552631 1.130691 3.946879
v 1.649036 1.098896 3.920889
v 1.602529 1.118775 3.965432
v 1.571674 1.129499 3.974702
v 1.595605 1.124303 3.980775
v 1.500101 1.086345 3.947459
v 1.582541 1.102820 3.981190
v 1.550777 1.067978 3.967896
v 1.507723 1.083970 3.977992
v 1.535695 1.079435 3.999824
v 1.674116 0.990769 3.908498
v 1.681937 1.011709 3.904613
v 1.691175 1.028454 3.912348
v 1.679737 0.987939 3.926649
v 1.707987 1.008065 3.925593
v 1.696805 1.027171 3.925818
v 1.693188 1.007596 3.936234
v 1.698179 1.060011 3.910924
v 1.703376 1.058521 3.927418
v 1.692247 1.074540 3.906271
v 1.722095 1.035788 3.923977
v 1.699767 1.071210 3.941683
v 1.684734 1.084705 3.933663
v 1.682410 1.086545 3.914745
v 1.665838 1.125259 3.909014
v 1.653346 1.133482 3.920436
v 1.714683 1.106113 3.910574
v 1.654603 1.128697 3.942230
v 1.670540 1.116730 3.951400
v 1.674316 1.105807 3.936645
v 1.670872 1.109551 3.916050
v 1.608553 1.157281 3.912862
v 1.630483 1.151194 3.923066
v 1.596317 1.165817 3.932709
v 1.716647 1.102112 3.897179
v 1.639161 1.154400 3.946084
v 1.612512 1.166102 3.957842
v 1.633426 1.160773 3.961014
v 1.657132 1.071530 3.934555
v 1.666302 1.064586 3.952166
v 1.627216 1.114195 3.944027
v 1.618782 1.138417 3.965566
v 1.616577 1.133819 3.945876
v 1.663968 0.980579 3.942970
v 1.655505 0.973578 3.925399
v 1.665260 1.070117 3.916861
v 1.579013 1.147673 3.956093
v 1.603431 1.144311 3.973536
v 1.676794 1.042533 3.927526
v 1.675231 1.049866 3.917115
v 1.636197 1.106317 3.962727
v 1.679836 1.010475 3.941372
v 1.680397 1.045106 3.948328
v 1.649822 1.089411 3.959276
v 1.601945 1.135541 3.921550
v 1.575157 1.144380 3.927404
v 1.647354 1.087520 3.937137
v 1.653610 0.984231 3.912104
v 1.717836 1.021918 3.893322
v 1.721856 1.036323 3.891436
v 1.728908 1.048313 3.898131
v 1.723679 1.019290 3.910655
v 1.732249 1.037710 3.900244
v 1.736426 1.047778 3.911025
v 1.733499 1.033527 3.917912
v 1.754577 1.101694 3.887308
v 1.763880 1.102077 3.903261
v 1.747096 1.109938 3.885973
v 1.761898 1.116912 3.892314
v 1.762069 1.110855 3.913725
v 1.751156 1.119939 3.907694
v 1.743132 1.119182 3.892005
v 1.723191 1.167873 3.882538
v 1.717677 1.175224 3.888730
v 1.737760 1.174574 3.887258
v 1.725377 1.175097 3.904977
v 1.737692 1.166513 3.911970
v 1.740179 1.158376 3.900940
v 1.731047 1.159652 3.883752
v 1.660900 1.201975 3.897494
v 1.676152 1.197773 3.903088
v 1.653877 1.210078 3.907440
v 1.678774 1.212977 3.911341
v 1.686575 1.201526 3.921927
v 1.668071 1.211462 3.929131
v 1.682438 1.206447 3.933102
v 1.648256 1.176475 3.904467
v 1.626860 1.186648 3.908188
v 1.701533 1.140160 3.894499
v 1.690386 1.154988 3.897673
v 1.732463 1.080173 3.903730
v 1.726370 1.084896 3.894854
v 1.663020 1.176395 3.922098
v 1.700165 1.003254 3.907393
v 1.698064 1.012790 3.895236
v 1.686119 1.156361 3.912555
v 1.738989 1.084142 3.923327
v 1.631174 1.192973 3.932852
v 1.710673 1.037763 3.900286
v 1.715085 1.041894 3.910081
v 1.699101 1.151204 3.930526
v 1.666024 1.182458 3.941049
v 1.712752 1.135954 3.927553
v 1.726493 1.101506 3.926770
v 1.652129 1.188713 3.948557
v 1.706506 1.132682 3.906069
v 0.497401 0.577783 3.768856
v 0.638175 0.449381 3.903633
v 0.586492 0.367186 3.891853
v 0.598293 0.355513 3.849850
v 0.631198 0.583993 3.716350
v 0.608822 0.464802 3.728108
v 0.545398 0.578848 3.865923
v 0.460770 0.575364 3.818341
v 0.690751 0.431999 3.756965
v 0.619895 0.365410 3.806655
v 0.600761 0.513550 3.909033
v 0.493155 0.516796 3.918877
v 0.602908 0.524721 3.705985
v 0.549687 0.442316 3.928958
v 0.610432 0.455676 3.912664
v 0.624968 0.557831 3.707873
v 0.572100 0.581077 3.741862
v 0.622171 0.412743 3.899394
v 0.644632 0.445308 3.746938
v 0.566723 0.516789 3.913184
v 0.650169 0.396562 3.788509
v 0.510842 0.578460 3.843123
v 0.530910 0.551452 3.885862
v 0.639355 0.511024 3.718791
v 0.644462 0.382906 3.828797
v 0.630441 0.384764 3.863935
v 0.591917 0.487029 3.914893
v 0.520702 0.586860 3.798380
v 0.752501 0.428132 3.873664
v 0.757495 0.660308 3.889706
v 0.629660 0.651038 3.811441
v 0.774513 0.437206 3.802166
v 0.810830 0.595670 3.944292
v 0.640716 0.582591 3.912838
v 0.775820 0.683905 3.764215
v 0.698350 0.622406 3.714877
v 0.854143 0.492613 3.924021
v 0.716110 0.478204 3.918982
v 0.853490 0.581880 3.720863
v 0.773918 0.470782 3.742494
v 0.696901 0.512472 3.923194
v 0.726876 0.580057 3.704570
v 0.766644 0.624103 3.711503
v 0.776591 0.521237 3.935692
v 0.696824 0.673805 3.781678
v 0.757900 0.554357 3.937800
v 0.798187 0.457278 3.902780
v 0.809041 0.525969 3.723681
v 0.790983 0.482480 3.925562
v 0.729969 0.658521 3.733718
v 0.725171 0.591432 3.933527
v 0.818805 0.476024 3.774187
v 0.685133 0.659872 3.848678
v 0.692741 0.626357 3.907648
v 0.790925 0.580288 3.706312
v 0.810748 0.457369 3.847008
v 0.471650 0.278379 3.797728
v 0.500222 0.320191 3.895857
v 0.526144 0.437542 3.699659
v 0.372212 0.491653 3.695727
v 0.360429 0.478466 3.931921
v 0.254231 0.472259 3.872010
v 0.526762 0.360195 3.723085
v 0.479641 0.303462 3.723462
v 0.338732 0.549702 3.807565
v 0.288747 0.505209 3.741091
v 0.467924 0.349857 3.929827
v 0.337316 0.380523 3.922762
v 0.406249 0.459797 3.677557
v 0.369742 0.349408 3.916514
v 0.409992 0.351846 3.927060
v 0.446880 0.488508 3.695366
v 0.475989 0.293370 3.855064
v 0.495199 0.298563 3.779689
v 0.470380 0.452107 3.684470
v 0.376911 0.382658 3.934901
v 0.302748 0.528954 3.774112
v 0.495424 0.329781 3.721947
v 0.294604 0.480567 3.908103
v 0.382917 0.516520 3.725976
v 0.335071 0.429276 3.934450
v 0.278979 0.516122 3.842685
v 0.481873 0.389038 3.691908
v 0.448659 0.319056 3.907493
v 0.442966 0.290013 3.871273
v 0.435979 0.415012 3.668794
v 0.286167 0.434310 3.910223
v 0.459661 0.348580 3.686774
v 0.243416 0.505269 3.793016
v 0.404705 0.321096 3.905410
v 0.413234 0.286947 3.874623
v 0.424476 0.372208 3.651051
v 0.225424 0.464234 3.814246
v 0.300888 0.385756 3.904191
v 0.290023 0.485434 3.700216
v 0.255282 0.430800 3.881535
v 0.463988 0.313689 3.672752
v 0.230791 0.480578 3.735753
v 0.344321 0.344601 3.906551
v 0.380911 0.428156 3.653962
v 0.477772 0.272094 3.732593
v 0.455868 0.263426 3.816947
v 0.346129 0.466118 3.668803
v 0.374399 0.318335 3.897135
v 0.302429 0.161073 2.552019
v 0.182382 0.116515 2.222058
v -0.335684 0.134805 2.491057
v -0.275247 0.023922 2.617281
v 0.286550 0.178844 2.400329
v -0.260572 0.186325 2.565485
v -0.297335 0.021030 2.540761
v 0.200771 0.254208 2.854862
v 0.215037 0.209810 2.796156
v -0.140306 0.335833 2.699806
v -0.270686 0.024663 2.728341
v 0.255192 0.253322 2.664817
v -0.215147 0.261993 2.638910
v 0.127649 0.190021 2.199332
v 0.234738 0.277902 2.356522
v 0.241819 0.322557 2.564434
v 0.225495 0.198093 2.284729
v 0.107674 0.116654 2.176797
v 0.049542 0.046571 2.155103
v 0.201305 0.317344 2.715756
v 0.278705 0.267151 2.505642
v 0.007941 0.231768 2.127144
v -0.141070 0.128254 2.063841
v 0.097603 0.308793 2.235668
v -0.083208 0.385128 2.604063
v -0.024414 0.095423 2.128182
v 0.205744 0.325769 2.383662
v 0.125308 0.261527 2.222513
v 0.023965 0.168379 2.133482
v -0.485072 0.092304 2.264822
v -0.114478 0.244965 2.030391
v -0.485562 0.190549 2.377154
v -0.018773 0.318785 2.145353
v -0.381081 0.257406 2.465909
v -0.169611 0.392589 2.548116
v 0.068995 0.375213 2.306448
v -0.264088 0.330424 2.537984
v 0.087091 0.347646 2.274367
v -0.011465 0.273109 2.125045
v -0.090768 0.205423 2.054920
v -0.256498 0.257634 2.563034
v -0.357776 0.189528 2.482197
v -0.100520 0.334268 2.812081
v 0.044591 0.369104 2.732924
v -0.325890 0.065939 2.116999
v -0.014589 0.437685 2.470537
v -0.276802 0.386562 2.495610
v 0.022174 0.406319 2.288886
v 0.068583 0.398252 2.590394
v 0.014768 0.346823 2.829425
v -0.014883 0.445089 2.352382
v 0.157910 0.318171 2.806624
v -0.235431 0.109470 2.035329
v -0.208931 0.229930 1.962724
v -0.101477 0.464425 2.420066
v 0.076577 0.404771 2.413247
v 0.142795 0.311512 2.856620
v -0.181735 0.443616 2.473379
v -0.381216 0.330235 2.452854
v -0.499063 0.250241 2.367533
v -0.127473 0.290201 2.025535
v -0.433235 0.139054 2.409766
v -0.034874 0.365207 2.712851
v -0.398563 0.069528 2.182185
v -0.029440 0.361712 2.168441
v -0.312270 0.100321 2.015584
v -0.081624 0.433117 2.506676
v -0.197844 0.296455 2.801127
v -0.259250 0.158302 1.975531
v -0.177887 0.333285 2.610872
v -0.277172 0.038647 2.220402
v -0.566931 0.184224 2.284053
v -0.554552 0.131906 2.238815
v -0.490330 0.097517 2.174887
v -0.400168 0.081115 2.093274
v 0.012679 0.403684 2.590838
v -0.558164 0.124719 2.160894
v -0.231928 0.277846 1.934186
v -0.510816 0.403057 1.730380
v -0.588074 0.238101 2.268375
v -0.148303 0.339530 2.027284
v -0.500834 0.321310 2.349746
v -0.776927 0.329891 1.947570
v -0.302604 0.442813 2.410610
v -0.074309 0.401587 2.147314
v -0.399953 0.387584 2.404382
v -0.409830 0.093680 2.025545
v -0.750585 0.485401 1.566741
v -0.665937 0.477785 1.676196
v -0.523932 0.336648 1.715082
v -0.150137 0.487683 2.321353
v -0.733487 0.210347 1.875761
v -0.189732 0.461789 2.068915
v -0.362369 0.502306 2.256969
v -0.453190 0.445093 2.279884
v -0.327936 0.137409 1.954937
v -0.219973 0.504140 2.134115
v -0.295252 0.520151 2.204423
v -0.070737 0.452455 2.236205
v -0.313598 0.261030 1.869395
v -0.355743 0.183663 1.884804
v -0.534496 0.385371 2.274095
v -0.611510 0.303562 2.227639
v -0.477759 0.099025 2.086445
v -0.558030 0.123640 2.056619
v -0.269863 0.324507 1.905994
v -0.208949 0.483340 2.369945
v -0.215783 0.392758 1.987822
v -0.641230 0.218223 2.165836
v -0.617229 0.159781 2.120649
v -0.479089 0.107706 1.984550
v -0.404862 0.126432 1.918894
v -0.631700 0.158185 2.013924
v -0.362785 0.308505 1.824233
v 0.250693 0.022813 2.949886
v -0.183037 0.188414 3.184279
v -0.681184 0.281201 2.114611
v -0.335778 0.376962 1.858972
v -0.647545 0.368183 2.144843
v 0.096283 0.314566 2.907613
v -0.513155 0.501492 2.123203
v -0.319267 0.454079 1.913368
v -0.585646 0.439517 2.145444
v -0.510222 0.128618 1.895129
v 0.287953 0.127850 2.947791
v -0.247454 0.059375 2.904419
v -0.110950 0.314566 2.897343
v -0.404048 0.541788 2.040835
v 0.237465 0.154729 2.903145
v 0.257506 0.202187 2.953418
v -0.457177 0.290036 1.763246
v -0.493565 0.217919 1.772895
v -0.656677 0.168260 1.905754
v -0.443466 0.166877 1.841599
v -0.435811 0.356829 1.775551
v -0.706968 0.206420 1.967842
v -0.335449 0.513762 1.972088
v -0.593221 0.155702 1.848298
v -0.535228 0.171269 1.796544
v -0.724948 0.347023 2.037921
v -0.730482 0.269403 2.009550
v -0.563490 0.131886 1.943097
v -0.685007 0.422260 2.042928
v -0.520915 0.539553 1.952340
v -0.447714 0.539131 2.082048
v -0.456587 0.528707 1.897237
v -0.422378 0.428640 1.805454
v -0.424391 0.492754 1.852854
v -0.568350 0.526269 1.996778
v -0.630063 0.474561 2.026999
v -0.757906 0.399748 1.959527
v -0.755946 0.519146 1.603462
v -0.668815 0.493828 1.934313
v -0.504276 0.463178 1.763571
v -0.718284 0.451941 1.954293
v -0.633403 0.185578 1.779850
v -0.245417 0.553464 1.532764
v -0.735669 0.440611 1.536601
v -0.583421 0.525737 1.860284
v -0.653126 0.360155 1.674130
v -0.720696 0.378244 1.524362
v -0.653974 0.421828 1.675801
v -0.229960 0.557998 1.800848
v -0.581055 0.214368 1.734707
v -0.722301 0.315933 1.543094
v -0.254970 0.580387 1.577859
v -0.521697 0.504602 1.805786
v -0.576034 0.482092 1.729059
v -0.604803 0.509390 1.764013
v -0.590835 0.314725 1.677717
v -0.805050 0.371817 1.905673
v -0.677765 0.187729 1.818988
v -0.738819 0.217434 1.811294
v -0.618949 0.523998 1.895308
v -0.803585 0.311705 1.888813
v -0.685366 0.207870 1.760108
v -0.640161 0.219451 1.712806
v 0.211045 0.248639 2.907557
v 0.004117 0.328528 2.903497
v 0.232423 0.261541 3.140602
v 0.309324 0.089746 2.586667
v -0.246026 0.188055 2.621196
v -0.286802 0.128653 2.542445
v 0.227325 0.111349 2.802980
v -0.228962 0.264562 2.714560
v -0.183325 0.278640 2.897300
v 0.230703 0.062383 2.905080
v -0.579320 0.375519 1.679253
v -0.575196 0.436926 1.697229
v 0.306311 0.224783 3.197209
v -0.094126 0.311448 2.954004
v 0.014145 0.320035 2.957121
v 0.144619 0.291220 2.956244
v -0.150471 0.272429 2.956935
v -0.742415 0.466927 1.887712
v -0.777755 0.433685 1.901086
v -0.660366 0.517029 1.811548
v -0.696876 0.507206 1.854312
v -0.238861 0.239453 2.812888
v -0.248957 0.199505 2.670871
v 0.221846 0.131172 2.860166
v 0.265297 0.141070 2.709631
v -0.268232 0.131145 2.578793
v 0.225492 0.246967 3.002463
v -0.187011 0.182788 3.024019
v 0.069023 0.336986 3.005559
v 0.284780 0.043788 3.001527
v -0.039897 0.330844 3.083699
v 0.296382 0.145834 2.999557
v 0.159245 0.294610 3.004943
v 0.204566 0.272187 3.070213
v -0.018759 0.338293 3.007797
v 0.243489 -0.037173 3.005737
v 0.030525 0.350190 3.076108
v 0.119929 0.321293 3.074432
v 0.282173 -0.018436 3.072431
v 0.280901 0.183382 3.066742
v 0.313582 0.100755 3.066406
v 0.070216 0.346933 3.151131
v 0.329813 0.043800 3.138224
v 0.315906 0.159794 3.135472
v 0.165830 0.305635 3.145946
v 0.358820 0.137255 3.195118
v 0.211004 0.293194 3.206285
v -0.013485 0.345739 3.158113
v 0.303465 -0.048288 3.145113
v -0.065829 0.313199 3.241148
v 0.018962 0.358098 3.226606
v 0.116902 0.336351 3.217425
v 0.353575 0.007087 3.203160
v -0.176602 0.188890 3.342814
v 0.441905 0.228195 3.412577
v 0.251627 0.310127 3.268837
v 0.067174 0.368794 3.295011
v 0.398680 0.089294 3.256082
v 0.036655 0.410803 3.415009
v 0.363150 0.222403 3.258575
v 0.172410 0.338620 3.284549
v 0.343584 0.291702 3.320895
v -0.036572 0.335975 3.305509
v 0.380339 -0.014881 3.260694
v 0.419941 0.029569 3.302876
v -0.083971 0.324462 3.432148
v 0.140420 0.387639 3.384824
v 0.240452 0.397626 3.434086
v -0.156854 0.200623 3.494299
v 0.278163 0.394482 3.448559
v 0.110880 0.432003 3.491833
v 0.474347 0.125236 3.411445
v 0.406833 0.306431 3.457280
v 0.217236 0.424822 3.514523
v -0.069153 0.327194 3.501485
v -0.028111 0.373155 3.435422
v 0.452184 -0.002018 3.362399
v 0.051559 0.414368 3.490729
v 0.158528 0.430968 3.599166
v 0.480001 0.031290 3.420009
v 0.433089 0.194865 3.809018
v 0.479054 0.187285 3.521629
v -0.119614 0.194163 3.593449
v 0.493422 0.130045 3.647557
v 0.372516 0.353599 3.498360
v 0.119838 0.416479 3.606588
v 0.496220 0.080706 3.529567
v 0.110143 0.366913 3.676223
v 0.244163 0.350241 3.856732
v 0.021764 0.357957 3.566859
v 0.469110 -0.010907 3.483556
v 0.447795 0.276227 3.526926
v 0.165021 0.394702 3.719007
v 0.494540 0.025520 3.589300
v 0.023887 0.285699 3.675792
v -0.007206 0.137852 3.769530
v 0.467003 0.134573 3.760136
v 0.164375 0.353574 3.769590
v 0.488310 0.082258 3.698723
v 0.162003 0.305260 3.812829
v 0.177835 0.422142 3.685533
v 0.376799 0.255903 3.860379
v 0.316907 0.157132 3.895290
v 0.110820 0.292642 3.757337
v 0.475522 -0.000997 3.679482
v 0.082306 0.053882 3.914645
v 0.202725 0.349503 3.818734
v 0.471298 0.046114 3.743574
v 0.105436 0.237223 3.809862
v 0.045830 0.106647 3.844157
v 0.313625 0.293812 3.874259
v 0.490273 0.708481 1.209649
v -0.824986 0.292529 1.819203
v 0.199618 0.311630 3.839390
v 0.455159 0.094532 3.781337
v 0.219098 0.211905 3.866190
v 0.402342 0.201423 3.832453
v 0.262027 0.321611 3.865413
v -0.621468 0.409581 1.660702
v -0.840848 0.350404 1.835761
v 0.148172 0.253202 3.835888
v 0.454448 0.012242 3.772741
v 0.151012 0.159252 3.869570
v 0.233750 0.302560 3.856278
v 0.432709 0.134609 3.812638
v 0.440532 0.021906 3.825078
v 0.290680 0.286134 3.877318
v 0.374065 0.154647 3.868382
v 0.255773 0.178457 3.892706
v 0.428032 0.034517 3.851669
v 0.346455 0.080520 3.915462
v 0.394641 0.090489 3.869447
v 0.287050 0.173683 3.898119
v 0.197112 0.153932 3.891398
v 0.417858 -0.011450 3.850399
v 0.140691 0.097286 3.942815
v 0.222310 0.133222 3.931220
v 0.264791 0.128414 3.931360
v 0.289271 0.119729 3.928674
v 0.390826 0.039380 3.900798
v 0.394562 0.001569 3.897790
v -0.623320 0.350753 1.653248
v -0.831014 0.410323 1.836179
v -0.764885 0.489961 1.805985
v -0.621828 0.462400 1.677292
v -0.802470 0.455012 1.827010
v -0.699171 0.224425 1.708766
v -0.502239 0.467624 1.889203
v -0.434815 0.416584 1.498137
v -0.489684 0.393464 1.891805
v -0.695035 0.515390 1.741247
v -0.440357 0.279155 1.582217
v -0.451645 0.491542 1.504586
v 0.603045 0.677289 1.641664
v -0.496621 0.585574 1.588740
v -0.520355 0.534927 1.859819
v -0.475119 0.545228 1.537073
v -0.639382 0.498034 1.703191
v -0.658363 0.489252 1.671317
v -0.691785 0.516907 1.682323
v -0.849315 0.393459 1.668607
v -0.738692 0.226424 1.740772
v -0.788282 0.243575 1.670037
v -0.842742 0.335930 1.664932
v -0.724873 0.514721 1.769379
v -0.827259 0.277964 1.674135
v -0.646956 0.443992 1.661681
v -0.738997 0.232078 1.663271
v -0.693375 0.240148 1.652581
v -0.634871 0.293360 1.657458
v -0.642714 0.384675 1.653646
v -0.817595 0.483168 1.697154
v -0.836851 0.451920 1.679916
v -0.743842 0.526393 1.688703
v -0.780422 0.519608 1.697512
v -0.648370 0.327375 1.648754
v -0.707133 0.233837 1.644368
v -0.231992 0.518927 1.503167
v -0.728742 0.539989 1.659840
v -0.199111 0.471508 1.820370
v -0.220944 0.472702 1.496385
v -0.209253 0.516897 1.820090
v -0.680075 0.254070 1.662776
v -0.216757 0.428133 1.519137
v -0.691348 0.517086 1.675781
v -0.615778 0.543098 1.797313
v -0.706826 0.549116 1.603941
v -0.719637 0.239225 1.621881
v -0.697200 0.541207 1.684561
v -0.600509 0.595231 1.676396
v -0.743584 0.541864 1.638480
v -0.696981 0.511731 1.556526
v -0.660155 0.249463 1.590781
v -0.673788 0.479647 1.522684
v -0.599218 0.486120 1.837821
v -0.649345 0.417243 1.497368
v -0.519318 0.364571 1.504056
v -0.672291 0.233910 1.641049
v -0.560265 0.233579 1.763979
v -0.652142 0.333192 1.712928
v -0.584935 0.411846 1.853632
v -0.463393 0.241978 1.736956
v 0.124611 0.572537 1.746330
v 0.047419 0.530073 1.445678
v 0.131882 0.532456 1.745658
v -0.513132 0.610220 1.717996
v 0.065019 0.460034 1.512671
v 0.040735 0.570983 1.453025
v 0.530679 0.731028 1.213879
v 0.036744 0.626257 1.526396
v -0.471195 0.266062 1.821220
v 0.102878 0.608781 1.731189
v 0.035586 0.601907 1.482725
v -0.528389 0.582312 1.807451
v -0.396182 0.566655 1.821790
v -0.352495 0.400743 1.861197
v -0.397341 0.595491 1.768889
v -0.452780 0.248705 1.670259
v -0.388612 0.606075 1.686743
v -0.388366 0.599651 1.622110
v -0.508207 0.612660 1.660612
v -0.376120 0.562941 1.559983
v -0.340631 0.304350 1.703191
v -0.361393 0.459382 1.871285
v -0.376680 0.520177 1.858222
v -0.342006 0.311957 1.781951
v -0.346593 0.344754 1.828722
v -0.357622 0.531441 1.523486
v -0.339992 0.471863 1.499027
v -0.331266 0.412786 1.512191
v -0.333283 0.316977 1.620116
v -0.204074 0.375067 1.697709
v -0.246464 0.599388 1.684234
v -0.196960 0.392081 1.765004
v -0.245394 0.585837 1.760944
v -0.110599 0.611035 1.584607
v -0.034426 0.486087 1.774064
v -0.206619 0.376821 1.641243
v -0.076355 0.595173 1.750193
v -0.251741 0.599137 1.637303
v -0.087529 0.612597 1.706727
v -0.096163 0.616859 1.637132
v -0.114089 0.584939 1.531663
v -0.106432 0.562566 1.497751
v -0.072211 0.424575 1.576671
v -0.061556 0.418907 1.646698
v -0.045796 0.425923 1.710358
v -0.038490 0.448629 1.748219
v -0.037536 0.524868 1.783084
v -0.052243 0.564839 1.775007
v -0.098384 0.522348 1.474938
v -0.090337 0.483897 1.485191
v 0.097119 0.446258 1.633622
v 0.475752 0.658150 1.176679
v 0.066791 0.644089 1.623802
v 0.635733 0.584889 1.678053
v 0.466906 0.589733 1.170387
v 0.624322 0.632596 1.679712
v 0.505981 0.479214 1.048918
v 0.118089 0.461901 1.694456
v 0.472224 0.523178 1.188720
v 0.663769 0.562382 1.614683
v 0.081562 0.633041 1.695854
v 0.205217 0.663120 1.515783
v 0.294390 0.534122 1.701571
v 0.212242 0.531972 1.417343
v 0.293916 0.574151 1.711058
v 0.083868 0.447185 1.581273
v 0.204918 0.571664 1.407783
v 0.052585 0.643399 1.580961
v 0.239210 0.664685 1.634279
v 0.225010 0.669123 1.566014
v 0.234852 0.470686 1.505850
v 0.251694 0.464799 1.574141
v 0.273466 0.472027 1.635551
v 0.195889 0.636211 1.464302
v 0.200343 0.613155 1.430483
v 0.280020 0.615396 1.703482
v 0.253846 0.646683 1.677208
v 0.359293 0.523129 1.373757
v 0.433177 0.613076 1.684973
v 0.360079 0.568028 1.351841
v 0.440431 0.569839 1.684186
v 0.356820 0.614869 1.359247
v 0.354956 0.675741 1.426655
v 0.412076 0.652169 1.662843
v 0.351035 0.650140 1.389230
v 0.403928 0.478817 1.545141
v 0.378958 0.690268 1.538431
v 0.391734 0.678339 1.618292
v 0.483363 0.474635 1.338808
v 0.505866 0.486067 1.451671
v 0.544360 0.495557 1.564426
v 0.389966 0.476831 1.482798
v 0.441207 0.663850 1.285364
v 0.439379 0.607581 1.262064
v 0.369795 0.691305 1.484086
v 0.437510 0.553003 1.274799
v 0.556954 0.557841 1.674020
v 0.517180 0.682415 1.625325
v 0.555042 0.602142 1.689334
v 0.436283 0.527752 1.659261
v 0.538188 0.647789 1.676230
v 0.439850 0.499067 1.306128
v 0.481648 0.714198 1.344238
v 0.446623 0.692584 1.317662
v 0.501100 0.702338 1.561336
v 0.488650 0.709028 1.454610
v 0.593593 0.504402 1.447006
v 0.607603 0.549208 1.313145
v 0.619092 0.661406 1.463247
v 0.639770 0.607657 1.467093
v 0.567484 0.710317 1.454763
v 0.598582 0.694463 1.399307
v 0.632114 0.583159 1.416766
v 0.620955 0.634845 1.411620
v 0.658359 0.560881 1.518083
v 0.634517 0.514430 1.584450
v 0.639431 0.659969 1.619065
v 0.660486 0.609115 1.628847
v 0.588790 0.698830 1.584798
v 0.652160 0.633652 1.564946
v 0.664029 0.585080 1.561297
v 0.621149 0.688573 1.548538
v 0.564335 0.486048 1.316658
v 0.602795 0.672065 1.300910
v 0.610799 0.607261 1.305405
v 0.564708 0.721784 1.320264
v 0.549134 0.625014 1.057499
v 0.591068 0.716170 1.180122
v 0.591165 0.578913 1.173411
v 0.593667 0.648457 1.172566
v 0.565717 0.702484 1.081856
v 0.199273 0.123844 4.395501
v -0.041359 -0.099953 4.153665
v 0.258719 0.081122 3.970534
v 0.162953 0.088092 4.109192
v 0.064527 0.013468 4.013569
v 0.206467 0.095763 3.980576
v 0.343991 0.019773 3.951374
v 0.008317 -0.000301 4.207335
v 0.313762 0.051530 3.957813
v 0.238249 0.088200 3.975226
v 0.294794 0.039085 3.998300
v 0.222865 0.071341 4.011624
v 0.200451 0.074892 4.015406
v 0.154126 0.084564 3.985781
v 0.339827 -0.007112 3.950646
v 0.304944 0.013652 3.997391
v 0.261538 0.060135 4.005536
v 0.122643 0.049237 4.027122
v 0.162461 0.073756 4.021580
v 0.497880 0.736089 1.077332
v 0.528806 0.745132 1.077637
v 0.397809 0.643176 0.999785
v 0.423291 0.682339 1.047068
v 0.388213 0.493510 0.999215
v 0.353096 0.605944 1.022192
v 0.475924 0.722016 1.032873
v 0.345698 0.573388 0.976771
v 0.533796 0.737632 1.051149
v 0.438182 0.604114 0.990785
v 0.493654 0.680322 1.017811
v 0.564643 0.742435 1.109636
v 0.422387 0.565152 1.092529
v 0.435910 0.633600 1.095476
v 0.522526 0.736054 1.140775
v 0.528688 0.555475 1.043330
v 0.487002 0.707493 1.112690
v 0.214161 0.069571 4.040071
v 0.067585 -0.026354 4.072953
v 0.165567 0.069283 4.046101
v 0.279765 0.035953 4.031053
v 0.259650 0.058380 4.033876
v 0.193842 0.070430 4.042831
v 0.264987 0.070408 4.071261
v 0.187852 0.072559 4.060379
v 0.120877 0.069551 4.097345
v 0.129757 0.053267 4.050260
v 0.287739 0.014976 4.030205
v 0.282537 0.036189 4.047142
v 0.233983 0.073223 4.053922
v 0.083287 0.024822 4.069525
v 0.071791 0.049142 4.102079
v 0.088160 0.064802 4.129529
v 0.294046 0.074289 4.084869
v 0.101061 -0.065754 4.428566
v 0.245114 0.092233 4.092838
v 0.130490 0.078924 4.120122
v 0.230746 0.122638 4.135082
v 0.264826 0.171603 4.310161
v 0.026106 0.022667 4.134568
v 0.321782 0.055156 4.076647
v 0.069625 0.061176 4.188735
v 0.121563 0.087418 4.175106
v 0.334584 0.090759 4.107576
v 0.291740 0.110138 4.120278
v 0.157146 0.101176 4.160617
v 0.293770 0.162342 4.388416
v 0.015159 -0.101693 4.314538
v 0.198949 0.133006 4.207226
v 0.216582 0.149072 4.269103
v 0.290657 0.179366 4.234674
v 0.123422 0.098713 4.241952
v 0.346816 0.133126 4.152024
v 0.130061 0.099820 4.311248
v 0.288051 0.150024 4.172581
v 0.166029 0.118510 4.224031
v 0.201849 -0.021051 4.508835
v 0.295100 0.148560 4.420779
v 0.064335 0.048932 4.269948
v 0.381756 0.109727 4.139932
v 0.075395 0.034279 4.347960
v 0.181105 0.131398 4.288079
v 0.356088 0.172485 4.208688
v 0.404779 0.152364 4.190785
v 0.193186 0.134913 4.346598
v 0.409413 0.182557 4.251689
v 0.332558 0.192734 4.330691
v 0.351192 0.194825 4.272487
v 0.233408 0.155621 4.327798
v 0.139988 0.087553 4.377083
v 0.446293 0.159345 4.241697
v 0.161586 0.072897 4.429315
v 0.238684 0.148228 4.377460
v 0.268315 0.163396 4.361155
v 0.383252 0.196662 4.309703
v 0.427140 0.183057 4.305578
v 0.235870 0.133116 4.415493
v 0.388925 0.192941 4.351396
v 0.357068 0.191406 4.356517
v 0.347924 0.175273 4.392728
v 0.267828 0.149172 4.403117
v 0.261765 0.131770 4.436451
v 0.315558 0.122240 4.453749
v 0.212693 0.110065 4.433152
v 0.421537 0.172456 4.362462
v 0.373839 0.151854 4.419532
v 0.271443 0.100117 4.472272
v 0.289743 0.129317 4.449136
v 0.383410 0.177070 4.390204
v 0.321472 0.145385 4.431950
v 0.238650 0.104179 4.458640
v 0.090783 0.360427 2.757335
v -0.283328 0.072596 2.079484
v 0.028692 0.428549 2.448776
v -0.373535 0.101391 1.993062
v -0.112160 0.478997 2.289067
v 0.150841 0.290149 2.911282
v -0.482423 0.135657 1.869330
v -0.371386 0.536475 2.013315
v -0.611390 0.190954 1.758044
v -0.554591 0.522259 1.837847
v 0.269383 0.223026 3.138224
v 0.262470 0.203510 3.001288
v 0.301131 0.287159 3.263351
v 0.331763 0.364432 3.439188
v 0.349446 0.131359 3.887440
v 0.350505 0.262463 3.866426
v -0.680598 0.228214 1.691020
v -0.669370 0.512852 1.725219
v -0.695307 0.236237 1.654503
v -0.715850 0.535223 1.671066
v -0.465739 0.244754 1.774230
v -0.521243 0.604323 1.757669
v -0.199858 0.377783 1.727728
v -0.247337 0.597370 1.718142
v 0.107175 0.448933 1.660667
v 0.072270 0.642720 1.655864
v 0.415595 0.481611 1.577877
v 0.383387 0.688786 1.573912
v 0.619227 0.506667 1.512032
v 0.633693 0.661199 1.521583
v 0.655279 0.607688 1.524112
v 0.575757 0.708889 1.511395
v 0.642706 0.560385 1.464969
v 0.277796 0.071926 3.966184
v 0.196701 0.097083 4.100028
v 0.234074 0.068111 4.038182
v 0.298648 0.188409 4.294230
v 0.321051 0.176040 4.375597
v 0.233785 0.147979 4.192234
v 0.345504 0.157536 4.419279
v 0.319976 0.161142 4.407553
v 0.344032 0.136652 4.438424
v 0.297224 0.177930 4.346011
v 0.249559 0.165069 4.252059
v 0.190328 0.113132 4.147343
v 0.183465 0.083624 4.081337
v 0.240666 0.067062 4.008583
v 0.609475 0.690655 1.482554
v 0.638816 0.633422 1.495860
v 0.651846 0.584712 1.495687
v 0.493803 0.706271 1.512414
v 0.525677 0.490807 1.513240
v 0.232679 0.668239 1.600431
v 0.262829 0.466624 1.607134
v -0.091325 0.616020 1.672336
v -0.053505 0.420684 1.680851
v -0.392618 0.602773 1.728530
v -0.341523 0.305355 1.745222
v -0.558415 0.226347 1.727421
v -0.608189 0.589947 1.714552
v -0.714447 0.233415 1.657528
v -0.718270 0.523588 1.686177
v 0.315971 0.102784 3.922873
v 0.335790 0.187870 3.880392
v 0.298195 0.369668 3.410290
v 0.262854 0.265099 3.201564
v 0.245825 0.229487 3.068253
v 0.205148 0.251551 2.955279
v 0.083031 0.333782 2.844546
v -0.661045 0.210862 1.734439
v -0.633139 0.515330 1.787078
v -0.562621 0.159757 1.820162
v -0.488283 0.536911 1.924541
v -0.439690 0.112212 1.949027
v -0.255913 0.515722 2.169675
v -0.372591 0.046174 2.306186
v -0.173123 0.054847 2.125821
v 0.118968 0.387370 2.583983
v -0.056286 0.458643 2.385941
v -0.353369 0.085664 2.051432
v 0.416000 0.187114 3.313984
v 0.023399 0.383488 3.353884
v 0.356521 0.330179 3.406714
v 0.455371 0.039834 3.350538
v -0.082898 0.305356 3.374908
v 0.167339 0.428263 3.510674
v 0.229807 0.352154 3.340664
v 0.289341 0.330796 3.327582
v 0.267292 0.366648 3.381438
v 0.200306 0.402717 3.444247
v -0.160718 0.196542 3.456625
v -0.031339 0.361066 3.395521
v 0.393321 0.275084 3.373613
v 0.425034 -0.006902 3.325970
v 0.100466 0.415529 3.433058
v 0.319958 0.339904 3.374780
v 0.446079 0.114658 3.348581
v -0.272820 0.074687 2.619508
v -0.295611 0.052896 2.542620
v -0.275068 0.097161 2.727384
v -0.145383 0.247523 3.176828
v -0.243253 0.131840 2.903286
v 0.313025 0.023774 2.609824
v 0.223633 0.019398 2.805017
v 0.206628 -0.022488 2.906426
v -0.152716 0.237841 3.019794
v 0.195197 -0.101275 3.010185
v 0.254617 -0.123352 3.153925
v -0.149822 0.239446 3.334985
v 0.325137 -0.111409 3.272557
v -0.136442 0.252096 3.483751
v 0.361009 -0.124207 3.376752
v -0.095154 0.243713 3.589150
v 0.374945 -0.129608 3.493344
v 0.017396 0.186880 3.767230
v 0.386073 -0.126112 3.685714
v 0.102245 0.082985 3.910652
v 0.070462 0.154396 3.841785
v 0.387104 -0.107354 3.775267
v 0.365695 -0.097057 3.854314
v -0.035921 -0.067223 4.149671
v 0.086929 0.038571 4.003048
v 0.316485 -0.063012 3.950938
v 0.082127 -0.000418 4.066472
v 0.291557 -0.016995 4.028089
v 0.099013 -0.021020 4.420932
v 0.341571 0.026606 4.070428
v 0.015425 -0.061319 4.309531
v 0.196791 0.021052 4.490577
v 0.409926 0.073515 4.131922
v 0.480852 0.115226 4.235554
v 0.329835 0.041560 4.488998
v 0.464555 0.110154 4.373212
v 0.416582 0.085620 4.438658
v 0.282032 0.017539 4.510367
v 0.372621 0.063219 4.465970
v -0.136075 0.245238 3.444356
v 0.353275 -0.113246 3.330500
v 0.359581 -0.085740 3.303734
v -0.155635 0.217961 3.405272
v 0.386662 0.092527 4.451767
v 0.307341 0.052374 4.494459
v 0.432281 0.116175 4.413567
v 0.348036 0.072975 4.472557
v 0.243305 0.020775 4.508871
v 0.473706 0.130002 4.308073
v 0.148341 -0.022236 4.470203
v 0.054423 -0.064281 4.375410
v 0.446767 0.108450 4.177932
v 0.367990 0.054074 4.096549
v -0.023358 -0.085989 4.227641
v -0.024328 -0.072271 4.113592
v 0.321097 0.019104 4.057646
v 0.077423 0.003325 4.046828
v 0.298125 -0.029420 3.996620
v 0.084657 0.051089 3.958469
v 0.353599 -0.065977 3.899896
v 0.087735 0.089311 3.880708
v 0.390537 -0.076275 3.827017
v 0.036977 0.144710 3.818231
v 0.405611 -0.092478 3.740956
v -0.048895 0.192902 3.685164
v 0.398840 -0.111360 3.589656
v 0.385905 -0.107864 3.421291
v -0.139009 0.228580 3.528247
v -0.149093 0.225324 3.472698
v 0.374565 -0.095833 3.346207
v 0.305616 -0.093066 3.216593
v -0.169186 0.214544 3.260069
v 0.231730 -0.098352 3.079099
v -0.168895 0.215418 3.098838
v -0.281782 0.048301 2.660676
v -0.269976 0.056592 2.817580
v -0.219651 0.131145 2.963732
v 0.203363 -0.059809 2.953183
v 0.212971 0.027462 2.862185
v 0.268024 0.048587 2.715429
v -0.275635 0.041550 2.573438
v 0.479266 0.170190 3.726908
v 0.268226 0.419018 3.521731
v 0.200868 0.380648 3.796298
v 0.486854 0.191884 3.606733
v 0.203310 0.436194 3.604646
v 0.301694 0.321233 3.876684
v 0.320340 0.391346 3.502589
v 0.340564 0.291234 3.872400
v 0.404827 0.248545 3.851592
v 0.413396 0.334141 3.558733
v 0.199728 0.414957 3.768959
v 0.287351 0.347842 3.880503
v 0.252212 0.441307 3.610728
v 0.235100 0.380416 3.849713
v 0.472538 0.257741 3.589476
v 0.199264 0.439485 3.674458
v 0.333869 0.315517 3.882373
v 0.355342 0.388857 3.562819
v 0.484283 0.210803 3.682113
v 0.453458 0.213298 3.786859
v 0.313625 0.419872 3.571411
v 0.364728 0.287426 3.876252
v 0.311112 0.057060 2.597434
v 0.225766 0.065240 2.803989
v 0.218969 0.019035 2.905717
v 0.219566 -0.068911 3.007941
v 0.279458 -0.086117 3.149582
v 0.352986 -0.062753 3.265769
v 0.402892 -0.069709 3.369319
v 0.417662 -0.077246 3.488602
v 0.428910 -0.072538 3.681483
v 0.423760 -0.050669 3.772324
v 0.392550 -0.052398 3.852341
v -0.605528 0.264804 1.562724
v 0.426788 0.494640 1.616753
v 0.325691 -0.033101 3.951042
v 0.290703 -0.001811 4.028455
v 0.334988 0.038062 4.071978
v 0.399644 0.089025 4.134154
v 0.467280 0.135299 4.237432
v 0.325088 0.083296 4.475138
v 0.445275 0.142060 4.370606
v 0.397432 0.120051 4.432870
v 0.278274 0.059813 4.495011
v 0.360652 0.101299 4.455997
v 0.388326 -0.060896 3.323309
v -0.265764 0.134417 2.625129
v -0.294010 0.086035 2.545730
v -0.260779 0.192660 2.725715
v -0.082857 0.306735 3.168027
v -0.220639 0.217883 2.901782
v -0.077332 0.308745 3.014214
v -0.110881 0.278115 3.324427
v -0.109420 0.297237 3.465760
v -0.063648 0.287501 3.583052
v 0.048510 0.230541 3.763464
v 0.128279 0.111738 3.904446
v 0.100550 0.197480 3.838178
v -0.625758 0.251634 1.731761
v -0.196328 0.427462 1.801424
v -0.567125 0.272590 1.810886
v -0.019916 -0.030529 4.141737
v 0.110740 0.057243 3.993159
v 0.100868 0.024478 4.057646
v 0.105956 0.027521 4.406624
v 0.025010 -0.013287 4.296626
v 0.199050 0.066178 4.465715
v -0.527263 0.289962 1.540340
v -0.108355 0.289093 3.425804
v 0.285364 0.495458 1.672813
v -0.329361 0.044379 2.518403
v -0.273271 0.087765 2.576682
v 0.267714 0.089228 2.713224
v 0.219019 0.072398 2.861640
v -0.330916 0.024885 2.519058
v -0.522385 0.137050 2.316397
v -0.328716 0.066740 2.514622
v -0.673825 0.206801 2.071622
v -0.373470 0.081596 2.464167
v 0.225647 -0.025935 2.951654
v 0.255684 -0.064996 3.076071
v 0.330416 -0.049601 3.210423
v 0.419018 -0.032455 3.339322
v 0.439280 -0.035029 3.413634
v 0.453887 -0.040382 3.584501
v 0.450664 -0.027584 3.737227
v 0.420275 -0.028531 3.824743
v 0.376820 -0.032119 3.899069
v -0.086225 0.446059 1.517364
v -0.790590 0.246163 1.787386
v -0.780846 0.251250 1.861370
v -0.433868 0.341517 1.525018
v -0.332763 0.352907 1.548809
v 0.053248 0.491063 1.467474
v -0.212070 0.392310 1.567271
v 0.302756 -0.008464 3.996883
v 0.313479 0.032697 4.059916
v 0.356882 0.069329 4.099813
v 0.431750 0.127187 4.181962
v 0.454227 0.156247 4.306049
v 0.239786 0.062830 4.487287
v 0.337526 0.111437 4.456149
v 0.409402 0.148339 4.404619
v 0.301057 0.092975 4.475778
v 0.368062 0.126892 4.439714
v 0.390663 -0.035242 3.298469
v -0.126833 0.262786 3.392378
v 0.369702 0.487892 1.413183
v 0.149475 0.023232 4.453334
v 0.058325 -0.018209 4.366003
v -0.014595 -0.046877 4.220497
v -0.011748 -0.039977 4.108043
v 0.511917 0.474004 1.190751
v 0.216792 0.492886 1.448789
v 0.096925 0.024294 4.037174
v 0.408123 0.523687 0.979177
v 0.616209 0.526272 1.396739
v 0.461607 0.495068 1.092183
v 0.660838 0.533597 1.546908
v 0.106019 0.072412 3.951599
v 0.112091 0.123754 3.876317
v 0.066294 0.190032 3.814882
v -0.019340 0.237307 3.681712
v -0.111813 0.274914 3.517036
v -0.123658 0.271762 3.454938
v -0.125841 0.271358 3.251957
v -0.110881 0.283448 3.091142
v -0.270020 0.129515 2.669485
v -0.221138 0.041014 2.171825
v 0.119107 0.062820 2.179801
v -0.263049 0.156814 2.816267
v 0.189869 0.346330 2.448453
v -0.018285 0.043350 2.166055
v -0.056842 0.153143 2.093233
v -0.189970 0.211562 2.960619
v -0.657241 0.274258 1.701272
v -0.679171 0.509338 1.697196
v -0.651495 0.289355 1.537230
v -0.594660 0.588871 1.613222
v -0.615126 0.579769 1.750193
v -0.703506 0.554643 1.646653
v -0.577646 0.545851 1.551909
v -0.536695 0.244058 1.610798
v -0.553405 0.508932 1.515887
v -0.662460 0.459823 1.712970
v -0.528541 0.437123 1.490891
v -0.642525 0.354193 1.506829
v -0.555264 0.226160 1.687288
v -0.663431 0.240356 1.681609
v -0.575057 0.340405 1.846171
v -0.653013 0.395276 1.718143
v -0.668675 0.234072 1.663170
v -0.702741 0.550052 1.669039
v -0.281218 0.209560 1.920915
v 0.158863 0.365961 2.488803
v -0.546960 0.269974 1.717110
v -0.600948 0.169494 2.206635
v -0.670304 0.563028 1.696604
v -0.627020 0.229809 1.675130
v -0.631753 0.368612 1.778087
v -0.626202 0.232215 1.699567
v -0.592807 0.391755 1.492951
v -0.640253 0.436826 1.773773
v -0.662917 0.300797 1.670381
v -0.611311 0.460652 1.500949
v -0.619340 0.236339 1.629732
v -0.637166 0.509791 1.531343
v -0.766662 0.262578 1.919396
v -0.666419 0.568683 1.671749
v -0.657438 0.546579 1.575120
v -0.595323 0.322507 1.515661
v -0.724053 0.264273 1.578622
v -0.655692 0.498746 1.753564
v -0.668820 0.542500 1.723277
v -0.627775 0.303057 1.761418
v -0.665949 0.272523 1.647990
v -0.664178 0.571179 1.631052
v 0.188629 0.268278 3.847819
v 0.129201 0.204556 3.846404
v 0.259292 0.226962 3.876170
v 0.427608 0.091061 3.836697
v 0.451570 0.045085 3.796699
v 0.299409 0.214401 3.886269
v 0.371809 0.218246 3.859347
v 0.331564 0.256394 3.873349
v 0.068029 0.120420 3.853556
v 0.401222 -0.075659 3.795337
v 0.435011 -0.021404 3.792752
v 0.095412 0.161095 3.850308
v 0.089975 0.126908 3.859547
v 0.440142 0.002380 3.808907
v 0.411901 -0.050245 3.809952
v 0.064098 0.090479 3.862759
v 0.316240 0.240856 3.881959
v 0.352510 0.211266 3.873520
v 0.444670 0.074004 3.814415
v 0.269582 0.266040 3.874462
v 0.115748 0.162447 3.856316
v 0.169832 0.214463 3.851176
v 0.402268 0.157764 3.845883
v 0.379566 -0.102157 3.812424
v 0.223705 0.264395 3.857658
v 0.553464 0.515964 1.621505
v 0.636157 0.537872 1.637984
v 0.353645 0.531931 1.016834
v 0.641398 0.531525 1.479411
v 0.128081 0.493442 1.727970
v 0.578439 0.505339 1.170745
v -0.480023 0.322134 1.868270
v -0.611461 0.255442 1.689558
v -0.657321 0.247084 1.672202
v -0.183180 0.180119 2.003537
v -0.397100 0.236059 1.819695
v 0.246592 0.083053 2.292456
v 0.303613 0.075003 2.434155
v 0.310199 0.027203 2.456815
v 0.308519 0.047057 2.452490
v 0.342038 0.426587 3.619782
v 0.431275 0.251514 3.836814
v 0.471276 0.239145 3.755817
v 0.354131 0.315068 3.889236
v 0.385461 0.286663 3.877882
v 0.233742 0.458319 3.679924
v 0.388131 0.385375 3.608454
v 0.227368 0.419997 3.837738
v 0.267475 0.386790 3.882226
v 0.480759 0.262446 3.659403
v 0.320604 0.344219 3.894729
v 0.205854 0.451424 3.741061
v 0.301311 0.455345 3.636372
v 0.445574 0.321559 3.612748
v 0.036351 0.102149 2.140748
v -0.084043 0.068327 2.140996
v -0.444719 0.071103 2.379514
v 0.163989 0.349595 2.694380
v 1.308936 0.946881 3.893700
v 1.289777 0.907670 3.948682
v 1.586262 1.015005 3.982977
v 1.639776 1.014361 3.963993
v 1.599574 0.990909 3.937815
v 1.621952 1.044411 3.929812
v 1.613185 1.044601 3.949464
v 1.602764 0.982026 3.949014
v 1.594319 1.029003 3.967788
v 1.620537 0.995283 3.957435
v 1.615713 0.997573 3.938558
v 1.592601 1.034354 3.942902
v 1.613723 1.011044 3.976463
v 1.607180 1.018684 3.932700
v 1.560693 1.059947 3.990366
v 1.608451 1.057531 3.974710
v 1.572214 1.041267 3.940270
v 1.599511 1.092492 3.932359
v 1.553045 1.064510 3.967428
v 1.569658 1.028534 3.959323
v 1.572443 1.079240 3.947756
v 1.588177 1.039384 3.969264
v 1.586391 1.045521 3.944860
v 1.569943 1.072620 3.976415
v 1.583861 1.055800 3.986026
v 1.584575 1.068557 3.932963
v 1.548156 1.081552 3.939302
v 1.533991 1.112624 3.939298
v 1.552725 1.071361 3.992537
v 1.581541 1.098877 3.959917
v 1.539039 1.112714 3.968078
v 1.566090 1.108881 3.989381
v 1.565687 1.086527 3.947881
v 1.559114 1.088899 3.994236
v 1.534550 1.094447 3.987350
v 1.511945 1.097394 3.957999
v 1.536836 1.096586 3.935419
v 1.565360 1.081789 3.977346
v 1.616218 0.973479 3.967866
v 1.629168 0.959584 3.957082
v 1.604420 0.975932 3.935580
v 1.639002 0.995864 3.939258
v 1.586401 0.944666 3.931139
v 1.588679 0.932820 3.946316
v 1.607857 0.942877 3.953878
v 1.601068 0.944651 3.932787
v 1.628874 0.987197 3.953091
v 1.610904 0.969730 3.927876
v 1.624135 0.967030 3.965472
v 1.622432 0.988122 3.936586
v 1.250377 0.782464 3.850749
v 1.212746 0.888085 3.919051
v 1.177246 0.875411 3.876210
v 1.273833 0.796176 3.957468
v 1.210381 0.808274 3.973078
v 1.247862 0.760953 3.947527
v 1.292003 0.783901 3.889801
v 1.256072 0.751581 3.920118
v 1.235816 0.877900 3.860482
v 1.231595 0.820813 3.831079
v 1.231787 0.851935 3.965938
v 1.177215 0.852724 3.946986
v 1.214929 0.843965 3.834287
v 1.226089 0.788865 3.969972
v 1.252046 0.792343 3.964264
v 1.226570 0.862219 3.846499
v 1.195342 0.873033 3.931700
v 1.274010 0.781160 3.871391
v 1.221485 0.831013 3.970949
v 1.205954 0.852848 3.959100
v 1.241648 0.842890 3.839908
v 1.276661 0.767182 3.902854
v 1.269957 0.769489 3.933690
v 1.237926 0.809806 3.969861
v 1.194096 0.884216 3.899541
v 1.259130 0.812346 3.846745
v 1.262390 0.779713 3.953682
v 1.208239 0.878403 3.866381
v 1.464303 0.918654 3.990393
v 1.424124 0.866866 3.959259
v 1.424075 0.859661 3.927397
v 1.390326 0.909330 3.864552
v 1.385028 1.018282 3.964834
v 1.335531 0.985177 3.934100
v 1.448023 0.896577 3.882446
v 1.422551 0.864105 3.901387
v 1.432666 0.963254 4.005906
v 1.369287 0.948044 3.990423
v 1.367309 1.030109 3.870867
v 1.357360 0.968793 3.868364
v 1.372171 0.941494 3.864117
v 1.403790 0.905189 3.989747
v 1.433834 0.912984 3.990480
v 1.383176 0.974749 3.864012
v 1.446793 0.889247 3.974695
v 1.417971 0.902149 3.873888
v 1.347110 1.010076 3.901306
v 1.363173 1.000971 3.866976
v 1.400373 0.956493 3.999987
v 1.438543 0.878644 3.889433
v 1.356462 1.003539 3.947846
v 1.378579 0.981765 3.980948
v 1.398671 0.935678 3.867651
v 1.448958 0.867079 3.914040
v 1.451353 0.868956 3.945106
v 1.419823 0.932202 3.998591
v 1.325670 0.934103 3.874326
v 1.311031 0.892318 3.869970
v 1.371918 0.864180 3.875039
v 1.348504 0.822658 3.918378
v 1.281629 0.920781 3.930817
v 1.324671 0.852313 3.966958
v 1.349379 0.825824 3.899380
v 1.342481 0.830124 3.943714
v 1.348861 0.893892 3.982719
v 1.324856 0.871587 3.866264
v 1.300325 0.890188 3.966826
v 1.372297 0.861506 3.966265
v 1.283758 0.921097 3.901212
v 1.318399 0.932228 3.957566
v 1.348801 0.856899 3.967697
v 1.318894 0.913406 3.871289
v 1.303345 0.928853 3.884761
v 1.357548 0.844232 3.955889
v 1.348729 0.867148 3.868442
v 1.323855 0.891962 3.976404
v 1.362054 0.843165 3.888284
v 1.298891 0.928114 3.944599
v 1.309976 0.911612 3.964136
v 1.332822 0.893613 3.864237
v 1.366469 0.832933 3.910183
v 1.363182 0.835154 3.935130
v 1.337308 0.872531 3.975231
v 1.294025 0.935898 3.915943
v 1.282930 0.804197 3.864230
v 1.218417 0.889790 3.888814
v 1.247655 0.829499 3.968627
v 1.281443 0.787230 3.943990
v 1.289234 0.778346 3.918102
v 1.265547 0.838745 3.847670
v 1.220284 0.871430 3.945784
v 1.250722 0.859995 3.850926
v 1.261228 0.811324 3.966109
v 1.249611 0.901012 3.924914
v 1.302574 0.816773 3.953945
v 1.319375 0.804879 3.895853
v 1.268231 0.890430 3.874048
v 1.266677 0.869249 3.962192
v 1.282590 0.813032 3.960702
v 1.259345 0.875828 3.861162
v 1.234025 0.888070 3.934065
v 1.302641 0.801894 3.881003
v 1.256287 0.849507 3.966810
v 1.243589 0.870427 3.956076
v 1.272728 0.857879 3.854928
v 1.305671 0.790244 3.904771
v 1.299830 0.793436 3.930644
v 1.270097 0.829252 3.966200
v 1.231898 0.897111 3.908556
v 1.288727 0.829980 3.860522
v 1.292282 0.802228 3.950230
v 1.243508 0.891252 3.879366
v 1.120318 0.855675 3.904351
v 1.201775 0.744536 3.966301
v 1.223374 0.731305 3.874624
v 1.154546 0.846485 3.826470
v 1.144309 0.808527 3.975328
v 1.158000 0.720793 3.812495
v 1.060416 0.834611 3.840446
v 1.104613 0.748047 3.985712
v 1.152574 0.686389 3.957562
v 1.161971 0.675633 3.925842
v 1.135250 0.769931 3.784002
v 1.054998 0.799644 3.950397
v 1.113364 0.798479 3.787073
v 1.126379 0.725136 3.980929
v 1.113795 0.843995 3.831609
v 1.182344 0.719423 3.962928
v 1.179871 0.765126 3.809851
v 1.092868 0.849686 3.875400
v 1.151778 0.757730 3.979663
v 1.189962 0.705363 3.941849
v 1.198975 0.705426 3.897722
v 1.158420 0.802753 3.799685
v 1.105172 0.805775 3.967200
v 1.128292 0.781489 3.982032
v 1.197338 0.725637 3.845654
v 1.091753 0.832766 3.925366
v 1.138805 0.825777 3.807232
v 1.170252 0.736940 3.973803
v 1.213153 0.757614 3.835335
v 1.130169 0.858971 3.861799
v 1.167762 0.784006 3.978169
v 1.209466 0.730907 3.951571
v 1.218154 0.720978 3.922425
v 1.192773 0.800311 3.812109
v 1.127968 0.831335 3.948361
v 1.174004 0.825637 3.815262
v 1.185911 0.763186 3.974387
v 1.169624 0.872965 3.912193
v 1.240215 0.772084 3.961589
v 1.259984 0.759363 3.882720
v 1.197900 0.863244 3.844614
v 1.190974 0.831684 3.970319
v 1.164448 0.862449 3.850258
v 1.225275 0.751759 3.957970
v 1.222380 0.790451 3.829638
v 1.147159 0.868205 3.888348
v 1.197982 0.785660 3.974406
v 1.232866 0.739756 3.937473
v 1.240641 0.738547 3.900474
v 1.203058 0.824280 3.821257
v 1.159224 0.831021 3.962856
v 1.178274 0.808050 3.976088
v 1.238459 0.755415 3.859457
v 1.147311 0.854362 3.928763
v 1.185876 0.845322 3.828292
v 1.214120 0.766654 3.968687
v 0.262214 0.058630 4.048676
v 0.154501 0.077831 4.088866
v 0.162394 0.070302 4.064108
v 0.297239 0.051051 4.065551
v 0.218175 0.086809 4.075556
v 0.013257 -0.001842 4.100479
v 0.124541 0.059654 4.067394
v 0.208736 0.073897 4.056777
v 0.048031 -0.027822 4.081958
v 0.297849 0.004423 4.042472
v 0.292928 0.019566 4.043606
v 0.062901 -0.001371 4.075561
v 0.015758 -0.036481 4.092664
v 0.297368 0.034754 4.053843
v 0.306649 0.018527 4.050602
v 0.005790 -0.067986 4.097380
v 0.180969 0.077337 4.071802
v 0.069581 0.034002 4.083277
v 0.032129 -0.006790 4.085314
v 0.244689 0.073943 4.062315
v 0.310962 0.005718 4.050047
v 0.119478 0.064463 4.083701
v 0.207594 0.081615 4.066716
v 0.277832 0.054396 4.058085
v 0.156569 0.073592 4.077633
v -0.243870 -0.355347 3.562049
v -0.297568 -0.290809 3.624302
v -0.180416 -0.413166 3.555179
v -0.284399 -0.274905 3.705501
v -0.268135 -0.282862 3.764548
v -0.170199 -0.471348 3.571819
v -0.142566 -0.508396 3.630135
v -0.262333 -0.332873 3.810208
v -0.152186 -0.522125 3.677644
v -0.167994 -0.514905 3.728957
v -0.208173 -0.456892 3.792612
v -0.234238 -0.403790 3.817696
v -0.371388 -0.388037 3.488005
v -0.416660 -0.320113 3.560212
v -0.342875 -0.454383 3.479072
v -0.414795 -0.317190 3.629971
v -0.409961 -0.340915 3.684025
v -0.322438 -0.509951 3.506341
v -0.308551 -0.545690 3.562129
v -0.387628 -0.393764 3.717568
v -0.310289 -0.544433 3.603546
v -0.328310 -0.527756 3.639312
v -0.360396 -0.479626 3.690609
v -0.370916 -0.442995 3.713034
v -0.561036 -0.451920 3.421238
v -0.597636 -0.404048 3.474123
v -0.528564 -0.509685 3.418248
v -0.604373 -0.402536 3.525752
v -0.817818 -0.484714 3.490168
v -0.606654 -0.429008 3.573904
v -0.767476 -0.552409 3.350542
v -0.515767 -0.565725 3.444549
v -0.513616 -0.611885 3.496365
v -0.819304 -0.469962 3.434747
v -0.796399 -0.498258 3.368705
v -0.593539 -0.487731 3.608809
v -0.521881 -0.629685 3.522962
v -0.549164 -0.618882 3.549116
v -0.579891 -0.575078 3.594050
v -0.588338 -0.538091 3.616240
v -0.617378 -0.474560 3.411757
v -0.650868 -0.431293 3.463640
v -0.589111 -0.531176 3.401870
v -0.653049 -0.433083 3.506249
v -1.040736 -0.621482 3.393849
v -0.651035 -0.454115 3.548909
v -1.001854 -0.654080 3.308203
v -0.575334 -0.581149 3.421664
v -0.569953 -0.620788 3.468442
v -1.035427 -0.612421 3.364666
v -1.017226 -0.626465 3.324159
v -0.633879 -0.505050 3.577865
v -0.572540 -0.639101 3.502131
v -0.595770 -0.627536 3.525995
v -0.624604 -0.587607 3.569407
v -0.631050 -0.558503 3.586302
v -0.811527 -0.524300 3.534680
v -0.750834 -0.613502 3.364586
v -0.740104 -0.670731 3.409021
v -0.793249 -0.589846 3.555965
v -0.747403 -0.687876 3.440870
v -0.761179 -0.690283 3.463574
v -0.779367 -0.663942 3.519809
v -0.785083 -0.637192 3.551191
v -1.111468 -0.614567 3.370175
v -1.041412 -0.640356 3.410794
v -1.070366 -0.662280 3.276583
v -0.994201 -0.678617 3.306120
v -0.993034 -0.693556 3.316618
v -1.107812 -0.613199 3.341013
v -1.082908 -0.635157 3.290969
v -1.036799 -0.662083 3.410524
v -0.999023 -0.707082 3.339552
v -1.002441 -0.711671 3.355484
v -1.017577 -0.700474 3.390651
v -1.028816 -0.685705 3.406607
v -1.365005 -0.588312 3.316734
v -1.118176 -0.652530 3.399317
v -1.358718 -0.595854 3.296774
v -1.064739 -0.694624 3.276793
v -1.064295 -0.716619 3.289721
v -1.360045 -0.563172 3.302207
v -1.354626 -0.572669 3.284742
v -1.113361 -0.681571 3.398720
v -1.071620 -0.737277 3.311344
v -1.083547 -0.740836 3.331965
v -1.101321 -0.732320 3.374277
v -1.109576 -0.714621 3.393865
v -0.697822 -0.540994 3.587148
v -0.682884 -0.594414 3.588914
v -0.673565 -0.527301 3.372029
v -0.725715 -0.478852 3.554500
v -0.735558 -0.446289 3.500378
v -0.650892 -0.659250 3.513074
v -0.673929 -0.626308 3.563559
v -0.634945 -0.658532 3.489768
v -0.649286 -0.588461 3.397076
v -0.631506 -0.642124 3.453197
v -0.738770 -0.437935 3.443970
v -0.710113 -0.471833 3.382353
v -1.154815 -0.676015 3.266684
v -1.224201 -0.605769 3.316979
v -1.141081 -0.697596 3.239020
v -1.218863 -0.587770 3.349170
v -1.255403 -0.632190 3.334131
v -1.228144 -0.627440 3.386787
v -1.277194 -0.720363 3.368444
v -1.140518 -0.728864 3.224226
v -1.142619 -0.752089 3.234345
v -1.259021 -0.680181 3.303358
v -1.277387 -0.680866 3.322218
v -1.229763 -0.686767 3.389117
v -1.160883 -0.779502 3.257347
v -1.188237 -0.780804 3.301070
v -1.213484 -0.760871 3.354912
v -1.223424 -0.735023 3.379227
v -1.285385 -0.569910 3.330629
v -1.294237 -0.601344 3.353977
v -1.285543 -0.584574 3.303363
v -1.294012 -0.610804 3.319650
v -1.246283 -0.738561 3.232882
v -1.283660 -0.704203 3.284451
v -1.217290 -0.747408 3.214455
v -1.325348 -0.709512 3.285537
v -1.271248 -0.762516 3.212311
v -1.223946 -0.763828 3.206594
v -1.219958 -0.783306 3.209136
v -1.303084 -0.692651 3.337498
v -1.276420 -0.776089 3.212799
v -1.323901 -0.738179 3.298670
v -1.309369 -0.722670 3.347460
v -1.235188 -0.803746 3.221073
v -1.278190 -0.799871 3.225486
v -1.323318 -0.763436 3.313247
v -1.321754 -0.753823 3.338823
v -1.269092 -0.683163 3.364873
v -1.186376 -0.732199 3.222362
v -1.185531 -0.758031 3.212941
v -1.271431 -0.772310 3.336735
v -1.281076 -0.753540 3.362244
v -1.202891 -0.798755 3.239484
v -1.236846 -0.797856 3.272326
v -1.208901 -0.718050 3.252280
v -1.188068 -0.777447 3.220602
v -0.285614 -0.313402 3.577714
v -0.187096 -0.488295 3.763336
v -0.399355 -0.344820 3.522806
v -0.345312 -0.504894 3.665671
v -0.581176 -0.424454 3.443920
v -0.566045 -0.598433 3.571576
v -0.636128 -0.448573 3.435561
v -0.611550 -0.608094 3.547818
v -0.810191 -0.479362 3.399241
v -0.770896 -0.678982 3.490777
v -1.027184 -0.616727 3.343613
v -1.009124 -0.709598 3.374405
v -1.097133 -0.620667 3.317100
v -1.092784 -0.740670 3.354183
v -0.727442 -0.450418 3.410158
v -0.663089 -0.644647 3.537857
v -1.182444 -0.640881 3.291418
v -1.199534 -0.775227 3.324905
v -1.267926 -0.717925 3.263721
v -1.299879 -0.735679 3.253480
v -1.298533 -0.753546 3.263273
v -1.299600 -0.783322 3.275279
v -1.253269 -0.789302 3.301465
v -1.231328 -0.692270 3.279026
v -1.289540 -0.767706 3.167516
v -1.282674 -0.783743 3.169705
v -1.324784 -0.768148 3.169591
v -1.330422 -0.776794 3.175487
v -1.296815 -0.798481 3.177307
v -1.332468 -0.793594 3.177165
v -1.351498 -0.770840 3.184033
v -1.356204 -0.758659 3.181631
v -1.356973 -0.788557 3.196009
v -1.368882 -0.745958 3.198281
v -1.367116 -0.756982 3.216427
v -1.366812 -0.778385 3.218148
v -1.383999 -0.733247 3.222298
v -1.396450 -0.721916 3.238552
v -1.389039 -0.737708 3.259802
v -1.374062 -0.750272 3.229398
v -1.387515 -0.758608 3.262609
v -1.378225 -0.768222 3.242558
v -1.391339 -0.701182 3.269227
v -1.381727 -0.690148 3.298707
v -1.398412 -0.729370 3.273762
v -1.388788 -0.713538 3.313256
v -1.404791 -0.744652 3.286156
v -1.402051 -0.742005 3.305048
v -1.331238 -0.763983 3.140421
v -1.325297 -0.778234 3.142441
v -1.361770 -0.764091 3.143444
v -1.367473 -0.771792 3.148895
v -1.336201 -0.794041 3.149693
v -1.367691 -0.788832 3.150025
v -1.397158 -0.763545 3.155710
v -1.399770 -0.752489 3.154759
v -1.405407 -0.780369 3.165191
v -1.410662 -0.742124 3.169919
v -1.411261 -0.751220 3.184524
v -1.414368 -0.771031 3.184554
v -1.429343 -0.725529 3.196584
v -1.438076 -0.716137 3.212432
v -1.434047 -0.728310 3.229406
v -1.423254 -0.740633 3.200757
v -1.437108 -0.750167 3.229640
v -1.430757 -0.759076 3.211477
v -1.435025 -0.694469 3.249008
v -1.431176 -0.685039 3.273227
v -1.444522 -0.717752 3.251086
v -1.440592 -0.707491 3.289187
v -1.453034 -0.732361 3.263111
v -1.451411 -0.730324 3.280638
v -1.372150 -0.761983 3.116514
v -1.373488 -0.773334 3.114849
v -1.393218 -0.762088 3.120300
v -1.404018 -0.770278 3.120351
v -1.377181 -0.787771 3.123645
v -1.400035 -0.784302 3.124717
v -1.462421 -0.754669 3.116917
v -1.452569 -0.745393 3.123006
v -1.462696 -0.770585 3.128547
v -1.459504 -0.739646 3.135336
v -1.471965 -0.746725 3.137168
v -1.469021 -0.764320 3.142251
v -1.488209 -0.712666 3.162416
v -1.493175 -0.707327 3.175228
v -1.504649 -0.713292 3.177001
v -1.497369 -0.722005 3.155686
v -1.500803 -0.733826 3.182740
v -1.496148 -0.740438 3.168848
v -1.490084 -0.687398 3.227328
v -1.488887 -0.679842 3.243823
v -1.506583 -0.702374 3.223657
v -1.506224 -0.693053 3.249545
v -1.507071 -0.717490 3.235799
v -1.506425 -0.714723 3.249716
v -0.346062 -0.311301 3.667303
v -0.284339 -0.519371 3.661716
v -0.249004 -0.527777 3.624938
v -0.242700 -0.508949 3.587272
v -0.364857 -0.312799 3.584626
v -0.312069 -0.385929 3.540242
v -0.331940 -0.372967 3.737094
v -0.338691 -0.336384 3.715692
v -0.266325 -0.441916 3.536449
v -0.249833 -0.492335 3.557444
v -0.318845 -0.473695 3.710692
v -0.326785 -0.436184 3.732364
v -0.352015 -0.335960 3.549203
v -0.305204 -0.497727 3.686183
v -0.407346 -0.578682 3.531680
v -0.490938 -0.429345 3.671389
v -0.507389 -0.366315 3.633365
v -0.412499 -0.530545 3.473897
v -0.475757 -0.531184 3.647168
v -0.482123 -0.483848 3.676447
v -0.507309 -0.339168 3.579338
v -0.507124 -0.344690 3.520497
v -0.415350 -0.593923 3.562225
v -0.442679 -0.581727 3.594460
v -0.463981 -0.406977 3.450868
v -0.428651 -0.469903 3.445159
v -0.460976 -0.558686 3.620751
v -0.487295 -0.373915 3.479885
v -0.048721 -0.465859 3.657674
v -0.060898 -0.486654 3.725351
v -0.164859 -0.309614 3.589304
v -0.209668 -0.261134 3.657650
v -0.158832 -0.336507 3.863886
v -0.187281 -0.281020 3.846397
v -0.101949 -0.365454 3.581132
v -0.074572 -0.419506 3.595083
v -0.202275 -0.232641 3.788775
v -0.201452 -0.236578 3.732223
v -0.077249 -0.468169 3.780536
v -0.117685 -0.398156 3.845064
v -0.194725 -0.281804 3.617397
v -0.093295 -0.432150 3.819036
v 0.013336 -0.442903 3.756972
v -0.096763 -0.277765 3.601845
v -0.117948 -0.288249 3.862319
v -0.052512 -0.332975 3.587472
v -0.175768 -0.208476 3.759085
v -0.015028 -0.408390 3.816038
v 0.018067 -0.443915 3.669152
v -0.152351 -0.223298 3.665227
v -0.152546 -0.243135 3.836271
v -0.011362 -0.393564 3.598557
v -0.164944 -0.215067 3.709848
v -0.069236 -0.342755 3.861184
v -0.129190 -0.244851 3.632972
v -0.040145 -0.376548 3.842779
v -0.379908 -0.103726 2.463750
v -0.236486 -0.205579 2.596632
v 0.127259 -0.084569 2.185823
v 0.295986 -0.203565 2.540848
v 0.237137 -0.129836 2.285045
v -0.299451 -0.145784 2.534177
v 0.187566 -0.275919 2.788554
v -0.196578 -0.290624 2.688041
v 0.005959 -0.057646 2.141058
v 0.058405 -0.126595 2.153899
v 0.184291 -0.226124 2.260359
v 0.255019 -0.291549 2.464350
v 0.202360 -0.326694 2.626987
v -0.080817 -0.098245 2.106369
v -0.037899 -0.179168 2.097526
v 0.042307 -0.256643 2.169638
v 0.144695 -0.323747 2.321706
v -0.209375 -0.130242 2.014709
v -0.512112 -0.097758 2.295792
v -0.156531 -0.201220 2.006750
v -0.076120 -0.263628 2.074560
v -0.515848 -0.151205 2.341375
v 0.026210 -0.342269 2.225378
v -0.321352 -0.283121 2.510124
v -0.442276 -0.205906 2.424919
v 0.090006 -0.374115 2.374979
v -0.213839 -0.347690 2.550546
v 0.309877 -0.099945 2.580841
v 0.009328 -0.356637 2.723876
v -0.352334 -0.051510 2.141855
v -0.039576 -0.425165 2.483943
v 0.120542 -0.336698 2.773030
v -0.258932 -0.069816 2.058840
v 0.054865 -0.406658 2.436361
v -0.091509 -0.340084 2.703506
v -0.444122 -0.065018 2.224944
v -0.124668 -0.404755 2.525756
v -0.522750 -0.096386 2.127386
v -0.583461 -0.130497 2.186695
v -0.258043 -0.232963 1.918133
v -0.302530 -0.157865 1.935490
v -0.193904 -0.293753 1.970145
v -0.770340 -0.350122 1.960563
v -0.735961 -0.417632 1.962274
v -0.446931 -0.345659 2.383449
v -0.550961 -0.265403 2.308953
v -0.602064 -0.187124 2.228554
v -0.109222 -0.358076 2.090845
v -0.722765 -0.235118 1.602250
v -0.250690 -0.455203 2.394945
v -0.354140 -0.399423 2.413590
v -0.061594 -0.414976 2.195497
v -0.353062 -0.098660 1.975409
v -0.435886 -0.079426 2.048890
v -0.670008 -0.260405 1.660894
v -0.509319 -0.355484 1.718188
v -0.558029 -0.224970 1.722997
v -0.527824 -0.290419 1.712082
v -0.751417 -0.218630 1.903933
v -0.706434 -0.182141 1.849530
v -0.090083 -0.456528 2.267759
v -0.171682 -0.475107 2.340567
v -0.600900 -0.128192 1.977904
v -0.656891 -0.166431 2.045884
v -0.377519 -0.261248 1.817209
v -0.418812 -0.184360 1.828706
v -0.349233 -0.327439 1.838729
v 0.047490 -0.291496 2.911268
v -0.618199 -0.393197 2.149482
v -0.669794 -0.311931 2.132615
v -0.682563 -0.226291 2.093119
v -0.325106 -0.401324 1.884143
v -0.476260 -0.513402 2.105347
v -0.549317 -0.456172 2.134990
v -0.320698 -0.475150 1.943565
v -0.465860 -0.131559 1.855937
v -0.530929 -0.114012 1.913410
v -0.203475 -0.248423 2.895396
v -0.124360 -0.281461 2.900818
v 0.111711 -0.263545 2.904187
v -0.352991 -0.515806 1.995874
v -0.421694 -0.528789 2.057510
v -0.772871 -0.282970 1.937815
v -0.499472 -0.421731 1.743153
v -0.638079 -0.501053 1.920062
v -0.692479 -0.456348 1.950488
v -0.502688 -0.472625 1.784456
v -0.594488 -0.184489 1.746730
v -0.647481 -0.171108 1.796266
v -0.716862 -0.394728 1.520578
v -0.648442 -0.376541 1.665753
v -0.653334 -0.438359 1.665206
v -0.730825 -0.454772 1.543980
v -0.208404 -0.368587 1.604855
v -0.714074 -0.334447 1.529973
v -0.533983 -0.503312 1.824899
v -0.594800 -0.512509 1.876836
v -0.042878 -0.298799 2.905680
v -0.261439 -0.147193 2.619946
v -0.293383 -0.088762 2.550456
v 0.214148 -0.146981 2.801022
v -0.247463 -0.217390 2.721723
v -0.241911 -0.195230 2.900335
v 0.152861 -0.174215 2.905992
v -0.721135 -0.272755 1.558659
v -0.653296 -0.317020 1.660672
v -0.196924 -0.393734 1.788014
v -0.064887 -0.304446 3.186080
v -0.172495 -0.250273 3.193823
v -0.173667 -0.229777 3.028332
v -0.084632 -0.276409 3.024976
v -0.289053 -0.034280 3.025679
v -0.245840 -0.158045 3.028792
v -0.288145 -0.093546 3.024357
v 0.094086 -0.219093 3.016128
v -0.005850 -0.284791 3.021132
v -0.296490 -0.017528 3.195637
v -0.246581 -0.176716 3.196060
v -0.299471 -0.094905 3.194595
v 0.151192 -0.257772 3.167859
v 0.037347 -0.318806 3.179445
v -0.261024 0.000813 3.353249
v -0.019105 -0.341103 3.338550
v -0.124213 -0.273351 3.353530
v -0.204753 -0.202649 3.368359
v -0.274712 -0.116771 3.357469
v 0.215544 -0.284710 3.298151
v 0.095699 -0.351999 3.321432
v -0.264164 0.016833 3.487254
v -0.028033 -0.331618 3.483650
v -0.130832 -0.262421 3.513868
v -0.181806 -0.200923 3.588780
v -0.270090 -0.123662 3.498448
v 0.249972 -0.324770 3.404045
v 0.086634 -0.371453 3.494586
v -0.218652 0.015548 3.599325
v -0.177637 -0.166963 3.666204
v -0.226839 -0.108936 3.606460
v 0.269809 -0.324494 3.505881
v 0.171103 -0.378388 3.572536
v -0.109934 -0.033576 3.771930
v 0.042972 -0.054414 3.904894
v 0.084858 -0.207413 3.905027
v -0.121063 -0.170924 3.775773
v -0.121101 -0.120681 3.769611
v 0.266089 -0.330938 3.690279
v 0.187378 -0.391481 3.695427
v 0.155858 -0.250779 3.887521
v -0.052434 -0.056379 3.847110
v -0.611562 -0.365844 1.645900
v -0.610390 -0.424490 1.658865
v 0.051668 -0.341457 3.830580
v -0.030381 -0.266535 3.860578
v -0.496125 -0.415931 1.896208
v -0.809089 -0.252015 1.813764
v -0.073745 -0.202578 3.841875
v -0.065350 -0.136656 3.844257
v 0.245789 -0.314457 3.779984
v 0.152514 -0.370307 3.775003
v -0.839329 -0.365398 1.848025
v -0.834601 -0.308595 1.835846
v 0.064537 -0.181949 3.904060
v 0.047676 -0.140135 3.898796
v 0.266575 -0.244299 3.860108
v 0.218616 -0.270021 3.865664
v -0.815316 -0.424114 1.842089
v -0.476653 -0.276378 1.848960
v -0.620974 -0.308695 1.647423
v -0.639089 -0.253478 1.659232
v -0.765078 -0.219642 1.768787
v -0.737382 -0.493899 1.798205
v -0.781821 -0.456149 1.829975
v -0.614846 -0.468688 1.684462
v -0.666033 -0.220216 1.680458
v -0.710883 -0.210314 1.723094
v -0.436265 -0.292250 1.550961
v -0.444629 -0.246712 1.627013
v -0.435709 -0.439181 1.497922
v 0.128831 -0.538366 1.750642
v -0.499615 -0.591971 1.629077
v -0.511151 -0.490277 1.880943
v -0.645606 -0.494850 1.714822
v -0.701158 -0.502194 1.757324
v -0.527880 -0.547271 1.840136
v -0.456188 -0.511259 1.523760
v -0.479531 -0.548535 1.562208
v -0.750058 -0.522267 1.622512
v -0.748570 -0.485941 1.579780
v -0.670678 -0.485720 1.666766
v -0.689331 -0.227631 1.657170
v -0.715718 -0.220921 1.636930
v -0.225242 -0.481157 1.497434
v -0.203340 -0.479996 1.825619
v -0.218476 -0.525402 1.815774
v -0.237533 -0.526451 1.520614
v -0.217125 -0.437337 1.508567
v -0.704710 -0.515833 1.672485
v -0.735251 -0.527986 1.652658
v -0.215706 -0.393791 1.541818
v -0.197570 -0.436032 1.816075
v -0.485550 -0.344379 1.885654
v -0.429425 -0.366635 1.512370
v 0.122359 -0.461940 1.715542
v -0.468498 -0.237112 1.797698
v -0.460959 -0.229302 1.713503
v 0.055539 -0.459422 1.488894
v 0.073731 -0.437868 1.547171
v 0.042330 -0.535923 1.446736
v 0.544910 -0.456625 1.202128
v 0.041895 -0.624765 1.556451
v 0.114628 -0.578426 1.743258
v -0.524064 -0.583683 1.785723
v -0.506800 -0.598642 1.699418
v 0.089173 -0.608817 1.719268
v 0.037440 -0.576223 1.469785
v 0.033230 -0.598624 1.504086
v -0.254344 -0.580157 1.610858
v -0.250118 -0.551249 1.555069
v -0.240451 -0.559953 1.787041
v -0.198619 -0.368374 1.747284
v -0.206169 -0.361164 1.678870
v -0.246835 -0.580320 1.740686
v -0.246914 -0.586168 1.667431
v 0.129950 -0.499490 1.741604
v 0.050035 -0.497375 1.456717
v 0.612661 -0.508363 1.618258
v 0.111213 -0.439183 1.678432
v 0.090016 -0.432159 1.616288
v 0.462688 -0.608633 1.169073
v 0.631682 -0.594417 1.684904
v 0.612166 -0.642701 1.670315
v 0.479167 -0.675825 1.193038
v 0.588698 -0.671288 1.182239
v 0.461137 -0.543978 1.176347
v 0.074998 -0.626296 1.676477
v 0.060895 -0.630597 1.607655
v 0.472641 -0.479402 1.198321
v 0.634620 -0.548214 1.667415
v 0.662342 -0.547720 1.558585
v 0.437921 -0.535353 1.678345
v 0.353064 -0.488866 1.393955
v 0.352270 -0.532486 1.362304
v 0.348851 -0.622790 1.375699
v 0.422961 -0.620504 1.680147
v 0.437247 -0.577291 1.689609
v 0.350646 -0.576733 1.352330
v 0.429893 -0.495073 1.641587
v 0.375121 -0.465641 1.445574
v 0.359457 -0.673901 1.454253
v 0.345938 -0.647750 1.409209
v 0.398579 -0.653283 1.645463
v 0.418799 -0.471906 1.598917
v 0.393510 -0.463961 1.524629
v 0.384670 -0.672143 1.596735
v 0.374015 -0.677237 1.518632
v 0.587721 -0.597848 1.178162
v 0.565643 -0.721673 1.211347
v 0.499681 -0.706870 1.223849
v 0.573709 -0.673948 1.620759
v 0.627900 -0.495514 1.549693
v 0.576110 -0.485587 1.402751
v 0.580741 -0.531649 1.182217
v 0.627159 -0.543807 1.418208
v 0.637697 -0.647179 1.563392
v 0.608961 -0.650462 1.412149
v 0.659327 -0.594392 1.567469
v 0.625808 -0.593890 1.416935
v 0.579728 -0.692358 1.546890
v 0.562603 -0.699880 1.410421
v 0.222771 -0.163060 4.386045
v 0.385711 -0.121834 4.307299
v 0.158996 -0.136816 3.978361
v 0.194502 -0.151800 3.969254
v 0.088548 -0.063620 3.990763
v 0.141576 -0.127004 3.982627
v 0.111130 -0.105660 3.987270
v 0.260668 -0.158765 3.956533
v 0.232425 -0.167251 3.960138
v 0.267811 -0.116994 4.092263
v 0.200450 -0.136530 4.108232
v 0.514916 -0.726297 1.097532
v 0.466806 -0.704560 1.058015
v 0.542484 -0.729567 1.078244
v 0.471141 -0.624961 1.001964
v 0.387724 -0.627135 1.025853
v 0.431502 -0.482667 1.002015
v 0.397190 -0.491638 1.032481
v 0.347360 -0.558026 1.010587
v 0.519738 -0.703637 1.036374
v 0.422980 -0.554891 0.980531
v 0.189293 -0.112399 4.041381
v 0.228426 -0.115664 4.038347
v 0.110539 -0.076667 4.050056
v 0.166606 -0.108587 4.043446
v 0.136423 -0.099110 4.046816
v 0.276871 -0.080602 4.033418
v 0.255475 -0.106107 4.033868
v 0.048253 -0.159718 4.131113
v 0.169576 -0.145750 4.118382
v 0.121186 -0.157803 4.124769
v 0.337634 -0.035618 4.079491
v 0.311757 -0.075065 4.087362
v 0.454891 -0.082293 4.273680
v 0.292370 -0.145642 4.205763
v 0.128510 -0.183790 4.277364
v 0.363312 -0.111248 4.175398
v 0.407630 -0.068196 4.430995
v 0.258532 -0.159952 4.222733
v 0.206226 -0.178331 4.242735
v 0.420834 -0.006834 4.141112
v 0.402670 -0.057187 4.155088
v 0.304726 -0.119671 4.442136
v 0.403433 -0.096951 4.385123
v 0.352119 -0.138476 4.325604
v 0.301290 -0.159196 4.347685
v 0.504009 0.020194 4.239664
v 0.489467 -0.029524 4.251224
v 0.459244 -0.068032 4.357499
v 0.375532 -0.111017 4.399865
v 0.338707 -0.128179 4.405288
v 0.503565 -0.013735 4.349521
v 0.490897 -0.042663 4.331071
v 0.461081 -0.041057 4.400423
v 0.367051 -0.088553 4.448472
v 0.061940 -0.351104 2.748955
v -0.302481 -0.055605 2.097732
v 0.010071 -0.419455 2.460084
v -0.391683 -0.083873 2.009303
v -0.128540 -0.469678 2.304719
v 0.001959 -0.296306 2.909821
v -0.496646 -0.118474 1.882164
v -0.386402 -0.525469 2.026713
v -0.619339 -0.174603 1.769509
v -0.564112 -0.510335 1.850504
v -0.120760 -0.281288 3.190203
v -0.132851 -0.254423 3.027140
v -0.077318 -0.314988 3.346449
v -0.084407 -0.299948 3.492194
v 0.117134 -0.228883 3.898134
v 0.008004 -0.306576 3.850887
v -0.686414 -0.212656 1.699914
v -0.673662 -0.500458 1.735414
v -0.703035 -0.221373 1.647933
v -0.723241 -0.523943 1.666690
v -0.465265 -0.229703 1.758119
v -0.515329 -0.593609 1.743573
v -0.202438 -0.362763 1.715477
v -0.246459 -0.584717 1.704586
v 0.100905 -0.433934 1.649681
v 0.068561 -0.629743 1.642421
v 0.406576 -0.466553 1.564704
v 0.379169 -0.675866 1.558957
v 0.603845 -0.491874 1.483472
v 0.624952 -0.647642 1.495543
v 0.646036 -0.594012 1.498839
v 0.569633 -0.695943 1.486428
v 0.648887 -0.546973 1.494930
v 0.174698 -0.143502 3.974164
v 0.230841 -0.129365 4.099156
v 0.206914 -0.114704 4.039625
v 0.418331 -0.105620 4.290530
v 0.429272 -0.083859 4.371513
v 0.325230 -0.132113 4.190463
v 0.433429 -0.055135 4.417149
v 0.100740 -0.365357 3.416621
v -0.268781 -0.124466 3.458238
v -0.018406 -0.337135 3.431978
v 0.240217 -0.306770 3.370667
v -0.260905 0.009950 3.449107
v -0.187442 -0.199110 3.521469
v -0.124100 -0.266721 3.461371
v -0.076996 -0.306553 3.441959
v -0.274549 -0.031497 2.617982
v -0.297610 -0.021801 2.542909
v -0.275157 -0.038041 2.727672
v -0.228892 0.129151 3.190340
v -0.259937 -0.017694 2.903748
v 0.314030 -0.026174 2.605671
v 0.219998 -0.048187 2.804498
v 0.185700 -0.085877 2.906585
v -0.230449 0.117030 3.024746
v 0.156504 -0.150024 3.012770
v 0.215561 -0.179226 3.159690
v -0.222891 0.117760 3.351120
v 0.282449 -0.184911 3.281584
v -0.205667 0.131057 3.500586
v 0.332179 -0.180468 3.381095
v -0.167345 0.125346 3.598923
v 0.347401 -0.180433 3.494355
v -0.055881 0.070317 3.772673
v 0.354695 -0.182469 3.687085
v 0.060918 0.007062 3.914964
v -0.001415 0.040109 3.847131
v 0.335218 -0.189505 3.778439
v 0.322437 -0.163555 3.857101
v -0.020980 -0.136417 4.149979
v 0.065456 -0.028070 4.009162
v 0.293173 -0.103974 3.952996
v 0.080560 -0.061115 4.068006
v 0.290450 -0.039816 4.028714
v 0.134767 -0.118338 4.422676
v 0.344894 0.009922 4.070820
v 0.047093 -0.152029 4.310873
v 0.233021 -0.072200 4.497720
v 0.418261 0.050200 4.131823
v 0.494341 0.084333 4.234838
v 0.362721 -0.008344 4.480316
v 0.488237 0.059559 4.370551
v 0.442237 0.032049 4.434107
v 0.315155 -0.032216 4.500902
v 0.401863 0.011471 4.459249
v -0.206190 0.124212 3.462565
v 0.309709 -0.191872 3.338730
v 0.070975 -0.408894 3.770482
v -0.052586 -0.282823 3.570313
v -0.086029 -0.251112 3.853503
v 0.025171 -0.348862 3.558369
v -0.159801 -0.193375 3.714199
v 0.022350 -0.374864 3.823578
v 0.101016 -0.422082 3.685143
v -0.122450 -0.243859 3.603368
v -0.124665 -0.209753 3.805026
v 0.088812 -0.397404 3.592119
v -0.154589 -0.213532 3.654850
v -0.042328 -0.307202 3.856380
v -0.088462 -0.260694 3.585899
v -0.009897 -0.343539 3.843381
v 0.312597 -0.058304 2.596539
v 0.218137 -0.091782 2.803484
v 0.170663 -0.126910 2.906590
v 0.130989 -0.181106 3.014184
v 0.189820 -0.215545 3.163144
v 0.254939 -0.232419 3.287538
v 0.294064 -0.259581 3.386730
v 0.305980 -0.260006 3.495156
v 0.314115 -0.259973 3.688394
v 0.297765 -0.249122 3.780296
v 0.294691 -0.205939 3.858669
v 0.277888 -0.132290 3.954528
v 0.286421 -0.060323 4.030910
v 0.344389 -0.007200 4.073207
v 0.421684 0.028074 4.134193
v 0.501021 0.057860 4.235334
v 0.388883 -0.037702 4.459415
v 0.498254 0.023742 4.361084
v 0.454136 -0.004535 4.421083
v 0.343244 -0.060581 4.478611
v 0.420901 -0.021493 4.442183
v 0.280630 -0.249431 3.346254
v -0.271313 -0.092795 2.619289
v -0.296210 -0.055002 2.547693
v -0.271018 -0.134707 2.726365
v -0.273198 0.058575 3.194757
v -0.262551 -0.114274 2.902435
v -0.271966 0.052375 3.026761
v -0.249931 0.064716 3.353783
v -0.235802 0.082966 3.494716
v -0.194132 0.078513 3.599868
v -0.084159 0.024421 3.773095
v 0.050554 -0.019814 3.912007
v -0.029333 -0.004774 3.847580
v 0.007751 -0.151123 4.142379
v 0.076885 -0.041920 3.999404
v 0.097490 -0.071854 4.060092
v 0.172724 -0.144177 4.408470
v 0.082234 -0.171371 4.298061
v 0.265812 -0.098528 4.473054
v -0.234879 0.074917 3.456697
v -0.627688 -0.259934 1.746898
v -0.664452 -0.509048 1.741660
v -0.595856 -0.275932 1.536918
v -0.654781 -0.551201 1.605983
v -0.670806 -0.542819 1.714426
v -0.660996 -0.557057 1.660342
v -0.637407 -0.511584 1.550036
v -0.609504 -0.233659 1.598144
v -0.611034 -0.477584 1.514904
v -0.647348 -0.456576 1.764859
v -0.588815 -0.411455 1.490838
v -0.584563 -0.344641 1.503228
v -0.627616 -0.217177 1.658704
v -0.626762 -0.224008 1.714631
v -0.629946 -0.322386 1.770126
v -0.635317 -0.388176 1.774570
v -0.627663 -0.217349 1.688952
v -0.667507 -0.552192 1.690027
v -0.021281 -0.144259 3.860200
v -0.012517 -0.055057 3.863127
v -0.019120 -0.197530 3.864906
v 0.178377 -0.333552 3.819263
v 0.254051 -0.286622 3.818007
v 0.014628 -0.246992 3.878664
v 0.095162 -0.312170 3.855157
v 0.052273 -0.280935 3.871332
v 0.028632 0.032374 3.864341
v 0.329378 -0.180615 3.815577
v 0.296617 -0.231153 3.817417
v 0.006850 -0.006077 3.864307
v -1.322711 -0.781987 3.246423
v -1.311646 -0.792438 3.217880
v -1.307552 -0.760109 3.204783
v -1.323044 -0.744006 3.227651
v -1.320571 -0.756247 3.245096
v -1.303130 -0.773008 3.206458
v -1.347597 -0.760385 3.289450
v -1.332996 -0.772803 3.265880
v -1.335963 -0.733394 3.245780
v -1.353306 -0.718831 3.262582
v -1.345820 -0.738961 3.283730
v -1.326180 -0.751239 3.254068
v -1.354278 -0.706406 3.281488
v -1.334939 -0.692075 3.320718
v -1.356429 -0.752227 3.305242
v -1.349722 -0.735151 3.290535
v -1.340546 -0.718956 3.333384
v -1.354243 -0.749211 3.324727
v -1.301829 -0.796802 3.199556
v -1.265483 -0.801625 3.199775
v -1.293807 -0.767511 3.190575
v -1.299171 -0.777090 3.196296
v -1.257455 -0.767230 3.188130
v -1.250432 -0.784103 3.190510
v -0.936551 -0.626226 3.320957
v -0.976750 -0.609083 3.445248
v -0.978128 -0.585113 3.421738
v -0.935669 -0.705506 3.384736
v -0.951355 -0.690221 3.425668
v -0.929734 -0.701463 3.366994
v -0.926673 -0.660511 3.322500
v -0.923193 -0.687145 3.341645
v -0.974541 -0.573797 3.385369
v -0.955459 -0.591306 3.338057
v -0.961019 -0.672509 3.445998
v -0.968867 -0.642904 3.450425
v -0.966174 -0.579301 3.360372
v -0.942981 -0.700884 3.405880
v -1.135302 -0.760564 3.317573
v -1.115785 -0.758021 3.284523
v -1.102598 -0.733183 3.261989
v -1.117154 -0.652585 3.278583
v -1.170873 -0.681976 3.395058
v -1.169998 -0.640130 3.394228
v -1.104782 -0.677535 3.257852
v -1.101810 -0.709962 3.250216
v -1.156276 -0.746748 3.365297
v -1.165192 -0.724309 3.387280
v -1.163414 -0.602071 3.359951
v -1.161045 -0.607490 3.329199
v -1.138700 -0.626801 3.304127
v -1.145328 -0.757896 3.340483
v -1.069952 -0.614470 3.352960
v -1.061326 -0.619479 3.330676
v -1.035923 -0.658009 3.293235
v -1.028356 -0.704166 3.304284
v -1.078362 -0.648372 3.404279
v -1.049529 -0.724263 3.364192
v -1.029166 -0.686147 3.292742
v -1.034587 -0.720948 3.326437
v -1.057852 -0.715784 3.381911
v -1.049767 -0.630723 3.307903
v -1.067598 -0.699978 3.399386
v -1.041653 -0.725107 3.343773
v -1.074579 -0.620078 3.381785
v -1.073345 -0.672462 3.403568
v -0.969780 -0.641212 3.315196
v -1.009870 -0.605203 3.407373
v -0.984580 -0.694650 3.407133
v -0.965034 -0.703450 3.353018
v -0.958821 -0.689831 3.328947
v -0.986849 -0.610277 3.331729
v -1.003325 -0.652617 3.429071
v -0.997019 -0.599638 3.352202
v -0.976157 -0.704514 3.389420
v -1.009377 -0.625633 3.426843
v -0.969303 -0.707822 3.369665
v -0.961055 -0.669861 3.314626
v -1.005285 -0.594851 3.374930
v -0.995226 -0.678635 3.424941
v -0.889334 -0.564737 3.494431
v -0.845598 -0.699316 3.425076
v -0.834652 -0.635729 3.343621
v -0.892162 -0.517442 3.413189
v -0.869401 -0.655974 3.502391
v -0.847548 -0.586304 3.336257
v -0.893080 -0.531325 3.460088
v -0.862361 -0.678296 3.475269
v -0.835223 -0.696210 3.404443
v -0.827868 -0.680101 3.375805
v -0.871352 -0.540593 3.354847
v -0.876562 -0.616784 3.507564
v -0.883519 -0.524883 3.382093
v -0.854117 -0.691146 3.449907
v -0.895277 -0.607663 3.328053
v -0.938701 -0.560192 3.439534
v -0.910084 -0.684726 3.448638
v -0.885884 -0.699016 3.384291
v -0.878956 -0.683840 3.357404
v -0.916466 -0.567772 3.345863
v -0.926071 -0.630841 3.476912
v -0.927858 -0.554065 3.370467
v -0.901765 -0.696390 3.426256
v -0.936225 -0.588550 3.468061
v -0.893889 -0.702641 3.403397
v -0.883981 -0.648954 3.332253
v -0.936353 -0.547675 3.398288
v -0.918537 -0.664889 3.472126
v 0.277910 -0.088667 4.061552
v 0.186620 -0.118455 4.070814
v 0.160853 -0.120511 4.075751
v 0.302820 -0.055095 4.057864
v 0.241249 -0.113653 4.064053
v 0.076210 -0.119260 4.077595
v 0.124388 -0.123508 4.078704
v 0.210647 -0.117702 4.066696
v 0.024208 -0.101070 4.093378
v 0.313396 -0.011622 4.050171
v 0.312297 -0.028482 4.051988
v 0.047225 -0.111122 4.085598
v 0.571475 0.450058 3.714528
v 0.526075 0.544456 3.718651
v 0.571078 0.373053 3.740634
v 0.449537 0.568271 3.763027
v 0.399289 0.567079 3.811798
v 0.587243 0.343447 3.792142
v 0.558494 0.324790 3.853678
v 0.396685 0.550143 3.881217
v 0.542039 0.340508 3.898706
v 0.514317 0.371779 3.932776
v 0.459220 0.447373 3.945104
v 0.422661 0.497668 3.931595
v 0.712132 0.506223 3.708288
v 0.657675 0.599764 3.714963
v 0.734805 0.448486 3.746056
v 0.609059 0.623698 3.760459
v 0.582455 0.626677 3.814471
v 0.733774 0.415076 3.801956
v 0.708538 0.406595 3.864006
v 0.574160 0.595064 3.872867
v 0.682469 0.423436 3.891670
v 0.661036 0.458442 3.906776
v 0.620767 0.524332 3.912107
v 0.593036 0.557242 3.902800
v 0.900016 0.602083 3.734730
v 0.863949 0.671809 3.740496
v 0.911616 0.547354 3.770192
v 0.833981 0.695383 3.775550
v 1.017239 0.816620 3.825486
v 0.817734 0.700743 3.828354
v 1.120247 0.695112 3.798188
v 0.915611 0.518665 3.827341
v 0.904641 0.511783 3.896212
v 1.050727 0.803220 3.782302
v 1.098218 0.748136 3.766723
v 0.817330 0.673646 3.893926
v 0.901594 0.518587 3.928618
v 0.895512 0.554515 3.942731
v 0.862726 0.615523 3.945870
v 0.834961 0.647577 3.935294
v 0.952704 0.631080 3.753123
v 0.916839 0.695593 3.757538
v 0.970001 0.578973 3.784793
v 0.890459 0.711945 3.787679
v 1.269933 0.909902 3.902683
v 0.871602 0.715483 3.831942
v 1.325113 0.832406 3.879529
v 0.973768 0.551035 3.832889
v 0.960167 0.543612 3.892726
v 1.283799 0.898236 3.878584
v 1.309386 0.862277 3.866494
v 0.868400 0.687677 3.888597
v 0.949173 0.548249 3.929277
v 0.941205 0.581132 3.940682
v 0.909214 0.638691 3.943418
v 0.887778 0.663113 3.933798
v 1.000403 0.811805 3.882854
v 1.129681 0.660931 3.854385
v 1.119366 0.644335 3.925730
v 1.005809 0.777584 3.947958
v 1.108829 0.655214 3.959174
v 1.101197 0.674412 3.975736
v 1.058665 0.721740 3.987798
v 1.026859 0.749416 3.983891
v 1.322199 0.962418 3.889292
v 1.266814 0.909180 3.927853
v 1.388776 0.874028 3.874218
v 1.333706 0.815350 3.898245
v 1.332388 0.812294 3.916447
v 1.340477 0.949019 3.871753
v 1.372854 0.900770 3.860499
v 1.274460 0.896474 3.945481
v 1.325396 0.820407 3.940899
v 1.317943 0.827351 3.953799
v 1.295896 0.857532 3.965045
v 1.283795 0.878803 3.962416
v 1.486362 1.163024 3.857428
v 1.322375 0.963543 3.937599
v 1.500702 1.147291 3.852206
v 1.400394 0.856370 3.900896
v 1.400975 0.851953 3.926363
v 1.482546 1.163637 3.828033
v 1.496466 1.148767 3.825890
v 1.333499 0.947591 3.961136
v 1.398940 0.857768 3.956120
v 1.392285 0.873934 3.971407
v 1.367733 0.907947 3.989055
v 1.350073 0.929277 3.985745
v 0.911849 0.728779 3.922206
v 0.928191 0.693626 3.964859
v 1.040072 0.636767 3.778543
v 0.919582 0.766878 3.853365
v 0.947399 0.768889 3.795511
v 0.994263 0.610572 3.966450
v 0.956126 0.662935 3.974017
v 1.001238 0.588761 3.948821
v 1.038125 0.599057 3.838241
v 1.016067 0.580159 3.912238
v 0.984828 0.754136 3.755684
v 1.027701 0.693936 3.744638
v 1.448102 0.934718 3.886734
v 1.417601 1.039427 3.861258
v 1.470348 0.904256 3.888398
v 1.383380 1.054340 3.863614
v 1.434398 1.061016 3.895199
v 1.379665 1.060080 3.918228
v 1.462096 1.056274 3.989436
v 1.494979 0.885608 3.906276
v 1.499520 0.881749 3.931414
v 1.480420 1.033086 3.918527
v 1.477212 1.055087 3.930940
v 1.406080 1.038311 3.969156
v 1.505544 0.894411 3.968416
v 1.489693 0.932919 3.995778
v 1.455710 0.982058 4.010845
v 1.431843 1.009848 4.003477
v 1.424660 1.109717 3.843599
v 1.427160 1.113087 3.883421
v 1.451005 1.093706 3.840782
v 1.455970 1.096218 3.872329
v 1.550754 0.972537 3.927321
v 1.518383 1.036702 3.930031
v 1.552243 0.938042 3.922283
v 1.542717 1.069493 3.938282
v 1.590057 0.975826 3.937876
v 1.569023 0.933973 3.932158
v 1.573964 0.923748 3.949511
v 1.485645 1.077330 3.951204
v 1.598744 0.974805 3.949873
v 1.545664 1.061624 3.969354
v 1.495690 1.074133 3.982250
v 1.583068 0.932571 3.974344
v 1.601521 0.971410 3.976870
v 1.546483 1.056391 3.998446
v 1.522900 1.068562 4.004435
v 1.443191 1.063265 3.955788
v 1.522788 0.921546 3.911571
v 1.540922 0.906874 3.927860
v 1.505498 1.018623 4.014823
v 1.483863 1.043755 4.013999
v 1.550021 0.914733 3.977858
v 1.544548 0.955523 3.997880
v 1.507118 0.957130 3.918035
v 1.545716 0.903997 3.948494
v 0.562903 0.508325 3.701024
v 0.486881 0.408904 3.941773
v 0.684267 0.561293 3.704716
v 0.641705 0.491966 3.910838
v 0.883808 0.638777 3.732814
v 0.880740 0.585557 3.945630
v 0.935374 0.666125 3.751126
v 0.926205 0.610850 3.942909
v 1.075362 0.778624 3.769464
v 1.081830 0.697463 3.982929
v 1.296383 0.881772 3.869904
v 1.307114 0.840762 3.963022
v 1.355225 0.928198 3.863945
v 1.381314 0.889973 3.984261
v 1.008050 0.727223 3.745238
v 0.976907 0.636253 3.971680
v 1.429301 0.981071 3.873213
v 1.476204 0.953460 4.005168
v 1.530970 1.010357 3.928813
v 1.563828 1.025811 3.940440
v 1.564273 1.021141 3.960659
v 1.569904 1.014485 3.992229
v 1.528681 0.983499 4.008111
v 1.488333 0.996147 3.913032
v 1.634481 0.972100 3.918865
v 1.636531 0.960750 3.932930
v 1.652368 1.001892 3.923104
v 1.655174 1.005275 3.934013
v 1.645534 0.969353 3.950524
v 1.662788 1.000807 3.949120
v 1.657786 1.028341 3.935395
v 1.656482 1.036264 3.924264
v 1.660308 1.030200 3.957223
v 1.645625 1.058136 3.923843
v 1.636718 1.059014 3.942936
v 1.645133 1.050755 3.961728
v 1.630812 1.084792 3.927675
v 1.620744 1.105775 3.928162
v 1.608728 1.101211 3.952513
v 1.628126 1.072339 3.945041
v 1.615471 1.092552 3.971390
v 1.629192 1.073460 3.967617
v 1.586479 1.121413 3.927413
v 1.555069 1.128953 3.933752
v 1.600001 1.117575 3.953992
v 1.559210 1.130796 3.961860
v 1.601599 1.121323 3.974089
v 1.585359 1.127200 3.982107
v 1.674870 0.997996 3.904006
v 1.676724 0.988070 3.916557
v 1.689360 1.024374 3.908125
v 1.692088 1.028027 3.918005
v 1.684707 0.993429 3.934600
v 1.699210 1.021742 3.932868
v 1.699571 1.058502 3.917180
v 1.696604 1.064780 3.907629
v 1.704980 1.062085 3.937099
v 1.686914 1.083670 3.908196
v 1.680946 1.085960 3.923906
v 1.691699 1.080536 3.940697
v 1.670361 1.115840 3.910524
v 1.659451 1.132807 3.912118
v 1.650679 1.130905 3.931348
v 1.670985 1.106253 3.924966
v 1.662198 1.124693 3.949956
v 1.675842 1.109028 3.946863
v 1.621650 1.152740 3.914010
v 1.597880 1.162435 3.919226
v 1.636003 1.151971 3.935325
v 1.601861 1.167136 3.947513
v 1.638716 1.157621 3.954821
v 1.624342 1.163664 3.962681
v 1.713335 1.023738 3.892286
v 1.720461 1.019633 3.900943
v 1.722131 1.042564 3.896092
v 1.731724 1.048219 3.903791
v 1.722787 1.020151 3.918138
v 1.732860 1.040885 3.917600
v 1.758796 1.101619 3.893374
v 1.744822 1.099489 3.888237
v 1.757911 1.099768 3.913106
v 1.737124 1.112175 3.890790
v 1.745836 1.120320 3.898673
v 1.748659 1.112673 3.915939
v 1.720965 1.157001 3.885454
v 1.712039 1.168072 3.888462
v 1.719745 1.175829 3.895307
v 1.735052 1.158293 3.890236
v 1.722956 1.166492 3.915318
v 1.733409 1.154759 3.912801
v 1.663891 1.193083 3.900380
v 1.647958 1.201325 3.903097
v 1.682363 1.199320 3.912125
v 1.659346 1.212487 3.918624
v 1.680859 1.198162 3.931489
v 1.669268 1.203958 3.936820
v 0.538040 0.586100 3.771268
v 0.617500 0.436668 3.909053
v 0.625978 0.392602 3.884186
v 0.636339 0.383486 3.843765
v 0.606286 0.571702 3.718138
v 0.642338 0.479243 3.733067
v 0.515429 0.568146 3.863195
v 0.513792 0.584103 3.822538
v 0.647013 0.415693 3.764157
v 0.650498 0.386204 3.812543
v 0.580429 0.501968 3.915298
v 0.550354 0.532837 3.904669
v 0.634130 0.538022 3.708817
v 0.601682 0.471756 3.913514
v 0.802378 0.455817 3.881989
v 0.686223 0.642080 3.882645
v 0.688902 0.672757 3.812697
v 0.817909 0.463752 3.807775
v 0.744928 0.572043 3.937278
v 0.705494 0.610263 3.924373
v 0.710090 0.667559 3.755421
v 0.750711 0.644701 3.718455
v 0.795328 0.465075 3.915325
v 0.784841 0.503290 3.932637
v 0.800729 0.556901 3.709474
v 0.815147 0.496326 3.746190
v 0.767227 0.537823 3.936749
v 0.779525 0.601123 3.708800
v 0.485161 0.290218 3.817801
v 0.464705 0.304310 3.886633
v 0.478787 0.426298 3.684307
v 0.425052 0.504113 3.706331
v 0.310996 0.457909 3.925195
v 0.284170 0.499449 3.881593
v 0.486370 0.353221 3.704825
v 0.500580 0.313266 3.746042
v 0.283829 0.527359 3.803090
v 0.335917 0.524389 3.750192
v 0.429547 0.335461 3.920245
v 0.359415 0.401812 3.937298
v 0.458827 0.471061 3.689270
v 0.391944 0.367638 3.930792
v 0.435705 0.271845 3.851072
v 0.401633 0.403304 3.650773
v 0.275198 0.411007 3.894722
v 0.445784 0.340994 3.659485
v 0.220875 0.477655 3.767625
v 0.391488 0.304030 3.889483
v 0.471241 0.263003 3.775980
v 0.325208 0.479308 3.680691
v 0.239289 0.447568 3.857200
v 0.476423 0.289886 3.694893
v 0.254049 0.482640 3.717114
v 0.326179 0.361385 3.908353
v 0.361708 0.448657 3.661232
v 0.359304 0.331491 3.901697
v -0.377723 0.006831 2.479899
v -0.275096 0.006831 2.617586
v 0.085620 0.006831 2.167409
v 0.313811 0.006831 2.606078
v -0.376500 0.117388 2.457832
v -0.234633 0.219241 2.603068
v 0.135615 0.098231 2.190826
v 0.293307 0.217227 2.530904
v -0.298728 0.006831 2.539906
v 0.258377 0.006831 2.304937
v 0.241803 0.143498 2.289811
v -0.297742 0.159446 2.527248
v -0.267429 0.006831 2.728678
v 0.222532 -0.003227 2.805278
v 0.191376 0.285777 2.788554
v -0.192656 0.304286 2.691385
v 0.013889 0.071308 2.143556
v 0.069460 0.140257 2.158695
v 0.190541 0.239787 2.265731
v 0.253314 0.305211 2.460463
v 0.203174 0.340356 2.619006
v -0.074465 0.111907 2.107303
v -0.028761 0.192830 2.099686
v 0.051082 0.270305 2.173169
v 0.145713 0.337409 2.322556
v -0.208957 0.143905 2.014702
v -0.511873 0.111420 2.295574
v -0.153259 0.214882 2.006978
v -0.068760 0.277291 2.075837
v -0.514326 0.164868 2.339735
v 0.029457 0.355931 2.226524
v -0.320121 0.296783 2.507239
v -0.439757 0.219569 2.421342
v 0.088176 0.387777 2.373754
v -0.214396 0.361352 2.553491
v -0.233416 0.006831 2.267412
v 0.307434 0.113607 2.569979
v 0.012967 0.370299 2.722595
v -0.354304 0.065172 2.142565
v -0.042166 0.438827 2.485108
v -0.073554 0.006831 2.192812
v 0.122278 0.350360 2.771038
v -0.260598 0.083478 2.059050
v 0.051696 0.420320 2.434619
v -0.332340 0.006831 2.355777
v -0.087439 0.353746 2.704693
v -0.446226 0.078681 2.226291
v -0.126236 0.418417 2.529650
v -0.522751 0.110049 2.127386
v -0.584173 0.144159 2.187225
v -0.259263 0.246626 1.918163
v -0.302530 0.171528 1.935490
v -0.193969 0.307415 1.970143
v -0.772117 0.363785 1.956735
v -0.738444 0.431295 1.958215
v -0.446559 0.359321 2.383016
v -0.551540 0.279065 2.309537
v -0.603809 0.200787 2.230045
v -0.105567 0.371738 2.091219
v -0.721771 0.248781 1.600532
v -0.252067 0.468866 2.396080
v -0.354068 0.413086 2.413505
v -0.060591 0.428638 2.195633
v -0.353062 0.112323 1.975410
v -0.435886 0.093089 2.048891
v -0.670758 0.274068 1.666635
v -0.516667 0.369147 1.720504
v -0.563006 0.238633 1.724115
v -0.533299 0.304082 1.713854
v -0.753032 0.232293 1.900898
v -0.708343 0.195804 1.847317
v -0.092163 0.470190 2.267780
v -0.174205 0.488769 2.341558
v -0.600304 0.141855 1.978328
v -0.656552 0.180094 2.046249
v -0.378090 0.274911 1.817281
v -0.419270 0.198023 1.828728
v -0.349400 0.341102 1.838746
v 0.182394 0.270491 2.910968
v -0.618313 0.406860 2.149563
v -0.669712 0.325594 2.132716
v -0.682407 0.239954 2.093318
v -0.325107 0.414986 1.884143
v -0.477742 0.527065 2.106062
v -0.550332 0.469835 2.135615
v -0.321600 0.488813 1.943674
v -0.465700 0.145222 1.855947
v -0.530467 0.127675 1.913571
v -0.246875 0.037717 2.904757
v -0.156109 0.298384 2.895396
v -0.055588 0.325119 2.900818
v 0.231863 0.213306 2.903758
v 0.199911 -0.043964 2.906687
v -0.354236 0.529468 1.996128
v -0.423130 0.542452 2.058019
v -0.774470 0.296633 1.934211
v -0.506392 0.435394 1.744667
v -0.641764 0.514716 1.917204
v -0.695680 0.470011 1.946675
v -0.508597 0.486288 1.784819
v -0.598212 0.198152 1.746779
v -0.650029 0.184771 1.795088
v -0.727276 0.408392 1.525788
v -0.652333 0.390205 1.675763
v -0.658808 0.452022 1.676478
v -0.742953 0.468436 1.551141
v -0.208172 0.382250 1.602041
v -0.720426 0.348111 1.531994
v -0.539007 0.516975 1.824228
v -0.599475 0.526172 1.874633
v 0.059241 0.324218 2.905667
v -0.258656 0.160855 2.625336
v -0.292818 0.102424 2.544620
v 0.224770 0.147429 2.801022
v -0.246693 0.231052 2.722286
v -0.202064 0.252782 2.900335
v 0.235304 0.098460 2.904555
v -0.725013 0.286419 1.558921
v -0.656685 0.330684 1.672083
v -0.196408 0.407396 1.785238
v 0.290074 0.197168 3.137007
v 0.206333 0.281833 3.142589
v 0.198873 0.269833 3.003403
v 0.278619 0.178954 3.000559
v -0.049275 0.324470 3.011045
v -0.195276 0.167729 3.025106
v 0.116487 0.318078 3.005946
v 0.023261 0.345703 3.005562
v 0.259731 -0.009027 3.004124
v 0.302493 0.101854 2.999483
v 0.182431 -0.118097 3.011219
v -0.048769 0.327582 3.163640
v -0.194253 0.167850 3.186631
v 0.117810 0.328841 3.149236
v 0.025382 0.354383 3.153446
v 0.316014 -0.015940 3.142257
v 0.333613 0.109425 3.135214
v 0.241812 -0.141927 3.156029
v -0.081380 0.299283 3.316966
v -0.189000 0.163737 3.345941
v 0.327716 0.263101 3.260439
v 0.217841 0.320878 3.273861
v 0.120018 0.356416 3.293571
v 0.015296 0.365736 3.295760
v 0.391966 0.022245 3.258452
v 0.391442 0.164993 3.256269
v 0.310968 -0.135973 3.275742
v -0.082224 0.327439 3.453788
v -0.167327 0.174046 3.496480
v 0.363340 0.341790 3.441677
v 0.248616 0.408848 3.467501
v 0.177234 0.434670 3.555476
v 0.040500 0.415209 3.438558
v 0.468621 0.040599 3.372315
v 0.454206 0.243512 3.472404
v 0.349829 -0.138933 3.378717
v -0.034288 0.315991 3.577631
v -0.131099 0.168427 3.595047
v 0.154981 0.418199 3.650731
v 0.076173 0.399755 3.571993
v 0.488862 0.020212 3.491388
v 0.489943 0.147637 3.578659
v 0.364203 -0.142164 3.494370
v 0.074390 0.256480 3.759733
v -0.019181 0.112527 3.770231
v 0.073130 0.037949 3.916170
v 0.154441 0.129738 3.898821
v 0.301299 0.167674 3.897964
v 0.183222 0.367939 3.779298
v 0.141335 0.330569 3.762935
v 0.486010 0.037064 3.685264
v 0.485602 0.128087 3.714540
v 0.374340 -0.141053 3.686845
v 0.369166 0.114530 3.880898
v 0.121462 0.221899 3.835788
v 0.033729 0.082044 3.844924
v -0.622356 0.379507 1.656452
v -0.622128 0.438153 1.667999
v 0.371947 0.239488 3.856331
v 0.291204 0.308504 3.874177
v -0.495272 0.429594 1.894039
v -0.810150 0.265678 1.806540
v 0.225996 0.331747 3.846969
v 0.176532 0.286071 3.838181
v 0.458580 0.050260 3.776537
v 0.440351 0.150083 3.795910
v 0.369770 -0.134377 3.776546
v -0.840080 0.379061 1.839138
v -0.835259 0.322258 1.827177
v 0.272402 0.176742 3.896232
v 0.233233 0.172825 3.889612
v 0.426249 0.009704 3.850207
v 0.418937 0.061814 3.857426
v 0.351912 -0.119720 3.855251
v -0.817211 0.437778 1.831610
v -0.475711 0.290040 1.846883
v -0.627435 0.322358 1.653669
v -0.644872 0.267141 1.663686
v -0.766739 0.233305 1.764110
v -0.743610 0.507563 1.788969
v -0.785296 0.469812 1.819772
v -0.626535 0.482351 1.689757
v -0.670191 0.233879 1.681985
v -0.713721 0.223978 1.721277
v -0.437469 0.305913 1.548066
v -0.444496 0.260375 1.624229
v -0.441140 0.452843 1.495125
v 0.129924 0.552027 1.748046
v -0.504371 0.605634 1.624219
v -0.510536 0.503940 1.877881
v -0.655884 0.508513 1.715674
v -0.708819 0.515857 1.752113
v -0.527731 0.560934 1.835812
v -0.463611 0.524922 1.520545
v -0.486450 0.562198 1.558351
v -0.751581 0.535930 1.622355
v -0.755627 0.499604 1.583948
v -0.675051 0.499384 1.673671
v -0.688649 0.241295 1.658734
v -0.713861 0.234584 1.636584
v -0.226031 0.494819 1.494492
v -0.202932 0.493658 1.822720
v -0.218216 0.539065 1.812717
v -0.238559 0.540113 1.517554
v -0.217599 0.450999 1.505655
v -0.705856 0.529497 1.674297
v -0.735073 0.541650 1.651128
v -0.215801 0.407453 1.538956
v -0.197105 0.449695 1.813239
v -0.484715 0.358042 1.883368
v -0.432133 0.380298 1.509530
v 0.123533 0.475601 1.712968
v -0.467592 0.250775 1.795445
v -0.460178 0.242965 1.711043
v 0.056779 0.473084 1.486481
v 0.075047 0.451529 1.544716
v 0.043351 0.549584 1.444293
v 0.552926 0.470286 1.195931
v 0.042893 0.638426 1.553911
v 0.115686 0.592087 1.740661
v -0.525152 0.597346 1.779893
v -0.509878 0.612305 1.693690
v 0.090170 0.622479 1.716667
v 0.038492 0.589885 1.467340
v 0.034270 0.612286 1.501607
v -0.255393 0.593819 1.607468
v -0.251293 0.564911 1.551855
v -0.240389 0.573616 1.783811
v -0.198081 0.382036 1.744554
v -0.205762 0.374826 1.676089
v -0.247027 0.593983 1.737354
v -0.247559 0.599830 1.664027
v 0.131076 0.513151 1.739016
v 0.051220 0.511037 1.454324
v 0.614129 0.522024 1.615162
v 0.112416 0.452844 1.675877
v 0.091327 0.445821 1.613779
v 0.468900 0.622293 1.169459
v 0.632864 0.608077 1.682021
v 0.613303 0.656361 1.667483
v 0.483646 0.689485 1.191235
v 0.593231 0.684948 1.175986
v 0.468741 0.557639 1.176901
v 0.075961 0.639957 1.673878
v 0.061851 0.644258 1.605074
v 0.483491 0.493062 1.197023
v 0.635845 0.561874 1.664490
v 0.663713 0.561380 1.555450
v 0.439392 0.549014 1.675518
v 0.360609 0.502527 1.391495
v 0.361242 0.546147 1.360428
v 0.354287 0.636451 1.373529
v 0.424300 0.634164 1.677386
v 0.438573 0.590952 1.686836
v 0.358408 0.590394 1.350605
v 0.431822 0.508734 1.638616
v 0.380994 0.479302 1.442456
v 0.362069 0.687562 1.451584
v 0.350363 0.661411 1.406763
v 0.400057 0.666943 1.642693
v 0.421370 0.485567 1.595788
v 0.397554 0.477622 1.521345
v 0.386545 0.685804 1.593906
v 0.375915 0.690898 1.515894
v 0.592700 0.611509 1.171388
v 0.569381 0.735333 1.206886
v 0.503145 0.720531 1.221057
v 0.574942 0.687608 1.617894
v 0.629617 0.509174 1.546327
v 0.579438 0.499247 1.398326
v 0.586759 0.545309 1.174804
v 0.629270 0.557467 1.414365
v 0.638916 0.660839 1.560444
v 0.611065 0.664122 1.408440
v 0.660543 0.608052 1.564492
v 0.628047 0.607550 1.412984
v 0.581201 0.706018 1.543845
v 0.564291 0.713540 1.407274
v 0.117118 0.055137 4.394964
v 0.249137 0.163699 4.318737
v 0.248880 0.085095 3.972866
v 0.291392 0.064637 3.963010
v 0.127911 0.069241 3.988890
v 0.057790 -0.002766 4.016560
v 0.224605 0.091400 3.977779
v 0.182957 0.095584 3.983294
v 0.344566 0.005900 3.950781
v 0.334966 0.034964 3.953338
v 0.311905 -0.078482 3.951015
v 0.217878 0.098211 4.096202
v 0.146876 0.083707 4.114467
v 0.517954 0.739957 1.095862
v 0.465866 0.718221 1.061939
v 0.544193 0.743228 1.074693
v 0.465516 0.638622 1.003044
v 0.381821 0.640796 1.033467
v 0.429680 0.496328 1.001592
v 0.395583 0.505298 1.033259
v 0.341872 0.571687 1.016230
v 0.517749 0.717298 1.034434
v 0.417478 0.568552 0.982203
v 0.204271 0.070088 4.041498
v 0.245649 0.065404 4.036828
v 0.113749 0.038818 4.053138
v 0.065210 -0.041650 4.074664
v 0.181379 0.070311 4.044279
v 0.147165 0.064246 4.048339
v 0.284277 0.024710 4.031031
v 0.271760 0.048343 4.031279
v 0.291652 -0.024069 4.028145
v -0.003389 -0.007342 4.137176
v -0.038609 -0.114075 4.154049
v 0.111467 0.072813 4.125451
v 0.059808 0.049833 4.132507
v 0.310333 0.065011 4.080516
v 0.272604 0.083008 4.089256
v 0.343514 0.021632 4.070203
v 0.320861 0.194508 4.284994
v 0.107430 -0.085810 4.429122
v 0.208563 -0.040231 4.512081
v 0.182576 0.125923 4.215369
v 0.038115 0.014121 4.286304
v 0.020424 -0.119657 4.314504
v 0.256603 0.152551 4.183753
v 0.334611 0.021667 4.490936
v 0.307610 0.138367 4.439437
v 0.286817 -0.002365 4.512713
v 0.147066 0.109770 4.232974
v 0.095630 0.080289 4.253397
v 0.367137 0.121749 4.145023
v 0.320542 0.142892 4.161134
v 0.413566 0.066349 4.131458
v 0.203772 0.088822 4.450658
v 0.281008 0.155882 4.395457
v 0.215477 0.146362 4.337151
v 0.167650 0.116801 4.358966
v 0.430549 0.171906 4.245865
v 0.382943 0.190472 4.260216
v 0.486080 0.105476 4.234873
v 0.424986 0.067572 4.438482
v 0.337419 0.183563 4.367782
v 0.253143 0.141741 4.410196
v 0.217017 0.123138 4.415559
v 0.407210 0.185259 4.357655
v 0.376093 0.194431 4.340762
v 0.472564 0.093321 4.372139
v 0.361067 0.165494 4.408865
v 0.267036 0.118000 4.456914
v -0.174176 0.006831 2.216189
v 0.067966 0.364766 2.744403
v -0.304981 0.069267 2.098308
v 0.006909 0.433117 2.459567
v -0.391683 0.097535 2.009303
v -0.131359 0.483340 2.305228
v 0.123372 0.302880 2.909448
v -0.496315 0.132137 1.882227
v -0.387717 0.539131 2.027075
v -0.622430 0.188266 1.768912
v -0.569177 0.523998 1.849027
v 0.251194 0.242564 3.139403
v 0.245203 0.224776 3.001825
v 0.277557 0.301011 3.266229
v 0.305473 0.380887 3.444188
v 0.333199 0.144262 3.891358
v 0.332293 0.278265 3.870228
v -0.689928 0.226320 1.699750
v -0.682462 0.514121 1.733206
v -0.701367 0.235037 1.649478
v -0.722916 0.537606 1.666010
v -0.464494 0.243365 1.755651
v -0.517263 0.607272 1.737748
v -0.201949 0.376425 1.712727
v -0.246909 0.598379 1.701179
v 0.102146 0.447596 1.647143
v 0.069529 0.643404 1.639830
v 0.409670 0.480214 1.561507
v 0.381178 0.689527 1.556142
v 0.606085 0.505534 1.479726
v 0.626252 0.661302 1.492524
v 0.647357 0.607672 1.495757
v 0.571243 0.709603 1.483308
v 0.650439 0.560633 1.491611
v 0.268205 0.076628 3.968285
v 0.179268 0.092419 4.104373
v 0.223707 0.068873 4.038900
v 0.281115 0.179712 4.302011
v 0.306867 0.168934 4.381846
v 0.215764 0.140223 4.199535
v 0.379236 0.044257 4.466918
v 0.333411 0.151424 4.425592
v 0.431497 0.209242 3.366748
v 0.337587 -0.138375 3.333626
v 0.032798 0.400894 3.394859
v 0.350729 0.315779 3.372846
v 0.439813 0.034818 3.334173
v -0.173707 0.171314 3.459283
v -0.081993 0.317615 3.413595
v 0.157111 0.416246 3.469446
v 0.236476 0.381201 3.398655
v 0.294290 0.354991 3.378316
v -0.274389 0.045159 2.618281
v -0.297376 0.035463 2.540135
v -0.275157 0.051703 2.727672
v -0.169143 0.214184 3.181084
v -0.247717 0.089341 2.903934
v 0.312441 0.039836 2.597535
v 0.224737 0.042378 2.804498
v 0.212916 -0.001393 2.906064
v -0.177401 0.201813 3.022254
v 0.207530 -0.084915 3.009058
v 0.267188 -0.104848 3.151742
v -0.164738 0.214598 3.339230
v 0.339173 -0.086933 3.269210
v -0.148375 0.227954 3.490780
v 0.378016 -0.103807 3.373701
v -0.109182 0.220354 3.591756
v 0.392018 -0.110767 3.491392
v 0.003467 0.163708 3.768746
v 0.403441 -0.105762 3.683860
v 0.092086 0.068159 3.912933
v 0.056781 0.131688 3.843280
v 0.404991 -0.079710 3.773822
v 0.379080 -0.074420 3.853354
v -0.040297 -0.084122 4.151980
v 0.075931 0.028347 4.008086
v 0.319975 -0.047261 3.951162
v 0.074573 -0.011856 4.069714
v 0.291141 -0.009532 4.028090
v 0.098707 -0.043866 4.425719
v 0.338725 0.031862 4.071009
v 0.014169 -0.084089 4.313770
v 0.198237 -0.000365 4.500656
v 0.405285 0.080862 4.132820
v 0.474642 0.125016 4.236501
v 0.328206 0.062937 4.483229
v 0.455791 0.126568 4.373290
v 0.407723 0.103327 4.437020
v 0.280641 0.039062 4.503816
v 0.367349 0.082751 4.462162
v -0.148982 0.221701 3.451996
v 0.370333 -0.087903 3.327029
v 0.429694 0.227157 3.824227
v 0.380564 0.367248 3.559679
v 0.258648 0.365338 3.870336
v 0.446874 0.295459 3.566490
v 0.193301 0.431874 3.713982
v 0.382328 0.270602 3.868620
v 0.473103 0.207876 3.739463
v 0.287923 0.433344 3.583817
v 0.215931 0.396236 3.816738
v 0.485496 0.227233 3.628022
v 0.218763 0.442568 3.643453
v 0.314465 0.330549 3.883492
v 0.333880 0.405187 3.567932
v 0.349468 0.301522 3.879254
v 0.310501 0.071966 2.586320
v 0.226637 0.088262 2.803484
v 0.224959 0.040526 2.905385
v 0.231533 -0.052782 3.006843
v 0.291436 -0.066980 3.147385
v 0.366622 -0.038892 3.262852
v 0.429623 -0.032307 3.365056
v 0.445481 -0.040365 3.485868
v 0.456308 -0.036216 3.678985
v 0.442617 -0.021364 3.770839
v 0.405660 -0.031316 3.851327
v 0.332686 -0.019946 3.950804
v 0.289736 0.006445 4.029108
v 0.329599 0.045591 4.073761
v 0.392102 0.098494 4.136371
v 0.458064 0.146576 4.238961
v 0.320775 0.102957 4.465165
v 0.433645 0.157175 4.366538
v 0.386030 0.136118 4.426832
v 0.275139 0.080072 4.484360
v 0.352793 0.119164 4.447932
v 0.406700 -0.033463 3.322056
v -0.269842 0.106457 2.622057
v -0.295802 0.068664 2.542814
v -0.271018 0.148369 2.726365
v -0.115385 0.280813 3.172273
v -0.234056 0.177767 2.902435
v -0.117213 0.277560 3.017103
v -0.131813 0.261466 3.330019
v -0.122878 0.274663 3.474831
v -0.079218 0.265599 3.586213
v 0.032953 0.208711 3.765346
v 0.114000 0.097750 3.907800
v 0.085506 0.175938 3.839982
v -0.028884 -0.049211 4.146323
v 0.098299 0.047433 3.998061
v 0.090649 0.010960 4.062566
v 0.101567 0.002778 4.414476
v 0.019194 -0.037579 4.303703
v 0.197174 0.043225 4.478848
v -0.122369 0.267541 3.435195
v -0.626621 0.273597 1.748451
v -0.663627 0.522711 1.737363
v -0.601281 0.289596 1.535125
v -0.662530 0.564864 1.603222
v -0.670630 0.556482 1.709470
v -0.664632 0.570721 1.654970
v -0.649056 0.525247 1.550161
v -0.610244 0.247322 1.595628
v -0.624319 0.491247 1.515983
v -0.647250 0.470240 1.767108
v -0.599529 0.425118 1.491340
v -0.591559 0.358304 1.502336
v -0.625722 0.230840 1.657739
v -0.625383 0.237672 1.714618
v -0.629399 0.336049 1.772620
v -0.635191 0.401840 1.778202
v -0.626796 0.231012 1.687283
v -0.668701 0.565855 1.684527
v 0.362987 -0.128509 3.813606
v 0.201478 0.245691 3.853329
v 0.051354 0.071646 3.863993
v 0.137017 0.184052 3.853500
v 0.244075 0.270772 3.864182
v 0.430554 0.116742 3.825247
v 0.447028 0.034316 3.810668
v 0.295376 0.254448 3.882278
v 0.373688 0.190548 3.864652
v 0.334503 0.226111 3.877679
v 0.077207 0.108811 3.861130
v 0.395880 -0.075967 3.811177
v 0.427710 -0.024862 3.808743
v 0.102713 0.144773 3.857964
v 1.602537 1.023359 3.976953
v 1.621761 0.999278 3.969047
v 1.614095 1.004050 3.934511
v 1.598753 1.031958 3.934905
v 1.590523 1.031495 3.954570
v 1.616403 0.995800 3.945860
v 1.575341 1.068822 3.984624
v 1.589980 1.042880 3.980835
v 1.587926 1.053739 3.937065
v 1.578644 1.080286 3.935534
v 1.568650 1.073868 3.963444
v 1.584849 1.041527 3.955782
v 1.559929 1.093195 3.935687
v 1.514732 1.097664 3.943911
v 1.565090 1.085351 3.987223
v 1.564149 1.081190 3.964326
v 1.521032 1.096186 3.973779
v 1.548558 1.092058 3.995305
v 1.631551 0.982519 3.961805
v 1.613835 0.950545 3.963144
v 1.620191 0.984350 3.931775
v 1.623402 0.987065 3.943346
v 1.602040 0.953437 3.927382
v 1.604252 0.941691 3.942238
v 1.267820 0.794110 3.857973
v 1.192731 0.881067 3.915868
v 1.199308 0.883116 3.882964
v 1.258229 0.784994 3.959381
v 1.230354 0.819647 3.970693
v 1.265857 0.775034 3.945632
v 1.277141 0.772512 3.886514
v 1.273842 0.765924 3.919038
v 1.218217 0.871097 3.853117
v 1.249788 0.830422 3.839969
v 1.212844 0.842536 3.967971
v 1.200294 0.862748 3.946342
v 1.234109 0.852555 3.843203
v 1.244918 0.800900 3.967902
v 1.439795 0.903437 3.983916
v 1.451692 0.875919 3.962022
v 1.449276 0.866597 3.927821
v 1.408348 0.917452 3.870846
v 1.367593 0.993694 3.963893
v 1.348523 1.009575 3.928440
v 1.427912 0.889352 3.879258
v 1.446635 0.870921 3.901874
v 1.410675 0.944270 4.000379
v 1.389485 0.968961 3.994488
v 1.352051 1.006667 3.877224
v 1.375280 0.990996 3.864569
v 1.389945 0.955290 3.865106
v 1.427610 0.921401 3.995125
v 1.311906 0.921621 3.876491
v 1.325477 0.904104 3.867691
v 1.356151 0.853462 3.877196
v 1.365283 0.832674 3.921241
v 1.295256 0.934105 3.933796
v 1.343091 0.864526 3.972757
v 1.365730 0.836305 3.899886
v 1.360494 0.839348 3.947971
v 1.331035 0.881486 3.976115
v 1.340662 0.881454 3.863597
v 1.316569 0.902493 3.973332
v 1.353824 0.850014 3.961568
v 1.296342 0.933984 3.897458
v 1.304082 0.919944 3.953123
v 1.296859 0.813496 3.869998
v 1.236034 0.895942 3.894207
v 1.263603 0.838580 3.966722
v 1.295811 0.798473 3.942477
v 1.303423 0.789798 3.917238
v 1.280074 0.846417 3.854768
v 1.238713 0.879434 3.945270
v 1.266036 0.866853 3.858045
v 1.276262 0.820933 3.964457
v 1.231197 0.894555 3.921986
v 1.288218 0.806485 3.955705
v 1.305702 0.794400 3.892830
v 1.252039 0.884171 3.867272
v 1.249249 0.860601 3.964063
v 1.089727 0.844949 3.899486
v 1.177926 0.727444 3.969225
v 1.200660 0.713897 3.869602
v 1.127648 0.836088 3.815214
v 1.115356 0.794160 3.978436
v 1.190059 0.742196 3.825772
v 1.100962 0.848770 3.852858
v 1.141320 0.768949 3.981328
v 1.185644 0.712266 3.954080
v 1.194629 0.701991 3.923856
v 1.168687 0.787590 3.800340
v 1.097414 0.818066 3.949214
v 1.148613 0.814265 3.803459
v 1.160983 0.747253 3.977126
v 1.231765 0.770039 3.843042
v 1.153708 0.867191 3.869004
v 1.189072 0.796140 3.975624
v 1.228664 0.745930 3.949549
v 1.237113 0.736280 3.921272
v 1.212184 0.810562 3.821594
v 1.152591 0.842030 3.947674
v 1.194467 0.834801 3.824775
v 1.206000 0.776025 3.972178
v 1.144971 0.864320 3.908272
v 1.220995 0.758310 3.963945
v 1.241679 0.745334 3.878672
v 1.176223 0.854864 3.835542
v 1.167642 0.820105 3.972823
v 0.262578 0.065152 4.059799
v 0.169193 0.075488 4.074694
v 0.140243 0.070270 4.080718
v 0.289359 0.043932 4.056265
v 0.312135 0.000244 4.050092
v 0.224844 0.080692 4.064572
v 0.006292 -0.082529 4.097831
v 0.046100 0.010950 4.082663
v 0.095297 0.052967 4.085235
v 0.193606 0.079353 4.069051
v 0.009788 -0.051644 4.095358
v 0.309214 0.011658 4.050129
v 0.302859 0.026125 4.051797
v 0.023250 -0.021991 4.089412
s 1
f 1 2423 5924 2449
f 1 2449 5933 2432
f 1 2432 5664 1917
f 1 1917 5663 2423
f 2 2424 5925 2448
f 2 2448 5929 2428
f 2 2428 5657 1896
f 2 1896 5655 2424
f 3 1891 5928 2447
f 3 2447 5931 2430
f 3 2430 5659 1908
f 3 1908 5662 1891
f 4 1894 5934 2446
f 4 2446 5927 2426
f 4 2426 5666 1918
f 4 1918 5665 1894
f 5 1893 5932 2445
f 5 2445 5926 1890
f 5 1890 5656 1897
f 5 1897 5658 1893
f 6 2426 5927 2444
f 6 2444 5928 1891
f 6 1891 5662 1915
f 6 1915 5666 2426
f 7 2428 5929 2443
f 7 2443 5930 1892
f 7 1892 5660 1901
f 7 1901 5657 2428
f 8 2430 5931 2442
f 8 2442 5932 1893
f 8 1893 5658 1899
f 8 1899 5659 2430
f 9 2221 5936 2441
f 9 2441 5934 1894
f 9 1894 5665 1916
f 9 1916 5800 2221
f 10 1910 5902 2393
f 10 2393 5895 1898
f 10 1898 5670 1923
f 10 1923 5671 1910
f 11 2220 5908 2392
f 11 2392 5905 2376
f 11 2376 5677 1940
f 11 1940 5802 2220
f 12 1904 5898 2391
f 12 2391 5897 1903
f 12 1903 5675 1933
f 12 1933 5673 1904
f 13 1912 5904 2390
f 13 2390 5898 1904
f 13 1904 5673 1926
f 13 1926 5672 1912
f 14 2219 5907 2389
f 14 2389 5900 1906
f 14 1906 5667 2174
f 14 2174 5801 2219
f 15 1914 5906 2388
f 15 2388 5901 2372
f 15 2372 5674 1939
f 15 1939 5678 1914
f 16 2372 5901 2387
f 16 2387 5902 1910
f 16 1910 5671 1932
f 16 1932 5674 2372
f 17 2374 5903 2386
f 17 2386 5904 1912
f 17 1912 5672 1925
f 17 1925 5669 2374
f 18 2376 5905 2385
f 18 2385 5906 1914
f 18 1914 5678 1942
f 18 1942 5677 2376
f 19 2218 5935 2440
f 19 2440 5925 2424
f 19 2424 5655 2172
f 19 2172 5799 2218
f 20 1892 5930 2439
f 20 2439 5923 1889
f 20 1889 5661 1902
f 20 1902 5660 1892
f 21 1889 5923 2438
f 21 2438 5924 2423
f 21 2423 5663 1909
f 21 1909 5661 1889
f 22 1928 5912 2421
f 22 2421 5909 1922
f 22 1922 5687 1950
f 22 1950 5686 1928
f 23 2217 5922 2420
f 23 2420 5919 2404
f 23 2404 5679 2176
f 23 2176 5803 2217
f 24 1930 5914 2419
f 24 2419 5910 2395
f 24 2395 5690 1963
f 24 1963 5694 1930
f 25 2395 5910 2418
f 25 2418 5911 1927
f 25 1927 5684 1956
f 25 1956 5690 2395
f 26 1938 5920 2417
f 26 2417 5912 1928
f 26 1928 5686 1949
f 26 1949 5681 1938
f 27 2398 5913 2416
f 27 2416 5914 1930
f 27 1930 5694 1966
f 27 1966 5693 2398
f 28 2400 5915 2415
f 28 2415 5916 1934
f 28 1934 5680 1945
f 28 1945 5682 2400
f 29 2402 5917 2414
f 29 2414 5918 1936
f 29 1936 5692 1965
f 29 1965 5691 2402
f 30 2404 5919 2413
f 30 2413 5920 1938
f 30 1938 5681 1944
f 30 1944 5679 2404
f 31 1906 5900 2384
f 31 2384 5903 2374
f 31 2374 5669 1920
f 31 1920 5667 1906
f 32 1903 5897 2383
f 32 2383 5896 2367
f 32 2367 5676 1941
f 32 1941 5675 1903
f 33 1898 5895 2382
f 33 2382 5899 2370
f 33 2370 5668 1921
f 33 1921 5670 1898
f 34 1955 5693 1966
f 34 1966 5694 1948
f 34 1948 5710 1990
f 34 1990 5709 1955
f 35 1953 5682 1945
f 35 1945 5680 1961
f 35 1961 5696 1969
f 35 1969 5698 1953
f 36 1958 5691 1965
f 36 1965 5692 1954
f 36 1954 5708 1989
f 36 1989 5707 1958
f 37 1962 5679 1944
f 37 1944 5681 1951
f 37 1951 5697 1968
f 37 1968 5695 1962
f 38 1952 5684 1947
f 38 1947 5682 1953
f 38 1953 5698 1971
f 38 1971 5700 1952
f 39 2216 5804 1964
f 39 1964 5693 1955
f 39 1955 5709 1988
f 39 1988 5806 2216
f 40 1960 5687 1957
f 40 1957 5691 1958
f 40 1958 5707 1981
f 40 1981 5703 1960
f 41 1959 5686 1950
f 41 1950 5687 1960
f 41 1960 5703 1974
f 41 1974 5702 1959
f 42 2215 5803 2176
f 42 2176 5679 1962
f 42 1962 5695 2178
f 42 2178 5805 2215
f 43 1922 5909 2412
f 43 2412 5917 2402
f 43 2402 5691 1957
f 43 1957 5687 1922
f 44 2214 5921 2411
f 44 2411 5913 2398
f 44 2398 5693 1964
f 44 1964 5804 2214
f 45 1927 5911 2410
f 45 2410 5915 2400
f 45 2400 5682 1947
f 45 1947 5684 1927
f 46 1979 5749 2083
f 46 2083 5744 1972
f 46 1972 5718 2014
f 46 2014 5717 1979
f 47 1977 5747 2082
f 47 2082 5753 2070
f 47 2070 5688 1993
f 47 1993 5683 1977
f 48 1982 5750 2081
f 48 2081 5748 2065
f 48 2065 5716 2013
f 48 2013 5715 1982
f 49 1986 5754 2080
f 49 2080 5745 1975
f 49 1975 5685 1992
f 49 1992 5689 1986
f 50 2063 5746 2079
f 50 2079 5747 1977
f 50 1977 5683 1995
f 50 1995 5711 2063
f 51 2213 5814 2187
f 51 2187 5749 1979
f 51 1979 5717 2012
f 51 2012 5808 2213
f 52 1984 5752 2077
f 52 2077 5750 1982
f 52 1982 5715 2005
f 52 2005 5713 1984
f 53 2068 5751 2076
f 53 2076 5752 1984
f 53 1984 5713 1998
f 53 1998 5712 2068
f 54 2212 5813 2186
f 54 2186 5754 1986
f 54 1986 5689 2180
f 54 2180 5807 2212
f 55 1951 5681 1949
f 55 1949 5686 1959
f 55 1959 5702 1973
f 55 1973 5697 1951
f 56 1946 5690 1956
f 56 1956 5684 1952
f 56 1952 5700 1980
f 56 1980 5706 1946
f 57 1948 5694 1963
f 57 1963 5690 1946
f 57 1946 5706 1987
f 57 1987 5710 1948
f 58 1999 6516 3714
f 58 3714 6527 3699
f 58 3699 5704 2017
f 58 2017 5699 1999
f 59 2002 6518 3713
f 59 3713 6525 3697
f 59 3697 5728 2025
f 59 2025 5727 2002
f 60 2008 6520 3712
f 60 3712 6515 1994
f 60 1994 5701 2016
f 60 2016 5705 2008
f 61 3696 6524 3711
f 61 3711 6516 1999
f 61 1999 5699 2018
f 61 2018 5720 3696
f 62 2211 6523 3710
f 62 3710 6517 2001
f 62 2001 5729 2024
f 62 2024 5810 2211
f 63 2006 6519 3709
f 63 3709 6518 2002
f 63 2002 5727 2022
f 63 2022 5723 2006
f 64 3698 6526 3708
f 64 3708 6519 2006
f 64 2006 5723 2020
f 64 2020 5722 3698
f 65 2210 6522 3707
f 65 3707 6520 2008
f 65 2008 5705 2182
f 65 2182 5809 2210
f 66 3700 6528 3706
f 66 3706 6521 2010
f 66 2010 5726 2023
f 66 2023 5730 3700
f 67 1975 5745 2074
f 67 2074 5751 2068
f 67 2068 5712 1997
f 67 1997 5685 1975
f 68 2060 5743 2073
f 68 2073 5746 2063
f 68 2063 5711 2004
f 68 2004 5714 2060
f 69 1972 5744 2072
f 69 2072 5743 2060
f 69 2060 5714 2011
f 69 2011 5718 1972
f 70 2001 6517 3705
f 70 3705 6528 3700
f 70 3700 5730 2026
f 70 2026 5729 2001
f 71 1994 6515 3704
f 71 3704 6526 3698
f 71 3698 5722 2019
f 71 2019 5701 1994
f 72 2010 6521 3703
f 72 3703 6524 3696
f 72 3696 5720 2021
f 72 2021 5726 2010
f 73 2031 6505 3686
f 73 3686 6513 3553
f 73 3553 5719 2040
f 73 2040 5732 2031
f 74 2032 6506 3685
f 74 3685 6509 3667
f 74 3667 5741 2057
f 74 2057 5812 2032
f 75 2030 6504 3684
f 75 3684 6508 2034
f 75 2034 5739 2050
f 75 2050 5735 2030
f 76 2033 6507 3683
f 76 3683 6504 2030
f 76 2030 5735 2043
f 76 2043 5734 2033
f 77 2028 6502 3682
f 77 3682 6510 2207
f 77 2207 5725 2184
f 77 2184 5811 2028
f 78 2208 6511 3681
f 78 3681 6514 3672
f 78 3672 5738 2056
f 78 2056 5742 2208
f 79 3672 6514 3680
f 79 3680 6505 2031
f 79 2031 5732 2049
f 79 2049 5738 3672
f 80 3661 6503 3679
f 80 3679 6507 2033
f 80 2033 5734 2042
f 80 2042 5721 3661
f 81 3667 6509 3678
f 81 3678 6511 2208
f 81 2208 5742 2059
f 81 2059 5741 3667
f 82 2206 6500 3658
f 82 3658 6495 3639
f 82 3639 5769 2105
f 82 2105 5816 2206
f 83 2044 6489 3657
f 83 3657 6488 2041
f 83 2041 5767 2098
f 83 2098 5763 2044
f 84 2051 6494 3656
f 84 3656 6489 2044
f 84 2044 5763 2091
f 84 2091 5762 2051
f 85 2205 6499 3655
f 85 3655 6490 2045
f 85 2045 5755 2188
f 85 2188 5815 2205
f 86 2053 6496 3654
f 86 3654 6491 3635
f 86 3635 5766 2104
f 86 2104 5770 2053
f 87 3635 6491 3653
f 87 3653 6492 2047
f 87 2047 5760 2097
f 87 2097 5766 3635
f 88 3637 6493 3652
f 88 3652 6494 2051
f 88 2051 5762 2090
f 88 2090 5757 3637
f 89 3639 6495 3651
f 89 3651 6496 2053
f 89 2053 5770 2107
f 89 2107 5769 3639
f 90 3641 6497 3650
f 90 3650 6498 2055
f 90 2055 5756 2086
f 90 2086 5758 3641
f 91 2207 6510 3677
f 91 3677 6503 3661
f 91 3661 5721 2037
f 91 2037 5725 2207
f 92 2034 6508 3676
f 92 3676 6512 3670
f 92 3670 5740 2058
f 92 2058 5739 2034
f 93 3553 6513 3675
f 93 3675 6501 3659
f 93 3659 5724 2038
f 93 2038 5719 3553
f 94 2061 5710 1987
f 94 1987 5706 1970
f 94 1970 5743 2072
f 94 2072 5744 2061
f 95 1970 5706 1980
f 95 1980 5700 1976
f 95 1976 5746 2073
f 95 2073 5743 1970
f 96 2062 5697 1973
f 96 1973 5702 1983
f 96 1983 5751 2074
f 96 2074 5745 2062
f 97 2204 5805 2178
f 97 2178 5695 2071
f 97 2071 5754 2186
f 97 2186 5813 2204
f 98 1983 5702 1974
f 98 1974 5703 2069
f 98 2069 5752 2076
f 98 2076 5751 1983
f 99 2069 5703 1981
f 99 1981 5707 2067
f 99 2067 5750 2077
f 99 2077 5752 2069
f 100 2203 5806 1988
f 100 1988 5709 2066
f 100 2066 5749 2187
f 100 2187 5814 2203
f 101 1976 5700 1971
f 101 1971 5698 2064
f 101 2064 5747 2079
f 101 2079 5746 1976
f 102 2071 5695 1968
f 102 1968 5697 2062
f 102 2062 5745 2080
f 102 2080 5754 2071
f 103 2067 5707 1989
f 103 1989 5708 1978
f 103 1978 5748 2081
f 103 2081 5750 2067
f 104 2064 5698 1969
f 104 1969 5696 1985
f 104 1985 5753 2082
f 104 2082 5747 2064
f 105 2066 5709 1990
f 105 1990 5710 2061
f 105 2061 5744 2083
f 105 2083 5749 2066
f 106 2117 5772 2123
f 106 2123 5771 2112
f 106 2112 5736 2110
f 106 2110 5731 2117
f 107 2202 5822 2195
f 107 2195 5797 2146
f 107 2146 5775 2190
f 107 2190 5817 2202
f 108 2095 5790 2170
f 108 2170 5765 2148
f 108 2148 5778 2132
f 108 2132 5782 2095
f 109 2101 5794 2169
f 109 2169 5761 2150
f 109 2150 5785 2142
f 109 2142 5789 2101
f 110 2148 5765 2168
f 110 2168 5764 2092
f 110 2092 5776 2126
f 110 2126 5778 2148
f 111 2150 5761 2167
f 111 2167 5790 2095
f 111 2095 5782 2135
f 111 2135 5785 2150
f 112 2152 5791 2166
f 112 2166 5792 2099
f 112 2099 5780 2128
f 112 2128 5777 2152
f 113 2154 5793 2165
f 113 2165 5794 2101
f 113 2101 5789 2145
f 113 2145 5788 2154
f 114 2156 5795 2164
f 114 2164 5796 2103
f 114 2103 5787 2144
f 114 2144 5786 2156
f 115 2047 6492 3649
f 115 3649 6497 3641
f 115 3641 5758 2088
f 115 2088 5760 2047
f 116 2045 6490 3648
f 116 3648 6493 3637
f 116 3637 5757 2085
f 116 2085 5755 2045
f 117 2041 6488 3647
f 117 3647 6487 3631
f 117 3631 5768 2106
f 117 2106 5767 2041
f 118 2110 5736 2108
f 118 2108 5737 2109
f 118 2109 5733 2111
f 118 2111 5731 2110
f 119 2112 5771 2122
f 119 2122 5773 2114
f 119 2114 5737 2108
f 119 2108 5736 2112
f 120 2114 5773 2121
f 120 2121 5774 2115
f 120 2115 5733 2109
f 120 2109 5737 2114
f 121 2115 5774 2120
f 121 2120 5772 2117
f 121 2117 5731 2111
f 121 2111 5733 2115
f 122 2119 5759 2094
f 122 2094 5760 2113
f 122 2113 5772 2120
f 122 2120 5774 2119
f 123 2118 5756 2087
f 123 2087 5759 2119
f 123 2119 5774 2121
f 123 2121 5773 2118
f 124 2116 5758 2086
f 124 2086 5756 2118
f 124 2118 5773 2122
f 124 2122 5771 2116
f 125 2113 5760 2088
f 125 2088 5758 2116
f 125 2116 5771 2123
f 125 2123 5772 2113
f 126 2201 5817 2190
f 126 2190 5775 2127
f 126 2127 5779 2191
f 126 2191 5818 2201
f 127 2127 5775 2125
f 127 2125 5777 2128
f 127 2128 5780 2131
f 127 2131 5779 2127
f 128 3582 6464 3590
f 128 3590 6463 2266
f 128 2266 5845 2262
f 128 2262 5843 3582
f 129 3558 6452 3566
f 129 3566 6451 2242
f 129 2242 5830 2236
f 129 2236 5832 3558
f 130 3594 6470 3602
f 130 3602 6469 2230
f 130 2230 5825 2224
f 130 2224 5826 3594
f 131 3580 6462 3589
f 131 3589 6461 2139
f 131 2139 5841 2258
f 131 2258 5842 3580
f 132 3556 6450 3565
f 132 3565 6449 2192
f 132 2192 5834 2238
f 132 2238 5831 3556
f 133 3592 6468 3601
f 133 3601 6467 2138
f 133 2138 5828 2228
f 133 2228 5827 3592
f 134 2099 5792 2163
f 134 2163 5798 2147
f 134 2147 5781 2129
f 134 2129 5780 2099
f 135 2147 5798 2162
f 135 2162 5795 2156
f 135 2156 5786 2136
f 135 2136 5781 2147
f 136 2198 5821 2194
f 136 2194 5793 2154
f 136 2154 5788 2143
f 136 2143 5820 2198
f 137 2146 5797 2160
f 137 2160 5791 2152
f 137 2152 5777 2125
f 137 2125 5775 2146
f 138 2158 5755 2085
f 138 2085 5757 2096
f 138 2096 5791 2160
f 138 2160 5797 2158
f 139 2197 5816 2105
f 139 2105 5769 2100
f 139 2100 5793 2194
f 139 2194 5821 2197
f 140 2159 5763 2098
f 140 2098 5767 2102
f 140 2102 5795 2162
f 140 2162 5798 2159
f 141 2153 5762 2091
f 141 2091 5763 2159
f 141 2159 5798 2163
f 141 2163 5792 2153
f 142 2102 5767 2106
f 142 2106 5768 2157
f 142 2157 5796 2164
f 142 2164 5795 2102
f 143 2100 5769 2107
f 143 2107 5770 2155
f 143 2155 5794 2165
f 143 2165 5793 2100
f 144 2096 5757 2090
f 144 2090 5762 2153
f 144 2153 5792 2166
f 144 2166 5791 2096
f 145 2093 5766 2097
f 145 2097 5760 2151
f 145 2151 5790 2167
f 145 2167 5761 2093
f 146 2089 5759 2087
f 146 2087 5756 2149
f 146 2149 5764 2168
f 146 2168 5765 2089
f 147 2155 5770 2104
f 147 2104 5766 2093
f 147 2093 5761 2169
f 147 2169 5794 2155
f 148 2151 5760 2094
f 148 2094 5759 2089
f 148 2089 5765 2170
f 148 2170 5790 2151
f 149 2196 5815 2188
f 149 2188 5755 2158
f 149 2158 5797 2195
f 149 2195 5822 2196
f 150 2149 5756 2084
f 150 2084 5815 2196
f 150 2196 5822 2171
f 150 2171 5764 2149
f 151 2157 5768 2189
f 151 2189 5816 2197
f 151 2197 5821 2161
f 151 2161 5796 2157
f 152 2103 5796 2161
f 152 2161 5821 2198
f 152 2198 5820 2193
f 152 2193 5787 2103
f 153 3570 6458 3578
f 153 3578 6457 2254
f 153 2254 5835 2246
f 153 2246 5836 3570
f 154 3568 6456 3577
f 154 3577 6455 2137
f 154 2137 5839 2250
f 154 2250 5840 3568
f 155 2126 5776 2124
f 155 2124 5817 2201
f 155 2201 5818 2130
f 155 2130 5778 2126
f 156 2092 5764 2171
f 156 2171 5822 2202
f 156 2202 5817 2124
f 156 2124 5776 2092
f 157 1978 5708 2179
f 157 2179 5806 2203
f 157 2203 5814 2078
f 157 2078 5748 1978
f 158 1985 5696 1967
f 158 1967 5805 2204
f 158 2204 5813 2075
f 158 2075 5753 1985
f 159 2055 6498 3646
f 159 3646 6499 2205
f 159 2205 5815 2084
f 159 2084 5756 2055
f 160 3631 6487 3645
f 160 3645 6500 2206
f 160 2206 5816 2189
f 160 2189 5768 3631
f 161 3659 6501 3674
f 161 3674 6502 2028
f 161 2028 5811 2036
f 161 2036 5724 3659
f 162 3670 6512 3673
f 162 3673 6506 2032
f 162 2032 5812 2185
f 162 2185 5740 3670
f 163 3699 6527 3702
f 163 3702 6522 2210
f 163 2210 5809 2015
f 163 2015 5704 3699
f 164 3697 6525 3701
f 164 3701 6523 2211
f 164 2211 5810 2183
f 164 2183 5728 3697
f 165 2070 5753 2075
f 165 2075 5813 2212
f 165 2212 5807 1991
f 165 1991 5688 2070
f 166 2065 5748 2078
f 166 2078 5814 2213
f 166 2213 5808 2181
f 166 2181 5716 2065
f 167 1936 5918 2409
f 167 2409 5921 2214
f 167 2214 5804 2177
f 167 2177 5692 1936
f 168 1961 5680 1943
f 168 1943 5803 2215
f 168 2215 5805 1967
f 168 1967 5696 1961
f 169 1954 5692 2177
f 169 2177 5804 2216
f 169 2216 5806 2179
f 169 2179 5708 1954
f 170 1934 5916 2408
f 170 2408 5922 2217
f 170 2217 5803 1943
f 170 1943 5680 1934
f 171 1890 5926 2437
f 171 2437 5935 2218
f 171 2218 5799 1895
f 171 1895 5656 1890
f 172 2370 5899 2381
f 172 2381 5907 2219
f 172 2219 5801 1919
f 172 1919 5668 2370
f 173 2367 5896 2380
f 173 2380 5908 2220
f 173 2220 5802 2175
f 173 2175 5676 2367
f 174 2432 5933 2436
f 174 2436 5936 2221
f 174 2221 5800 2173
f 174 2173 5664 2432
f 175 2307 5846 2263
f 175 2263 5844 2306
f 175 2306 5868 2296
f 175 2296 5870 2307
f 176 2298 5833 2240
f 176 2240 5832 2305
f 176 2305 5856 2283
f 176 2283 5857 2298
f 177 2230 6469 3600
f 177 3600 6471 2232
f 177 2232 5823 2223
f 177 2223 5825 2230
f 178 2138 6467 3599
f 178 3599 6470 3594
f 178 3594 5826 2227
f 178 2227 5828 2138
f 179 2232 6471 3598
f 179 3598 6472 2233
f 179 2233 5824 2222
f 179 2222 5823 2232
f 180 2233 6472 3597
f 180 3597 6468 3592
f 180 3592 5827 2225
f 180 2225 5824 2233
f 181 2304 5824 2225
f 181 2225 5827 2303
f 181 2303 5851 2273
f 181 2273 5848 2304
f 182 2302 5843 2262
f 182 2262 5845 2301
f 182 2301 5869 2295
f 182 2295 5867 2302
f 183 3559 6453 3564
f 183 3564 6452 3558
f 183 3558 5832 2240
f 183 2240 5833 3559
f 184 2242 6451 3563
f 184 3563 6454 2245
f 184 2245 5829 2234
f 184 2234 5830 2242
f 185 2245 6454 3562
f 185 3562 6450 3556
f 185 3556 5831 2235
f 185 2235 5829 2245
f 186 2192 6449 3561
f 186 3561 6453 3559
f 186 3559 5833 2239
f 186 2239 5834 2192
f 187 2300 5837 2247
f 187 2247 5836 2248
f 187 2248 5860 2285
f 187 2285 5861 2300
f 188 2299 5834 2239
f 188 2239 5833 2298
f 188 2298 5857 2282
f 188 2282 5858 2299
f 189 2137 6455 3576
f 189 3576 6459 2256
f 189 2256 5837 2249
f 189 2249 5839 2137
f 190 2254 6457 3575
f 190 3575 6460 2257
f 190 2257 5838 2252
f 190 2252 5835 2254
f 191 2257 6460 3574
f 191 3574 6456 3568
f 191 3568 5840 2251
f 191 2251 5838 2257
f 192 2256 6459 3573
f 192 3573 6458 3570
f 192 3570 5836 2247
f 192 2247 5837 2256
f 193 2226 5826 2224
f 193 2224 5825 2237
f 193 2237 5849 2272
f 193 2272 5850 2226
f 194 2248 5836 2246
f 194 2246 5835 2261
f 194 2261 5859 2284
f 194 2284 5860 2248
f 195 3583 6465 3588
f 195 3588 6462 3580
f 195 3580 5842 2260
f 195 2260 5844 3583
f 196 3584 6466 3587
f 196 3587 6465 3583
f 196 3583 5844 2263
f 196 2263 5846 3584
f 197 2266 6463 3586
f 197 3586 6466 3584
f 197 3584 5846 2264
f 197 2264 5845 2266
f 198 2139 6461 3585
f 198 3585 6464 3582
f 198 3582 5843 2259
f 198 2259 5841 2139
f 199 2355 5861 2285
f 199 2285 5860 2349
f 199 2349 5884 2333
f 199 2333 5885 2355
f 200 2354 5847 2270
f 200 2270 5848 2353
f 200 2353 5872 2318
f 200 2318 5871 2354
f 201 2346 5865 2292
f 201 2292 5867 2352
f 201 2352 5891 2340
f 201 2340 5889 2346
f 202 2351 5854 2277
f 202 2277 5853 2350
f 202 2350 5877 2325
f 202 2325 5878 2351
f 203 2349 5860 2284
f 203 2284 5859 2348
f 203 2348 5883 2332
f 203 2332 5884 2349
f 204 2347 5866 2291
f 204 2291 5865 2346
f 204 2346 5889 2339
f 204 2339 5890 2347
f 205 2274 5851 2276
f 205 2276 5852 2280
f 205 2280 5876 2324
f 205 2324 5875 2274
f 206 2286 5857 2283
f 206 2283 5856 2294
f 206 2294 5880 2331
f 206 2331 5881 2286
f 207 2309 5830 2234
f 207 2234 5829 2308
f 207 2308 5853 2277
f 207 2277 5854 2309
f 208 2310 5839 2249
f 208 2249 5837 2300
f 208 2300 5861 2287
f 208 2287 5863 2310
f 209 2301 5845 2264
f 209 2264 5846 2307
f 209 2307 5870 2297
f 209 2297 5869 2301
f 210 2311 5828 2227
f 210 2227 5826 2226
f 210 2226 5850 2275
f 210 2275 5852 2311
f 211 2308 5829 2235
f 211 2235 5831 2312
f 211 2312 5855 2278
f 211 2278 5853 2308
f 212 2313 5840 2250
f 212 2250 5839 2310
f 212 2310 5863 2288
f 212 2288 5864 2313
f 213 2303 5827 2228
f 213 2228 5828 2311
f 213 2311 5852 2276
f 213 2276 5851 2303
f 214 2315 5842 2258
f 214 2258 5841 2314
f 214 2314 5865 2291
f 214 2291 5866 2315
f 215 2305 5832 2236
f 215 2236 5830 2309
f 215 2309 5854 2279
f 215 2279 5856 2305
f 216 2316 5838 2251
f 216 2251 5840 2313
f 216 2313 5864 2289
f 216 2289 5862 2316
f 217 2314 5841 2259
f 217 2259 5843 2302
f 217 2302 5867 2292
f 217 2292 5865 2314
f 218 2317 5823 2222
f 218 2222 5824 2304
f 218 2304 5848 2270
f 218 2270 5847 2317
f 219 2261 5835 2252
f 219 2252 5838 2316
f 219 2316 5862 2290
f 219 2290 5859 2261
f 220 2306 5844 2260
f 220 2260 5842 2315
f 220 2315 5866 2293
f 220 2293 5868 2306
f 221 2237 5825 2223
f 221 2223 5823 2317
f 221 2317 5847 2271
f 221 2271 5849 2237
f 222 2312 5831 2238
f 222 2238 5834 2299
f 222 2299 5858 2281
f 222 2281 5855 2312
f 223 2320 5873 2319
f 223 2319 5871 2318
f 223 2318 5872 2322
f 223 2322 5874 2320
f 224 2323 5874 2322
f 224 2322 5872 2321
f 224 2321 5875 2324
f 224 2324 5876 2323
f 225 2331 5880 2327
f 225 2327 5878 2325
f 225 2325 5877 2328
f 225 2328 5881 2331
f 226 2330 5881 2328
f 226 2328 5877 2326
f 226 2326 5879 2329
f 226 2329 5882 2330
f 227 2335 5885 2334
f 227 2334 5886 2337
f 227 2337 5888 2336
f 227 2336 5887 2335
f 228 2333 5884 2332
f 228 2332 5883 2338
f 228 2338 5886 2334
f 228 2334 5885 2333
f 229 2341 5890 2339
f 229 2339 5889 2340
f 229 2340 5891 2342
f 229 2342 5892 2341
f 230 2344 5892 2342
f 230 2342 5891 2343
f 230 2343 5893 2345
f 230 2345 5894 2344
f 231 2350 5853 2278
f 231 2278 5855 2356
f 231 2356 5879 2326
f 231 2326 5877 2350
f 232 2357 5868 2293
f 232 2293 5866 2347
f 232 2347 5890 2341
f 232 2341 5892 2357
f 233 2358 5849 2271
f 233 2271 5847 2354
f 233 2354 5871 2319
f 233 2319 5873 2358
f 234 2294 5856 2279
f 234 2279 5854 2351
f 234 2351 5878 2327
f 234 2327 5880 2294
f 235 2359 5850 2272
f 235 2272 5849 2358
f 235 2358 5873 2320
f 235 2320 5874 2359
f 236 2360 5863 2287
f 236 2287 5861 2355
f 236 2355 5885 2335
f 236 2335 5887 2360
f 237 2352 5867 2295
f 237 2295 5869 2361
f 237 2361 5893 2343
f 237 2343 5891 2352
f 238 2353 5848 2273
f 238 2273 5851 2274
f 238 2274 5875 2321
f 238 2321 5872 2353
f 239 2362 5864 2288
f 239 2288 5863 2360
f 239 2360 5887 2336
f 239 2336 5888 2362
f 240 2356 5855 2281
f 240 2281 5858 2363
f 240 2363 5882 2329
f 240 2329 5879 2356
f 241 2364 5870 2296
f 241 2296 5868 2357
f 241 2357 5892 2344
f 241 2344 5894 2364
f 242 2365 5862 2289
f 242 2289 5864 2362
f 242 2362 5888 2337
f 242 2337 5886 2365
f 243 2363 5858 2282
f 243 2282 5857 2286
f 243 2286 5881 2330
f 243 2330 5882 2363
f 244 2361 5869 2297
f 244 2297 5870 2364
f 244 2364 5894 2345
f 244 2345 5893 2361
f 245 2280 5852 2275
f 245 2275 5850 2359
f 245 2359 5874 2323
f 245 2323 5876 2280
f 246 2348 5859 2290
f 246 2290 5862 2365
f 246 2365 5886 2338
f 246 2338 5883 2348
f 247 1900 5664 2173
f 247 2173 5800 2379
f 247 2379 5908 2380
f 247 2380 5896 1900
f 248 1905 5656 1895
f 248 1895 5799 2378
f 248 2378 5907 2381
f 248 2381 5899 1905
f 249 2366 5658 1897
f 249 1897 5656 1905
f 249 1905 5899 2382
f 249 2382 5895 2366
f 250 2368 5663 1917
f 250 1917 5664 1900
f 250 1900 5896 2383
f 250 2383 5897 2368
f 251 2371 5655 1896
f 251 1896 5657 1911
f 251 1911 5903 2384
f 251 2384 5900 2371
f 252 1913 5665 1918
f 252 1918 5666 2377
f 252 2377 5906 2385
f 252 2385 5905 1913
f 253 1911 5657 1901
f 253 1901 5660 2375
f 253 2375 5904 2386
f 253 2386 5903 1911
f 254 1907 5662 1908
f 254 1908 5659 2373
f 254 2373 5902 2387
f 254 2387 5901 1907
f 255 2377 5666 1915
f 255 1915 5662 1907
f 255 1907 5901 2388
f 255 2388 5906 2377
f 256 2378 5799 2172
f 256 2172 5655 2371
f 256 2371 5900 2389
f 256 2389 5907 2378
f 257 2375 5660 1902
f 257 1902 5661 2369
f 257 2369 5898 2390
f 257 2390 5904 2375
f 258 2369 5661 1909
f 258 1909 5663 2368
f 258 2368 5897 2391
f 258 2391 5898 2369
f 259 2379 5800 1916
f 259 1916 5665 1913
f 259 1913 5905 2392
f 259 2392 5908 2379
f 260 2373 5659 1899
f 260 1899 5658 2366
f 260 2366 5895 2393
f 260 2393 5902 2373
f 261 2401 5668 1919
f 261 1919 5801 2407
f 261 2407 5922 2408
f 261 2408 5916 2401
f 262 2403 5676 2175
f 262 2175 5802 2406
f 262 2406 5921 2409
f 262 2409 5918 2403
f 263 2396 5671 1923
f 263 1923 5670 1931
f 263 1931 5915 2410
f 263 2410 5911 2396
f 264 2406 5802 1940
f 264 1940 5677 1929
f 264 1929 5913 2411
f 264 2411 5921 2406
f 265 2394 5673 1933
f 265 1933 5675 1935
f 265 1935 5917 2412
f 265 2412 5909 2394
f 266 1937 5667 1920
f 266 1920 5669 2405
f 266 2405 5920 2413
f 266 2413 5919 1937
f 267 1935 5675 1941
f 267 1941 5676 2403
f 267 2403 5918 2414
f 267 2414 5917 1935
f 268 1931 5670 1921
f 268 1921 5668 2401
f 268 2401 5916 2415
f 268 2415 5915 1931
f 269 1929 5677 1942
f 269 1942 5678 2399
f 269 2399 5914 2416
f 269 2416 5913 1929
f 270 2405 5669 1925
f 270 1925 5672 2397
f 270 2397 5912 2417
f 270 2417 5920 2405
f 271 1924 5674 1932
f 271 1932 5671 2396
f 271 2396 5911 2418
f 271 2418 5910 1924
f 272 2399 5678 1939
f 272 1939 5674 1924
f 272 1924 5910 2419
f 272 2419 5914 2399
f 273 2407 5801 2174
f 273 2174 5667 1937
f 273 1937 5919 2420
f 273 2420 5922 2407
f 274 2397 5672 1926
f 274 1926 5673 2394
f 274 2394 5909 2421
f 274 2421 5912 2397
f 275 2455 5942 2469
f 275 2469 5950 2435
f 275 2435 5936 2436
f 275 2436 5933 2455
f 276 2425 5944 2468
f 276 2468 5949 2434
f 276 2434 5935 2437
f 276 2437 5926 2425
f 277 2422 5943 2467
f 277 2467 5937 2450
f 277 2450 5924 2438
f 277 2438 5923 2422
f 278 2429 5946 2466
f 278 2466 5943 2422
f 278 2422 5923 2439
f 278 2439 5930 2429
f 279 2434 5949 2465
f 279 2465 5938 2451
f 279 2451 5925 2440
f 279 2440 5935 2434
f 280 2435 5950 2464
f 280 2464 5948 2433
f 280 2433 5934 2441
f 280 2441 5936 2435
f 281 2454 5941 2463
f 281 2463 5947 2431
f 281 2431 5932 2442
f 281 2442 5931 2454
f 282 2453 5940 2462
f 282 2462 5946 2429
f 282 2429 5930 2443
f 282 2443 5929 2453
f 283 2452 5939 2461
f 283 2461 5945 2427
f 283 2427 5928 2444
f 283 2444 5927 2452
f 284 2431 5947 2460
f 284 2460 5944 2425
f 284 2425 5926 2445
f 284 2445 5932 2431
f 285 2433 5948 2459
f 285 2459 5939 2452
f 285 2452 5927 2446
f 285 2446 5934 2433
f 286 2427 5945 2458
f 286 2458 5941 2454
f 286 2454 5931 2447
f 286 2447 5928 2427
f 287 2451 5938 2457
f 287 2457 5940 2453
f 287 2453 5929 2448
f 287 2448 5925 2451
f 288 2450 5937 2456
f 288 2456 5942 2455
f 288 2455 5933 2449
f 288 2449 5924 2450
f 289 2478 6865 3390
f 289 3390 6324 2482
f 289 2482 6873 2478
f 290 3531 6874 3532
f 290 3532 5978 2474
f 290 2474 5954 2480
f 290 2480 5955 3531
f 291 2482 6324 3315
f 291 3315 6323 2477
f 291 2477 6866 2471
f 291 2471 6873 2482
f 292 2494 5953 2475
f 292 2475 5955 2493
f 292 2493 5961 2490
f 292 2490 5960 2494
f 293 3314 6328 3240
f 293 3240 6868 2487
f 293 2487 6878 3241
f 293 3241 6329 3314
f 294 3445 6867 2473
f 294 2473 6874 3531
f 294 3531 5955 2475
f 294 2475 5953 3445
f 295 3313 6329 3241
f 295 3241 6878 2527
f 295 2527 6957 3242
f 295 3242 6330 3313
f 296 2683 6049 2664
f 296 2664 5952 2489
f 296 2489 5958 2667
f 296 2667 6052 2683
f 297 2504 5961 2491
f 297 2491 5962 2503
f 297 2503 5967 2500
f 297 2500 5966 2504
f 298 3550 6905 3448
f 298 3448 5959 2502
f 298 2502 5964 3550
f 299 3448 6905 2530
f 299 2530 6867 2495
f 299 2495 5959 3448
f 300 2497 5954 2488
f 300 2488 5957 2496
f 300 2496 5963 2492
f 300 2492 5962 2497
f 301 2493 5955 2480
f 301 2480 5954 2497
f 301 2497 5962 2491
f 301 2491 5961 2493
f 302 2495 6867 3445
f 302 3445 5953 2494
f 302 2494 5960 3549
f 302 3549 5959 2495
f 303 2514 5967 3447
f 303 3447 5963 3470
f 303 3470 5976 2512
f 303 2512 5973 2514
f 304 2515 5966 2500
f 304 2500 5967 2514
f 304 2514 5973 2509
f 304 2509 5971 2515
f 305 3212 6905 3550
f 305 3550 5964 2499
f 305 2499 5968 2532
f 305 2532 5983 3212
f 306 2501 5985 2485
f 306 2485 5958 2550
f 306 2550 5977 2511
f 306 2511 5987 2501
f 307 2503 5962 2492
f 307 2492 5963 3447
f 307 3447 5967 2503
f 308 2502 5959 3549
f 308 3549 5960 2505
f 308 2505 5965 3449
f 308 3449 5964 2502
f 309 2505 5960 2490
f 309 2490 5961 2504
f 309 2504 5966 2498
f 309 2498 5965 2505
f 310 2539 5975 2508
f 310 2508 5972 2552
f 310 2552 5997 2561
f 310 2561 5996 2539
f 311 3215 6276 3136
f 311 3136 5983 2546
f 311 2546 6003 3138
f 311 3138 6278 3215
f 312 2524 5977 2513
f 312 2513 5974 2538
f 312 2538 5995 2567
f 312 2567 6001 2524
f 313 2545 5973 2512
f 313 2512 5976 2525
f 313 2525 6002 2566
f 313 2566 5998 2545
f 314 2499 5964 3449
f 314 3449 5965 2516
f 314 2516 5970 3529
f 314 3529 5968 2499
f 315 2517 5952 2481
f 315 2481 5956 2518
f 315 2518 5975 2510
f 315 2510 5974 2517
f 316 2518 5956 2476
f 316 2476 5951 2541
f 316 2541 5972 2508
f 316 2508 5975 2518
f 317 2550 5958 2489
f 317 2489 5952 2517
f 317 2517 5974 2513
f 317 2513 5977 2550
f 318 2516 5965 2498
f 318 2498 5966 2515
f 318 2515 5971 2507
f 318 2507 5970 2516
f 319 2537 5987 2511
f 319 2511 5977 2524
f 319 2524 6001 2565
f 319 2565 6000 2537
f 320 2525 5976 2535
f 320 2535 5984 2529
f 320 2529 6011 2580
f 320 2580 6002 2525
f 321 2533 5970 2507
f 321 2507 5971 2540
f 321 2540 5992 2559
f 321 2559 5990 2533
f 322 3214 6277 2523
f 322 2523 5981 2534
f 322 2534 6012 2572
f 322 2572 6279 3214
f 323 2526 6275 2521
f 323 2521 5979 2556
f 323 2556 5981 2523
f 323 2523 6277 2526
f 324 3211 6909 2542
f 324 2542 6900 2551
f 324 2551 5980 2544
f 324 2544 5986 3211
f 325 2520 5985 2543
f 325 2543 5979 2528
f 325 2528 6048 2660
f 325 2660 6029 2520
f 326 2536 5982 2531
f 326 2531 5957 2483
f 326 2483 6030 2659
f 326 2659 6018 2536
f 327 2496 5957 2531
f 327 2531 5982 3552
f 327 3552 5963 2496
f 328 3470 5963 3552
f 328 3552 5982 3213
f 328 3213 5984 2535
f 328 2535 5976 3470
f 329 2549 5968 3529
f 329 3529 5970 2533
f 329 2533 5990 3469
f 329 3469 5991 2549
f 330 2534 5981 2547
f 330 2547 5987 2537
f 330 2537 6000 2588
f 330 2588 6012 2534
f 331 2538 5974 2510
f 331 2510 5975 2539
f 331 2539 5996 2563
f 331 2563 5995 2538
f 332 2553 5969 2506
f 332 2506 5986 2554
f 332 2554 5988 2558
f 332 2558 5989 2553
f 333 3444 7233 3134
f 333 3134 6905 3212
f 333 3212 5983 3136
f 333 3136 6276 3444
f 334 3551 6865 2470
f 334 2470 6909 3211
f 334 3211 5986 2506
f 334 2506 5969 3551
f 335 2540 5971 2509
f 335 2509 5973 2545
f 335 2545 5998 2562
f 335 2562 5992 2540
f 336 2546 5983 2532
f 336 2532 5968 2549
f 336 2549 5991 2577
f 336 2577 6003 2546
f 337 2554 5986 2544
f 337 2544 5980 2555
f 337 2555 6004 2585
f 337 2585 5988 2554
f 338 2556 5979 2543
f 338 2543 5985 2501
f 338 2501 5987 2547
f 338 2547 5981 2556
f 339 2682 6052 2667
f 339 2667 5958 2548
f 339 2548 6028 2668
f 339 2668 6053 2682
f 340 2584 5996 2561
f 340 2561 5997 2590
f 340 2590 6021 2598
f 340 2598 6020 2584
f 341 2576 6001 2567
f 341 2567 5995 2583
f 341 2583 6019 2604
f 341 2604 6024 2576
f 342 2579 6012 2588
f 342 2588 6000 2575
f 342 2575 6023 2626
f 342 2626 6032 2579
f 343 2574 6002 2580
f 343 2580 6011 2578
f 343 2578 6031 2618
f 343 2618 6025 2574
f 344 2589 5998 2566
f 344 2566 6002 2574
f 344 2574 6025 2603
f 344 2603 6022 2589
f 345 2575 6000 2565
f 345 2565 6001 2576
f 345 2576 6024 2602
f 345 2602 6023 2575
f 346 3210 6279 2572
f 346 2572 6012 2579
f 346 2579 6032 2609
f 346 2609 6282 3210
f 347 2581 5990 2559
f 347 2559 5992 2587
f 347 2587 6017 2595
f 347 2595 6015 2581
f 348 2586 5988 2585
f 348 2585 6004 2592
f 348 2592 6027 2623
f 348 2623 6013 2586
f 349 2582 5991 3469
f 349 3469 5990 2581
f 349 2581 6015 3530
f 349 3530 6016 2582
f 350 2593 6003 2577
f 350 2577 5991 2582
f 350 2582 6016 2615
f 350 2615 6026 2593
f 351 2583 5995 2563
f 351 2563 5996 2584
f 351 2584 6020 2600
f 351 2600 6019 2583
f 352 2591 5989 2558
f 352 2558 5988 2586
f 352 2586 6013 2594
f 352 2594 6014 2591
f 353 2587 5992 2562
f 353 2562 5998 2589
f 353 2589 6022 2599
f 353 2599 6017 2587
f 354 3209 6278 3138
f 354 3138 6003 2593
f 354 2593 6026 3141
f 354 3141 6281 3209
f 355 3208 6282 2609
f 355 2609 6032 2625
f 355 2625 6047 2640
f 355 2640 6284 3208
f 356 2612 6015 2595
f 356 2595 6017 2616
f 356 2616 6006 2571
f 356 2571 6008 2612
f 357 2614 6013 2623
f 357 2623 6027 2619
f 357 2619 6039 2653
f 357 2653 6010 2614
f 358 2613 6016 3530
f 358 3530 6015 2612
f 358 2612 6008 3471
f 358 3471 6007 2613
f 359 2620 6026 2615
f 359 2615 6016 2613
f 359 2613 6007 2645
f 359 2645 6038 2620
f 360 2624 6019 2600
f 360 2600 6020 2621
f 360 2621 5993 2632
f 360 2632 5994 2624
f 361 2617 6014 2594
f 361 2594 6013 2614
f 361 2614 6010 2573
f 361 2573 6009 2617
f 362 2616 6017 2599
f 362 2599 6022 2628
f 362 2628 6034 2560
f 362 2560 6006 2616
f 363 3207 6281 3141
f 363 3141 6026 2620
f 363 2620 6038 3143
f 363 3143 6283 3207
f 364 2621 6020 2598
f 364 2598 6021 2622
f 364 2622 6033 2564
f 364 2564 5993 2621
f 365 2631 6024 2604
f 365 2604 6019 2624
f 365 2624 5994 2636
f 365 2636 6036 2631
f 366 2625 6032 2626
f 366 2626 6023 2630
f 366 2630 6035 2655
f 366 2655 6047 2625
f 367 2629 6025 2618
f 367 2618 6031 2627
f 367 2627 6046 2648
f 367 2648 6037 2629
f 368 2628 6022 2603
f 368 2603 6025 2629
f 368 2629 6037 2635
f 368 2635 6034 2628
f 369 2630 6023 2602
f 369 2602 6024 2631
f 369 2631 6036 2634
f 369 2634 6035 2630
f 370 2649 6037 2648
f 370 2648 6046 2650
f 370 2650 6132 2834
f 370 2834 6123 2649
f 371 2671 6034 2635
f 371 2635 6037 2649
f 371 2649 6123 2821
f 371 2821 6101 2671
f 372 2652 5993 2564
f 372 2564 6033 2656
f 372 2656 6111 2794
f 372 2794 6110 2652
f 373 2651 6008 2571
f 373 2571 6006 2670
f 373 2670 6100 2818
f 373 2818 6118 2651
f 374 2681 6035 2634
f 374 2634 6036 2678
f 374 2678 6122 2820
f 374 2820 6121 2681
f 375 3206 6284 2640
f 375 2640 6047 2680
f 375 2680 6133 2827
f 375 2827 6292 3206
f 376 3527 6007 3471
f 376 3471 6008 2651
f 376 2651 6118 2846
f 376 2846 6119 3527
f 377 2654 6010 2653
f 377 2653 6039 2657
f 377 2657 6125 2838
f 377 2838 6120 2654
f 378 2658 6038 2645
f 378 2645 6007 3527
f 378 3527 6119 3528
f 378 3528 6124 2658
f 379 2679 5994 2632
f 379 2632 5993 2652
f 379 2652 6110 2819
f 379 2819 6116 2679
f 380 3406 6009 2573
f 380 2573 6010 2654
f 380 2654 6120 3405
f 380 3405 6105 3406
f 381 2656 6033 3483
f 381 3483 6009 3406
f 381 3406 6105 2787
f 381 2787 6111 2656
f 382 3205 6283 3143
f 382 3143 6038 2658
f 382 2658 6124 3151
f 382 3151 6291 3205
f 383 2606 6030 2610
f 383 2610 6054 2596
f 383 2596 6065 2691
f 383 2691 6066 2606
f 384 2611 6018 2659
f 384 2659 6030 2606
f 384 2606 6066 2693
f 384 2693 6061 2611
f 385 3312 6330 3242
f 385 3242 6957 2661
f 385 2661 6995 3244
f 385 3244 6332 3312
f 386 2677 6053 2668
f 386 2668 6028 2673
f 386 2673 6064 2696
f 386 2696 6062 2677
f 387 3204 6275 3135
f 387 3135 5982 2536
f 387 2536 6018 3140
f 387 3140 6280 3204
f 388 2548 5958 2485
f 388 2485 5985 2520
f 388 2520 6029 2608
f 388 2608 6028 2548
f 389 2674 6029 2660
f 389 2660 6048 2675
f 389 2675 6060 2694
f 389 2694 6063 2674
f 390 2673 6028 2608
f 390 2608 6029 2674
f 390 2674 6063 2690
f 390 2690 6064 2673
f 391 3203 6280 3140
f 391 3140 6018 2611
f 391 2611 6061 3146
f 391 3146 6286 3203
f 392 3450 6404 3366
f 392 3366 6053 2677
f 392 2677 6062 3367
f 392 3367 6405 3450
f 393 2670 6006 2560
f 393 2560 6034 2671
f 393 2671 6101 2793
f 393 2793 6100 2670
f 394 2678 6036 2636
f 394 2636 5994 2679
f 394 2679 6116 2822
f 394 2822 6122 2678
f 395 2680 6047 2655
f 395 2655 6035 2681
f 395 2681 6121 2841
f 395 2841 6133 2680
f 396 2622 6021 3393
f 396 3393 6014 2617
f 396 2617 6009 3483
f 396 3483 6033 2622
f 397 2590 5997 3472
f 397 3472 5989 2591
f 397 2591 6014 3393
f 397 3393 6021 2590
f 398 3446 6402 3364
f 398 3364 6052 2682
f 398 2682 6053 3366
f 398 3366 6404 3446
f 399 2552 5972 3391
f 399 3391 5969 2553
f 399 2553 5989 3472
f 399 3472 5997 2552
f 400 2541 5951 3394
f 400 3394 6865 3551
f 400 3551 5969 3391
f 400 3391 5972 2541
f 401 3443 6400 3362
f 401 3362 6049 2683
f 401 2683 6052 3364
f 401 3364 6402 3443
f 402 2483 5957 2484
f 402 2484 6051 2684
f 402 2684 6054 2610
f 402 2610 6030 2483
f 403 2488 5954 2474
f 403 2474 5978 2685
f 403 2685 6051 2484
f 403 2484 5957 2488
f 404 2665 5956 2481
f 404 2481 5952 2664
f 404 2664 6049 2686
f 404 2686 6050 2665
f 405 3532 6874 3534
f 405 3534 6378 2663
f 405 2663 5978 3532
f 406 3394 5951 2476
f 406 2476 5956 2665
f 406 2665 6050 3392
f 406 3392 6865 3394
f 407 3442 6405 3367
f 407 3367 6062 2692
f 407 2692 6067 3365
f 407 3365 6403 3442
f 408 2692 6062 2696
f 408 2696 6064 2698
f 408 2698 6069 2710
f 408 2710 6067 2692
f 409 2699 6063 2694
f 409 2694 6060 2695
f 409 2695 6059 2707
f 409 2707 6068 2699
f 410 2703 6066 2691
f 410 2691 6065 2700
f 410 2700 6070 2705
f 410 2705 6071 2703
f 411 3202 6286 3146
f 411 3146 6061 2702
f 411 2702 6058 3145
f 411 3145 6285 3202
f 412 2698 6064 2690
f 412 2690 6063 2699
f 412 2699 6068 2704
f 412 2704 6069 2698
f 413 3307 6332 3244
f 413 3244 6995 2701
f 413 2701 7002 3245
f 413 3245 6333 3307
f 414 2702 6061 2693
f 414 2693 6066 2703
f 414 2703 6071 2706
f 414 2706 6058 2702
f 415 2672 6058 2706
f 415 2706 6071 2708
f 415 2708 6078 2725
f 415 2725 6073 2672
f 416 2713 6067 2710
f 416 2710 6069 2714
f 416 2714 6076 2728
f 416 2728 6072 2713
f 417 2715 6068 2707
f 417 2707 6059 2709
f 417 2709 6074 2726
f 417 2726 6075 2715
f 418 2708 6071 2705
f 418 2705 6070 2716
f 418 2716 6077 2723
f 418 2723 6078 2708
f 419 3201 6285 3145
f 419 3145 6058 2672
f 419 2672 6073 3147
f 419 3147 6287 3201
f 420 3441 6403 3365
f 420 3365 6067 2713
f 420 2713 6072 3368
f 420 3368 6406 3441
f 421 2714 6069 2704
f 421 2704 6068 2715
f 421 2715 6075 2722
f 421 2722 6076 2714
f 422 3305 6333 3245
f 422 3245 7002 2717
f 422 2717 7011 3247
f 422 3247 6335 3305
f 423 2719 6315 3234
f 423 3234 6318 3220
f 423 3220 6084 2738
f 423 2738 6085 2719
f 424 3200 6322 3233
f 424 3233 6317 3219
f 424 3219 6080 3148
f 424 3148 6288 3200
f 425 2724 6316 3232
f 425 3232 6320 3223
f 425 3223 6082 2737
f 425 2737 6083 2724
f 426 3304 6363 3275
f 426 3275 7276 2721
f 426 2721 7020 3249
f 426 3249 6337 3304
f 427 3219 6317 3230
f 427 3230 6315 2719
f 427 2719 6085 2739
f 427 2739 6080 3219
f 428 2732 6319 3229
f 428 3229 6316 2724
f 428 2724 6083 2743
f 428 2743 6079 2732
f 429 3440 6418 3384
f 429 3384 6319 2732
f 429 2732 6079 3369
f 429 3369 6407 3440
f 430 3223 6320 3227
f 430 3227 6321 2734
f 430 2734 6081 2741
f 430 2741 6082 3223
f 431 2742 6079 2743
f 431 2743 6083 2745
f 431 2745 6088 2759
f 431 2759 6086 2742
f 432 3439 6407 3369
f 432 3369 6079 2742
f 432 2742 6086 3370
f 432 3370 6408 3439
f 433 2750 6085 2738
f 433 2738 6084 2747
f 433 2747 6089 2756
f 433 2756 6090 2750
f 434 2745 6083 2737
f 434 2737 6082 2746
f 434 2746 6087 2755
f 434 2755 6088 2745
f 435 3301 6337 3249
f 435 3249 7020 2748
f 435 2748 7027 3251
f 435 3251 6339 3301
f 436 2752 6090 2756
f 436 2756 6089 2763
f 436 2763 6096 2770
f 436 2770 6097 2752
f 437 2757 6088 2755
f 437 2755 6087 2762
f 437 2762 6094 2769
f 437 2769 6095 2757
f 438 3300 6339 3251
f 438 3251 7027 2754
f 438 2754 7037 3253
f 438 3253 6341 3300
f 439 2765 6086 2759
f 439 2759 6088 2757
f 439 2757 6095 2776
f 439 2776 6091 2765
f 440 3438 6408 3370
f 440 3370 6086 2765
f 440 2765 6091 3371
f 440 3371 6409 3438
f 441 2767 6097 2770
f 441 2770 6096 2780
f 441 2780 6108 2789
f 441 2789 6109 2767
f 442 2771 6095 2769
f 442 2769 6094 2779
f 442 2779 6106 2788
f 442 2788 6107 2771
f 443 3298 6341 3253
f 443 3253 7037 2768
f 443 2768 7051 3256
f 443 3256 6344 3298
f 444 2782 6091 2776
f 444 2776 6095 2771
f 444 2771 6107 2796
f 444 2796 6099 2782
f 445 3437 6409 3371
f 445 3371 6091 2782
f 445 2782 6099 3373
f 445 3373 6411 3437
f 446 2790 6437 3519
f 446 3519 6439 3497
f 446 3497 6112 2804
f 446 2804 6113 2790
f 447 3296 6446 3518
f 447 3518 7399 2784
f 447 2784 7058 3257
f 447 3257 6345 3296
f 448 2803 6443 3517
f 448 3517 6440 3498
f 448 3498 6115 2807
f 448 2807 6098 2803
f 449 2798 6438 3516
f 449 3516 6437 2790
f 449 2790 6113 2810
f 449 2810 6092 2798
f 450 3436 6448 3515
f 450 3515 6438 2798
f 450 2798 6092 3372
f 450 3372 6410 3436
f 451 3497 6439 3514
f 451 3514 6442 3500
f 451 3500 6093 2808
f 451 2808 6112 3497
f 452 3498 6440 3513
f 452 3513 6441 2801
f 452 2801 6114 2805
f 452 2805 6115 3498
f 453 3199 6444 3512
f 453 3512 6443 2803
f 453 2803 6098 3149
f 453 3149 6289 3199
f 454 2813 6113 2804
f 454 2804 6112 2814
f 454 2814 6225 3015
f 454 3015 6226 2813
f 455 3294 6345 3257
f 455 3257 7058 2775
f 455 2775 7173 3260
f 455 3260 6348 3294
f 456 2806 6098 2807
f 456 2807 6115 2816
f 456 2816 6228 3018
f 456 3018 6223 2806
f 457 3435 6410 3372
f 457 3372 6092 2812
f 457 2812 6224 3378
f 457 3378 6413 3435
f 458 2812 6092 2810
f 458 2810 6113 2813
f 458 2813 6226 3023
f 458 3023 6224 2812
f 459 3198 6289 3149
f 459 3149 6098 2806
f 459 2806 6223 3168
f 459 3168 6308 3198
f 460 2814 6112 2808
f 460 2808 6093 2815
f 460 2815 6222 3019
f 460 3019 6225 2814
f 461 2816 6115 2805
f 461 2805 6114 2817
f 461 2817 6227 3016
f 461 3016 6228 2816
f 462 3044 6179 2933
f 462 2933 6184 3043
f 462 3043 6238 3036
f 462 3036 6235 3044
f 463 2835 6123 2834
f 463 2834 6132 2836
f 463 2836 6147 2861
f 463 2861 6139 2835
f 464 2843 6101 2821
f 464 2821 6123 2835
f 464 2835 6139 2570
f 464 2570 6042 2843
f 465 2851 6121 2820
f 465 2820 6122 2848
f 465 2848 6138 2633
f 465 2633 6137 2851
f 466 3197 6292 2827
f 466 2827 6133 2850
f 466 2850 6148 2855
f 466 2855 6294 3197
f 467 2839 6120 2838
f 467 2838 6125 2844
f 467 2844 6141 2864
f 467 2864 5999 2839
f 468 2845 6124 3528
f 468 3528 6119 3491
f 468 3491 6005 2859
f 468 2859 6140 2845
f 469 2849 6116 2819
f 469 2819 6110 2837
f 469 2837 6040 2639
f 469 2639 6043 2849
f 470 2837 6110 2794
f 470 2794 6111 2840
f 470 2840 6045 2642
f 470 2642 6040 2837
f 471 2842 6105 3405
f 471 3405 6120 2839
f 471 2839 5999 3487
f 471 3487 6055 2842
f 472 2840 6111 2787
f 472 2787 6105 2842
f 472 2842 6055 2646
f 472 2646 6045 2840
f 473 2847 6100 2793
f 473 2793 6101 2843
f 473 2843 6042 2643
f 473 2643 6041 2847
f 474 3196 6291 3151
f 474 3151 6124 2845
f 474 2845 6140 3153
f 474 3153 6293 3196
f 475 2852 6118 2818
f 475 2818 6100 2847
f 475 2847 6041 2641
f 475 2641 6056 2852
f 476 2848 6122 2822
f 476 2822 6116 2849
f 476 2849 6043 2569
f 476 2569 6138 2848
f 477 2850 6133 2841
f 477 2841 6121 2851
f 477 2851 6137 2867
f 477 2867 6148 2850
f 478 3491 6119 2846
f 478 2846 6118 2852
f 478 2852 6056 3479
f 478 3479 6005 3491
f 479 2866 6424 3492
f 479 3492 6422 3454
f 479 3454 6130 2897
f 479 2897 6163 2866
f 480 3376 6419 3490
f 480 3490 6433 3465
f 480 3465 6151 3526
f 480 3526 6117 3376
f 481 2862 6420 3489
f 481 3489 6423 3455
f 481 3455 6162 2890
f 481 2890 6134 2862
f 482 2871 6428 3488
f 482 3488 6420 2862
f 482 2862 6134 2832
f 482 2832 6131 2871
f 483 2873 6430 3486
f 483 3486 6421 3383
f 483 3383 6126 3407
f 483 3407 6152 2873
f 484 3454 6422 3485
f 484 3485 6425 3457
f 484 3457 6136 2831
f 484 2831 6130 3454
f 485 3195 6436 3484
f 485 3484 6424 2866
f 485 2866 6163 2882
f 485 2882 6296 3195
f 486 3383 6421 3349
f 486 3349 6426 3458
f 486 3458 6127 2828
f 486 2828 6126 3383
f 487 3457 6425 3482
f 487 3482 6427 3459
f 487 3459 6135 2833
f 487 2833 6136 3457
f 488 3458 6426 3481
f 488 3481 6431 3463
f 488 3463 6155 2894
f 488 2894 6127 3458
f 489 3459 6427 3480
f 489 3480 6429 3461
f 489 3461 6128 2829
f 489 2829 6135 3459
f 490 2875 6432 3374
f 490 3374 6419 3376
f 490 3376 6117 2887
f 490 2887 6154 2875
f 491 2877 6434 3478
f 491 3478 6428 2871
f 491 2871 6131 2824
f 491 2824 6104 2877
f 492 3461 6429 3477
f 492 3477 6430 2873
f 492 2873 6152 2825
f 492 2825 6128 3461
f 493 3194 6435 3476
f 493 3476 6432 2875
f 493 2875 6154 3155
f 493 3155 6295 3194
f 494 3465 6433 3475
f 494 3475 6434 2877
f 494 2877 6104 2826
f 494 2826 6151 3465
f 495 3193 6295 3155
f 495 3155 6154 2902
f 495 2902 6170 3157
f 495 3157 6297 3193
f 496 2898 6136 2833
f 496 2833 6135 2904
f 496 2904 6145 2638
f 496 2638 6168 2898
f 497 2895 6163 2897
f 497 2897 6130 2896
f 497 2896 6167 2916
f 497 2916 6173 2895
f 498 2903 6117 3526
f 498 3526 6151 2892
f 498 2892 6150 3375
f 498 3375 6057 2903
f 499 2901 6131 2832
f 499 2832 6134 2891
f 499 2891 6169 2644
f 499 2644 6144 2901
f 500 2891 6134 2890
f 500 2890 6162 2893
f 500 2893 6172 2911
f 500 2911 6169 2891
f 501 2892 6151 2826
f 501 2826 6104 2900
f 501 2900 6143 2856
f 501 2856 6150 2892
f 502 3192 6296 2882
f 502 2882 6163 2895
f 502 2895 6173 2909
f 502 2909 6298 3192
f 503 2905 6128 2825
f 503 2825 6152 2906
f 503 2906 6146 2857
f 503 2857 6142 2905
f 504 2896 6130 2831
f 504 2831 6136 2898
f 504 2898 6168 2647
f 504 2647 6167 2896
f 505 2907 6127 2894
f 505 2894 6155 2899
f 505 2899 6171 2914
f 505 2914 6044 2907
f 506 2900 6104 2824
f 506 2824 6131 2901
f 506 2901 6144 2858
f 506 2858 6143 2900
f 507 2902 6154 2887
f 507 2887 6117 2903
f 507 2903 6057 2910
f 507 2910 6170 2902
f 508 2904 6135 2829
f 508 2829 6128 2905
f 508 2905 6142 2854
f 508 2854 6145 2904
f 509 2906 6152 3407
f 509 3407 6126 3408
f 509 3408 6149 2860
f 509 2860 6146 2906
f 510 3408 6126 2828
f 510 2828 6127 2907
f 510 2907 6044 3410
f 510 3410 6149 3408
f 511 2913 6150 2856
f 511 2856 6143 2925
f 511 2925 6129 2881
f 511 2881 6174 2913
f 512 3191 6297 3157
f 512 3157 6170 2923
f 512 2923 6177 3159
f 512 3159 6299 3191
f 513 2912 6167 2647
f 513 2647 6168 2919
f 513 2919 6166 2886
f 513 2886 6160 2912
f 514 2918 6173 2916
f 514 2916 6167 2912
f 514 2912 6160 2946
f 514 2946 6186 2918
f 515 2924 6057 3375
f 515 3375 6150 2913
f 515 2913 6174 3524
f 515 3524 6153 2924
f 516 2928 6146 2860
f 516 2860 6149 3404
f 516 3404 6156 3409
f 516 3409 6175 2928
f 517 2915 6169 2911
f 517 2911 6172 2917
f 517 2917 6185 2939
f 517 2939 6164 2915
f 518 3404 6149 3410
f 518 3410 6044 2921
f 518 2921 6157 2883
f 518 2883 6156 3404
f 519 2926 6144 2644
f 519 2644 6169 2915
f 519 2915 6164 2888
f 519 2888 6161 2926
f 520 3190 6298 2909
f 520 2909 6173 2918
f 520 2918 6186 2931
f 520 2931 6300 3190
f 521 2920 6145 2854
f 521 2854 6142 2927
f 521 2927 6158 2884
f 521 2884 6165 2920
f 522 2919 6168 2638
f 522 2638 6145 2920
f 522 2920 6165 2889
f 522 2889 6166 2919
f 523 2921 6044 2914
f 523 2914 6171 2922
f 523 2922 6178 2944
f 523 2944 6157 2921
f 524 2923 6170 2910
f 524 2910 6057 2924
f 524 2924 6153 2936
f 524 2936 6177 2923
f 525 2925 6143 2858
f 525 2858 6144 2926
f 525 2926 6161 2879
f 525 2879 6129 2925
f 526 2927 6142 2857
f 526 2857 6146 2928
f 526 2928 6175 2880
f 526 2880 6158 2927
f 527 2941 6174 2881
f 527 2881 6129 2943
f 527 2943 6195 2959
f 527 2959 6190 2941
f 528 3189 6299 3159
f 528 3159 6177 2951
f 528 2951 6202 3161
f 528 3161 6301 3189
f 529 2945 6158 2880
f 529 2880 6175 2942
f 529 2942 6192 2958
f 529 2958 6196 2945
f 530 2940 6160 2886
f 530 2886 6166 2952
f 530 2952 6200 2961
f 530 2961 6199 2940
f 531 2948 6186 2946
f 531 2946 6160 2940
f 531 2940 6199 2973
f 531 2973 6205 2948
f 532 3385 6153 3524
f 532 3524 6174 2941
f 532 2941 6190 2978
f 532 2978 6197 3385
f 533 2942 6175 3409
f 533 3409 6156 3429
f 533 3429 6191 2956
f 533 2956 6192 2942
f 534 2943 6129 2879
f 534 2879 6161 2954
f 534 2954 6194 2957
f 534 2957 6195 2943
f 535 2955 6164 2939
f 535 2939 6185 2947
f 535 2947 6204 2966
f 535 2966 6201 2955
f 536 2953 6165 2884
f 536 2884 6158 2945
f 536 2945 6196 2960
f 536 2960 6193 2953
f 537 3188 6300 2931
f 537 2931 6186 2948
f 537 2948 6205 2965
f 537 2965 6302 3188
f 538 3429 6156 2883
f 538 2883 6157 2949
f 538 2949 6198 3423
f 538 3423 6191 3429
f 539 2949 6157 2944
f 539 2944 6178 2950
f 539 2950 6203 2970
f 539 2970 6198 2949
f 540 2951 6177 2936
f 540 2936 6153 3385
f 540 3385 6197 3350
f 540 3350 6202 2951
f 541 2952 6166 2889
f 541 2889 6165 2953
f 541 2953 6193 2963
f 541 2963 6200 2952
f 542 2954 6161 2888
f 542 2888 6164 2955
f 542 2955 6201 2962
f 542 2962 6194 2954
f 543 2967 6198 2970
f 543 2970 6203 2968
f 543 2968 6211 3001
f 543 3001 6159 2967
f 544 2974 6192 2956
f 544 2956 6191 2980
f 544 2980 6187 2937
f 544 2937 6184 2974
f 545 2969 6202 3350
f 545 3350 6197 3520
f 545 3520 6176 2994
f 545 2994 6210 2969
f 546 2971 6193 2960
f 546 2960 6196 2972
f 546 2972 6179 2930
f 546 2930 6182 2971
f 547 2980 6191 3423
f 547 3423 6198 2967
f 547 2967 6159 3428
f 547 3428 6187 2980
f 548 3187 6301 3161
f 548 3161 6202 2969
f 548 2969 6210 3163
f 548 3163 6303 3187
f 549 2975 6190 2959
f 549 2959 6195 2977
f 549 2977 6180 2932
f 549 2932 6188 2975
f 550 2982 6200 2963
f 550 2963 6193 2971
f 550 2971 6182 2786
f 550 2786 6208 2982
f 551 2984 6205 2973
f 551 2973 6199 2981
f 551 2981 6207 3004
f 551 3004 6219 2984
f 552 2972 6196 2958
f 552 2958 6192 2974
f 552 2974 6184 2933
f 552 2933 6179 2972
f 553 3520 6197 2978
f 553 2978 6190 2975
f 553 2975 6188 3521
f 553 3521 6176 3520
f 554 2976 6201 2966
f 554 2966 6204 2983
f 554 2983 6218 2997
f 554 2997 6209 2976
f 555 2979 6194 2962
f 555 2962 6201 2976
f 555 2976 6209 2830
f 555 2830 6181 2979
f 556 2977 6195 2957
f 556 2957 6194 2979
f 556 2979 6181 2934
f 556 2934 6180 2977
f 557 2981 6199 2961
f 557 2961 6200 2982
f 557 2982 6208 2885
f 557 2885 6207 2981
f 558 3186 6302 2965
f 558 2965 6205 2984
f 558 2984 6219 2989
f 558 2989 6306 3186
f 559 3009 6183 3006
f 559 3006 6207 3042
f 559 3042 6233 3039
f 559 3039 6239 3009
f 560 3000 6214 2995
f 560 2995 6181 2830
f 560 2830 6209 2997
f 560 2997 6218 3000
f 561 3006 6183 3002
f 561 3002 6215 2990
f 561 2990 6219 3004
f 561 3004 6207 3006
f 562 3167 6307 3185
f 562 3185 6305 2988
f 562 2988 6217 2991
f 562 2991 6213 3167
f 563 2985 6303 3523
f 563 3523 6307 3167
f 563 3167 6213 3432
f 563 3432 6211 2985
f 564 2988 6305 3184
f 564 3184 6304 2987
f 564 2987 6215 2992
f 564 2992 6217 2988
f 565 2996 6180 2934
f 565 2934 6181 2995
f 565 2995 6214 2998
f 565 2998 6216 2996
f 566 2994 6176 3521
f 566 3521 6188 2938
f 566 2938 6189 3434
f 566 3434 6210 2994
f 567 2938 6188 2932
f 567 2932 6180 2996
f 567 2996 6216 2999
f 567 2999 6189 2938
f 568 3183 6304 3164
f 568 3164 6214 3000
f 568 3000 6218 3166
f 568 3166 6306 3183
f 569 3433 6187 3428
f 569 3428 6159 2935
f 569 2935 6236 3035
f 569 3035 6237 3433
f 570 2986 6213 2991
f 570 2991 6217 3003
f 570 3003 6206 3007
f 570 3007 6212 2986
f 571 3001 6211 3432
f 571 3432 6213 2986
f 571 2986 6212 3525
f 571 3525 6159 3001
f 572 3003 6217 2992
f 572 2992 6215 3002
f 572 3002 6183 3008
f 572 3008 6206 3003
f 573 3005 6206 3008
f 573 3008 6183 3009
f 573 3009 6239 3041
f 573 3041 6234 3005
f 574 3022 6225 3019
f 574 3019 6222 3021
f 574 3021 6241 3053
f 574 3053 6244 3022
f 575 3020 6228 3016
f 575 3016 6227 3025
f 575 3025 6246 3051
f 575 3051 6247 3020
f 576 3182 6308 3168
f 576 3168 6223 3027
f 576 3027 6242 3170
f 576 3170 6310 3182
f 577 3030 6226 3015
f 577 3015 6225 3022
f 577 3022 6244 3050
f 577 3050 6245 3030
f 578 3292 6348 3260
f 578 3260 7173 3026
f 578 3026 7194 3262
f 578 3262 6350 3292
f 579 3027 6223 3018
f 579 3018 6228 3020
f 579 3020 6247 3052
f 579 3052 6242 3027
f 580 3430 6413 3378
f 580 3378 6224 3029
f 580 3029 6243 3379
f 580 3379 6414 3430
f 581 3029 6224 3023
f 581 3023 6226 3030
f 581 3030 6245 3057
f 581 3057 6243 3029
f 582 3035 6236 3431
f 582 3431 6240 3038
f 582 3038 6238 3522
f 582 3522 6237 3035
f 583 3033 6234 3041
f 583 3041 6239 3037
f 583 3037 6232 3034
f 583 3034 6235 3033
f 584 3038 6240 3040
f 584 3040 6234 3033
f 584 3033 6235 3036
f 584 3036 6238 3038
f 585 3031 6232 3037
f 585 3037 6239 3039
f 585 3039 6233 3032
f 585 3032 6231 3031
f 586 3042 6207 2885
f 586 2885 6208 3045
f 586 3045 6231 3032
f 586 3032 6233 3042
f 587 3043 6184 2937
f 587 2937 6187 3433
f 587 3433 6237 3522
f 587 3522 6238 3043
f 588 3046 6212 3007
f 588 3007 6206 3005
f 588 3005 6234 3040
f 588 3040 6240 3046
f 589 2935 6159 3525
f 589 3525 6212 3046
f 589 3046 6240 3431
f 589 3431 6236 2935
f 590 3045 6208 2786
f 590 2786 6182 3047
f 590 3047 6232 3031
f 590 3031 6231 3045
f 591 3047 6182 2930
f 591 2930 6179 3044
f 591 3044 6235 3034
f 591 3034 6232 3047
f 592 3056 6559 3797
f 592 3797 6558 3772
f 592 3772 6230 3070
f 592 3070 6249 3056
f 593 3054 6557 3796
f 593 3796 6560 3774
f 593 3774 6251 3066
f 593 3066 6252 3054
f 594 3181 6564 3795
f 594 3795 6561 3776
f 594 3776 6229 3169
f 594 3169 6309 3181
f 595 3064 6563 3794
f 595 3794 6559 3056
f 595 3056 6249 3065
f 595 3065 6250 3064
f 596 3290 6566 3793
f 596 3793 7525 3060
f 596 3060 7201 3264
f 596 3264 6352 3290
f 597 3776 6561 3792
f 597 3792 6557 3054
f 597 3054 6252 3068
f 597 3068 6229 3776
f 598 3427 6568 3791
f 598 3791 6562 3778
f 598 3778 6248 3377
f 598 3377 6412 3427
f 599 3778 6562 3790
f 599 3790 6563 3064
f 599 3064 6250 3074
f 599 3074 6248 3778
f 600 3017 6248 3074
f 600 3074 6250 3076
f 600 3076 6259 3096
f 600 3096 6255 3017
f 601 3077 6249 3070
f 601 3070 6230 3081
f 601 3081 6254 3092
f 601 3092 6258 3077
f 602 3080 6252 3066
f 602 3066 6251 3078
f 602 3078 6260 3088
f 602 3088 6261 3080
f 603 3426 6412 3377
f 603 3377 6248 3017
f 603 3017 6255 3381
f 603 3381 6416 3426
f 604 3076 6250 3065
f 604 3065 6249 3077
f 604 3077 6258 3087
f 604 3087 6259 3076
f 605 3287 6352 3264
f 605 3264 7201 3079
f 605 3079 7216 3267
f 605 3267 6355 3287
f 606 3071 6229 3068
f 606 3068 6252 3080
f 606 3080 6261 3090
f 606 3090 6256 3071
f 607 3180 6309 3169
f 607 3169 6229 3071
f 607 3071 6256 3173
f 607 3173 6313 3180
f 608 3179 6313 3173
f 608 3173 6256 3086
f 608 3086 6253 3171
f 608 3171 6311 3179
f 609 3089 6259 3087
f 609 3087 6258 3101
f 609 3101 6264 3104
f 609 3104 6265 3089
f 610 3286 6355 3267
f 610 3267 7216 3099
f 610 3099 7223 3268
f 610 3268 6356 3286
f 611 3086 6256 3090
f 611 3090 6261 3102
f 611 3102 6267 3107
f 611 3107 6253 3086
f 612 3425 6416 3381
f 612 3381 6255 3100
f 612 3100 6220 3380
f 612 3380 6415 3425
f 613 3100 6255 3096
f 613 3096 6259 3089
f 613 3089 6265 3110
f 613 3110 6220 3100
f 614 3101 6258 3092
f 614 3092 6254 3085
f 614 3085 6221 3108
f 614 3108 6264 3101
f 615 3102 6261 3088
f 615 3088 6260 3103
f 615 3103 6266 3105
f 615 3105 6267 3102
f 616 3424 6415 3380
f 616 3380 6220 3112
f 616 3112 6262 3382
f 616 3382 6417 3424
f 617 3010 6265 3104
f 617 3104 6264 3113
f 617 3113 6269 3117
f 617 3117 6270 3010
f 618 3283 6356 3268
f 618 3268 7223 3109
f 618 3109 7230 3270
f 618 3270 6358 3283
f 619 3106 6253 3107
f 619 3107 6267 3115
f 619 3115 6272 3120
f 619 3120 6268 3106
f 620 3112 6220 3110
f 620 3110 6265 3010
f 620 3010 6270 3126
f 620 3126 6262 3112
f 621 3178 6311 3171
f 621 3171 6253 3106
f 621 3106 6268 3172
f 621 3172 6312 3178
f 622 3113 6264 3108
f 622 3108 6221 3114
f 622 3114 6263 3122
f 622 3122 6269 3113
f 623 3115 6267 3105
f 623 3105 6266 3116
f 623 3116 6271 3118
f 623 3118 6272 3115
f 624 3282 6360 3272
f 624 3272 7211 3123
f 624 3123 7204 3094
f 624 3094 6354 3282
f 625 3281 6361 3273
f 625 3273 7273 3174
f 625 3174 7209 3269
f 625 3269 6357 3281
f 626 3280 6358 3270
f 626 3270 7230 3119
f 626 3119 7224 3271
f 626 3271 6359 3280
f 627 3279 6357 3269
f 627 3269 7209 3098
f 627 3098 7211 3272
f 627 3272 6360 3279
f 628 3122 6263 3095
f 628 3095 6257 3130
f 628 3130 6274 3124
f 628 3124 6269 3122
f 629 3120 6272 3118
f 629 3118 6271 3131
f 629 3131 6273 3121
f 629 3121 6268 3120
f 630 3082 6312 3176
f 630 3176 6314 3132
f 630 3132 6257 3095
f 630 3095 6263 3082
f 631 3117 6269 3124
f 631 3124 6274 3133
f 631 3133 6262 3126
f 631 3126 6270 3117
f 632 3172 6268 3121
f 632 3121 6273 3175
f 632 3175 6314 3176
f 632 3176 6312 3172
f 633 3278 6359 3271
f 633 3271 7224 3091
f 633 3091 7273 3273
f 633 3273 6361 3278
f 634 3114 6221 3072
f 634 3072 6311 3178
f 634 3178 6312 3082
f 634 3082 6263 3114
f 635 3085 6254 3084
f 635 3084 6313 3179
f 635 3179 6311 3072
f 635 3072 6221 3085
f 636 3081 6230 3013
f 636 3013 6309 3180
f 636 3180 6313 3084
f 636 3084 6254 3081
f 637 3772 6558 3789
f 637 3789 6564 3181
f 637 3181 6309 3013
f 637 3013 6230 3772
f 638 3021 6222 3012
f 638 3012 6308 3182
f 638 3182 6310 3048
f 638 3048 6241 3021
f 639 2990 6215 2987
f 639 2987 6304 3183
f 639 3183 6306 2989
f 639 2989 6219 2990
f 640 3165 6216 2998
f 640 2998 6214 3164
f 640 3164 6304 3184
f 640 3184 6305 3165
f 641 3163 6210 3434
f 641 3434 6189 2993
f 641 2993 6307 3523
f 641 3523 6303 3163
f 642 2993 6189 2999
f 642 2999 6216 3165
f 642 3165 6305 3185
f 642 3185 6307 2993
f 643 2983 6204 3162
f 643 3162 6302 3186
f 643 3186 6306 3166
f 643 3166 6218 2983
f 644 2968 6203 2964
f 644 2964 6301 3187
f 644 3187 6303 2985
f 644 2985 6211 2968
f 645 2947 6185 3160
f 645 3160 6300 3188
f 645 3188 6302 3162
f 645 3162 6204 2947
f 646 2950 6178 2929
f 646 2929 6299 3189
f 646 3189 6301 2964
f 646 2964 6203 2950
f 647 2917 6172 3158
f 647 3158 6298 3190
f 647 3190 6300 3160
f 647 3160 6185 2917
f 648 2922 6171 2908
f 648 2908 6297 3191
f 648 3191 6299 2929
f 648 2929 6178 2922
f 649 2893 6162 3156
f 649 3156 6296 3192
f 649 3192 6298 3158
f 649 3158 6172 2893
f 650 2899 6155 2878
f 650 2878 6295 3193
f 650 3193 6297 2908
f 650 2908 6171 2899
f 651 3463 6431 3474
f 651 3474 6435 3194
f 651 3194 6295 2878
f 651 2878 6155 3463
f 652 3455 6423 3473
f 652 3473 6436 3195
f 652 3195 6296 3156
f 652 3156 6162 3455
f 653 2844 6125 2823
f 653 2823 6291 3196
f 653 3196 6293 2853
f 653 2853 6141 2844
f 654 2836 6132 3152
f 654 3152 6292 3197
f 654 3197 6294 3154
f 654 3154 6147 2836
f 655 2815 6093 2774
f 655 2774 6289 3198
f 655 3198 6308 3012
f 655 3012 6222 2815
f 656 3500 6442 3511
f 656 3511 6444 3199
f 656 3199 6289 2774
f 656 2774 6093 3500
f 657 2734 6321 3226
f 657 3226 6322 3200
f 657 3200 6288 2736
f 657 2736 6081 2734
f 658 2709 6059 2662
f 658 2662 6285 3201
f 658 3201 6287 2720
f 658 2720 6074 2709
f 659 2695 6060 2688
f 659 2688 6286 3202
f 659 3202 6285 2662
f 659 2662 6059 2695
f 660 2675 6048 2601
f 660 2601 6280 3203
f 660 3203 6286 2688
f 660 2688 6060 2675
f 661 2528 5979 2521
f 661 2521 6275 3204
f 661 3204 6280 2601
f 661 2601 6048 2528
f 662 2657 6039 2637
f 662 2637 6283 3205
f 662 3205 6291 2823
f 662 2823 6125 2657
f 663 2650 6046 3144
f 663 3144 6284 3206
f 663 3206 6292 3152
f 663 3152 6132 2650
f 664 2619 6027 2605
f 664 2605 6281 3207
f 664 3207 6283 2637
f 664 2637 6039 2619
f 665 2627 6031 3142
f 665 3142 6282 3208
f 665 3208 6284 3144
f 665 3144 6046 2627
f 666 2592 6004 2568
f 666 2568 6278 3209
f 666 3209 6281 2605
f 666 2605 6027 2592
f 667 2578 6011 3139
f 667 3139 6279 3210
f 667 3210 6282 3142
f 667 3142 6031 2578
f 668 2551 6900 2519
f 668 2519 7233 3444
f 668 3444 6276 2522
f 668 2522 5980 2551
f 669 3213 5982 3135
f 669 3135 6275 2526
f 669 2526 6277 3137
f 669 3137 5984 3213
f 670 2529 5984 3137
f 670 3137 6277 3214
f 670 3214 6279 3139
f 670 3139 6011 2529
f 671 2555 5980 2522
f 671 2522 6276 3215
f 671 3215 6278 2568
f 671 2568 6004 2555
f 672 3224 6074 2720
f 672 2720 6287 3225
f 672 3225 6322 3226
f 672 3226 6321 3224
f 673 2733 6075 2726
f 673 2726 6074 3224
f 673 3224 6321 3227
f 673 3227 6320 2733
f 674 3422 6406 3368
f 674 3368 6072 3222
f 674 3222 6319 3384
f 674 3384 6418 3422
f 675 3222 6072 2728
f 675 2728 6076 3218
f 675 3218 6316 3229
f 675 3229 6319 3222
f 676 2727 6073 2725
f 676 2725 6078 3216
f 676 3216 6315 3230
f 676 3230 6317 2727
f 677 3276 6335 3247
f 677 3247 7011 3217
f 677 3217 7276 3275
f 677 3275 6363 3276
f 678 3218 6076 2722
f 678 2722 6075 2733
f 678 2733 6320 3232
f 678 3232 6316 3218
f 679 3225 6287 3147
f 679 3147 6073 2727
f 679 2727 6317 3233
f 679 3233 6322 3225
f 680 3216 6078 2723
f 680 2723 6077 2730
f 680 2730 6318 3234
f 680 3234 6315 3216
f 681 3421 6383 3343
f 681 3343 6335 3276
f 681 3276 6363 3361
f 681 3361 6399 3421
f 682 2731 7004 2718
f 682 2718 6334 3277
f 682 3277 6362 3228
f 682 3228 7280 2731
f 683 3420 6396 3358
f 683 3358 6359 3278
f 683 3278 6361 3360
f 683 3360 6398 3420
f 684 3419 6394 3356
f 684 3356 6357 3279
f 684 3279 6360 3359
f 684 3359 6397 3419
f 685 3418 6395 3357
f 685 3357 6358 3280
f 685 3280 6359 3358
f 685 3358 6396 3418
f 686 3417 6398 3360
f 686 3360 6361 3281
f 686 3281 6357 3356
f 686 3356 6394 3417
f 687 3416 6397 3359
f 687 3359 6360 3282
f 687 3282 6354 3266
f 687 3266 6417 3416
f 688 3415 6393 3355
f 688 3355 6356 3283
f 688 3283 6358 3357
f 688 3357 6395 3415
f 689 3069 7203 3067
f 689 3067 6351 3284
f 689 3284 6354 3094
f 689 3094 7204 3069
f 690 3093 7207 3083
f 690 3083 6353 3285
f 690 3285 6351 3067
f 690 3067 7203 3093
f 691 3414 6392 3354
f 691 3354 6355 3286
f 691 3286 6356 3355
f 691 3355 6393 3414
f 692 3413 6391 3353
f 692 3353 6352 3287
f 692 3287 6355 3354
f 692 3354 6392 3413
f 693 3073 7196 3011
f 693 3011 6346 3288
f 693 3288 6353 3083
f 693 3083 7207 3073
f 694 3777 7527 3788
f 694 3788 6565 3289
f 694 3289 6346 3011
f 694 3011 7196 3777
f 695 3412 6567 3787
f 695 3787 6566 3290
f 695 3290 6352 3353
f 695 3353 6391 3412
f 696 3028 7168 3014
f 696 3014 6347 3291
f 696 3291 6349 3049
f 696 3049 7189 3028
f 697 3411 6389 3351
f 697 3351 6348 3292
f 697 3292 6350 3352
f 697 3352 6390 3411
f 698 2809 7030 2778
f 698 2778 6342 3293
f 698 3293 6347 3014
f 698 3014 7168 2809
f 699 3403 6388 3348
f 699 3348 6345 3294
f 699 3294 6348 3351
f 699 3351 6389 3403
f 700 3495 7401 3510
f 700 3510 6445 3295
f 700 3295 6342 2778
f 700 2778 7030 3495
f 701 3402 6447 3509
f 701 3509 6446 3296
f 701 3296 6345 3348
f 701 3348 6388 3402
f 702 2781 7029 2766
f 702 2766 6340 3297
f 702 3297 6343 2783
f 702 2783 7040 2781
f 703 3401 6386 3346
f 703 3346 6341 3298
f 703 3298 6344 3347
f 703 3347 6387 3401
f 704 2764 7022 2751
f 704 2751 6338 3299
f 704 3299 6340 2766
f 704 2766 7029 2764
f 705 3400 6385 3345
f 705 3345 6339 3300
f 705 3300 6341 3346
f 705 3346 6386 3400
f 706 3399 6384 3344
f 706 3344 6337 3301
f 706 3301 6339 3345
f 706 3345 6385 3399
f 707 2740 7013 2735
f 707 2735 6336 3302
f 707 3302 6338 2751
f 707 2751 7022 2740
f 708 3221 7280 3228
f 708 3228 6362 3303
f 708 3303 6336 2735
f 708 2735 7013 3221
f 709 3398 6399 3361
f 709 3361 6363 3304
f 709 3304 6337 3344
f 709 3344 6384 3398
f 710 3397 6382 3342
f 710 3342 6333 3305
f 710 3305 6335 3343
f 710 3343 6383 3397
f 711 2712 6997 2597
f 711 2597 6326 3306
f 711 3306 6334 2718
f 711 2718 7004 2712
f 712 3396 6381 3341
f 712 3341 6332 3307
f 712 3307 6333 3342
f 712 3342 6382 3396
f 713 2687 6990 2689
f 713 2689 6331 3308
f 713 3308 6326 2597
f 713 2597 6997 2687
f 714 3533 6874 2479
f 714 2479 6868 3240
f 714 3240 6328 3533
f 715 2472 6866 2477
f 715 2477 6323 3309
f 715 3309 6325 2486
f 715 2486 6877 2472
f 716 2557 6877 2486
f 716 2486 6325 3310
f 716 3310 6327 2607
f 716 2607 6953 2557
f 717 2676 6953 2607
f 717 2607 6327 3311
f 717 3311 6331 2689
f 717 2689 6990 2676
f 718 3395 6380 3340
f 718 3340 6330 3312
f 718 3312 6332 3341
f 718 3341 6381 3395
f 719 3389 6379 3339
f 719 3339 6329 3313
f 719 3313 6330 3340
f 719 3340 6380 3389
f 720 3388 6378 3338
f 720 3338 6328 3314
f 720 3314 6329 3339
f 720 3339 6379 3388
f 721 3236 6401 3387
f 721 3387 6400 3235
f 721 3235 6323 3315
f 721 3315 6324 3236
f 722 3390 6865 3386
f 722 3386 6401 3236
f 722 3236 6324 3390
f 723 2749 6109 2791
f 723 2791 6102 2773
f 723 2773 6369 3324
f 723 3324 6364 2749
f 724 2753 6080 2739
f 724 2739 6085 2761
f 724 2761 6367 3325
f 724 3325 6365 2753
f 725 3318 6094 2762
f 725 2762 6087 2772
f 725 2772 6368 3326
f 725 3326 6372 3318
f 726 3321 6103 2792
f 726 2792 6106 2758
f 726 2758 6366 3327
f 726 3327 6375 3321
f 727 3320 6082 2741
f 727 2741 6081 3317
f 727 3317 6371 3328
f 727 3328 6374 3320
f 728 2758 6106 2779
f 728 2779 6094 3318
f 728 3318 6372 3329
f 728 3329 6366 2758
f 729 2761 6085 2750
f 729 2750 6090 3319
f 729 3319 6373 3330
f 729 3330 6367 2761
f 730 2772 6087 2746
f 730 2746 6082 3320
f 730 3320 6374 3331
f 730 3331 6368 2772
f 731 3323 6290 2785
f 731 2785 6103 3321
f 731 3321 6375 3332
f 731 3332 6377 3323
f 732 3322 6288 3148
f 732 3148 6080 2753
f 732 2753 6365 3333
f 732 3333 6376 3322
f 733 3319 6090 2752
f 733 2752 6097 3316
f 733 3316 6370 3334
f 733 3334 6373 3319
f 734 3316 6097 2767
f 734 2767 6109 2749
f 734 2749 6364 3335
f 734 3335 6370 3316
f 735 3317 6081 2736
f 735 2736 6288 3322
f 735 3322 6376 3336
f 735 3336 6371 3317
f 736 2773 6102 3150
f 736 3150 6290 3323
f 736 3323 6377 3337
f 736 3337 6369 2773
f 737 3386 6865 3392
f 737 3392 6050 3363
f 737 3363 6401 3386
f 738 3363 6050 2686
f 738 2686 6049 3362
f 738 3362 6400 3387
f 738 3387 6401 3363
f 739 2685 5978 2663
f 739 2663 6378 3388
f 739 3388 6379 2666
f 739 2666 6051 2685
f 740 2684 6051 2666
f 740 2666 6379 3389
f 740 3389 6380 2669
f 740 2669 6054 2684
f 741 2596 6054 2669
f 741 2669 6380 3395
f 741 3395 6381 2697
f 741 2697 6065 2596
f 742 2700 6065 2697
f 742 2697 6381 3396
f 742 3396 6382 2711
f 742 2711 6070 2700
f 743 2716 6070 2711
f 743 2711 6382 3397
f 743 3397 6383 2729
f 743 2729 6077 2716
f 744 3220 6318 3231
f 744 3231 6399 3398
f 744 3398 6384 2744
f 744 2744 6084 3220
f 745 2747 6084 2744
f 745 2744 6384 3399
f 745 3399 6385 2760
f 745 2760 6089 2747
f 746 2763 6089 2760
f 746 2760 6385 3400
f 746 3400 6386 2777
f 746 2777 6096 2763
f 747 2780 6096 2777
f 747 2777 6386 3401
f 747 3401 6387 2797
f 747 2797 6108 2780
f 748 2801 6441 3508
f 748 3508 6447 3402
f 748 3402 6388 2811
f 748 2811 6114 2801
f 749 2817 6114 2811
f 749 2811 6388 3403
f 749 3403 6389 3024
f 749 3024 6227 2817
f 750 3025 6227 3024
f 750 3024 6389 3411
f 750 3411 6390 3058
f 750 3058 6246 3025
f 751 3774 6560 3786
f 751 3786 6567 3412
f 751 3412 6391 3075
f 751 3075 6251 3774
f 752 3078 6251 3075
f 752 3075 6391 3413
f 752 3413 6392 3097
f 752 3097 6260 3078
f 753 3103 6260 3097
f 753 3097 6392 3414
f 753 3414 6393 3111
f 753 3111 6266 3103
f 754 3116 6266 3111
f 754 3111 6393 3415
f 754 3415 6395 3127
f 754 3127 6271 3116
f 755 3133 6274 3129
f 755 3129 6397 3416
f 755 3416 6417 3382
f 755 3382 6262 3133
f 756 3132 6314 3177
f 756 3177 6398 3417
f 756 3417 6394 3125
f 756 3125 6257 3132
f 757 3131 6271 3127
f 757 3127 6395 3418
f 757 3418 6396 3128
f 757 3128 6273 3131
f 758 3130 6257 3125
f 758 3125 6394 3419
f 758 3419 6397 3129
f 758 3129 6274 3130
f 759 3175 6273 3128
f 759 3128 6396 3420
f 759 3420 6398 3177
f 759 3177 6314 3175
f 760 2730 6077 2729
f 760 2729 6383 3421
f 760 3421 6399 3231
f 760 3231 6318 2730
f 761 3277 6334 3246
f 761 3246 6406 3422
f 761 3422 6418 3274
f 761 3274 6362 3277
f 762 3284 6351 3263
f 762 3263 6415 3424
f 762 3424 6417 3266
f 762 3266 6354 3284
f 763 3285 6353 3265
f 763 3265 6416 3425
f 763 3425 6415 3263
f 763 3263 6351 3285
f 764 3288 6346 3258
f 764 3258 6412 3426
f 764 3426 6416 3265
f 764 3265 6353 3288
f 765 3289 6565 3785
f 765 3785 6568 3427
f 765 3427 6412 3258
f 765 3258 6346 3289
f 766 3291 6347 3259
f 766 3259 6413 3430
f 766 3430 6414 3261
f 766 3261 6349 3291
f 767 3293 6342 3254
f 767 3254 6410 3435
f 767 3435 6413 3259
f 767 3259 6347 3293
f 768 3295 6445 3507
f 768 3507 6448 3436
f 768 3436 6410 3254
f 768 3254 6342 3295
f 769 3297 6340 3252
f 769 3252 6409 3437
f 769 3437 6411 3255
f 769 3255 6343 3297
f 770 3299 6338 3250
f 770 3250 6408 3438
f 770 3438 6409 3252
f 770 3252 6340 3299
f 771 3302 6336 3248
f 771 3248 6407 3439
f 771 3439 6408 3250
f 771 3250 6338 3302
f 772 3303 6362 3274
f 772 3274 6418 3440
f 772 3440 6407 3248
f 772 3248 6336 3303
f 773 3306 6326 3238
f 773 3238 6403 3441
f 773 3441 6406 3246
f 773 3246 6334 3306
f 774 3308 6331 3243
f 774 3243 6405 3442
f 774 3442 6403 3238
f 774 3238 6326 3308
f 775 3534 6874 3533
f 775 3533 6328 3338
f 775 3338 6378 3534
f 776 3309 6323 3235
f 776 3235 6400 3443
f 776 3443 6402 3237
f 776 3237 6325 3309
f 777 3310 6325 3237
f 777 3237 6402 3446
f 777 3446 6404 3239
f 777 3239 6327 3310
f 778 3311 6327 3239
f 778 3239 6404 3450
f 778 3450 6405 3243
f 778 3243 6331 3311
f 779 2865 6147 3154
f 779 3154 6294 3468
f 779 3468 6436 3473
f 779 3473 6423 2865
f 780 2874 6141 2853
f 780 2853 6293 3467
f 780 3467 6435 3474
f 780 3474 6431 2874
f 781 2876 6056 2641
f 781 2641 6041 3466
f 781 3466 6434 3475
f 781 3475 6433 2876
f 782 3467 6293 3153
f 782 3153 6140 3464
f 782 3464 6432 3476
f 782 3476 6435 3467
f 783 2872 6040 2642
f 783 2642 6045 3462
f 783 3462 6430 3477
f 783 3477 6429 2872
f 784 3466 6041 2643
f 784 2643 6042 3460
f 784 3460 6428 3478
f 784 3478 6434 3466
f 785 3464 6140 2859
f 785 2859 6005 3451
f 785 3451 6419 3374
f 785 3374 6432 3464
f 786 2870 6043 2639
f 786 2639 6040 2872
f 786 2872 6429 3480
f 786 3480 6427 2870
f 787 2869 5999 2864
f 787 2864 6141 2874
f 787 2874 6431 3481
f 787 3481 6426 2869
f 788 2868 6138 2569
f 788 2569 6043 2870
f 788 2870 6427 3482
f 788 3482 6425 2868
f 789 3453 6055 3487
f 789 3487 5999 2869
f 789 2869 6426 3349
f 789 3349 6421 3453
f 790 3468 6294 2855
f 790 2855 6148 3456
f 790 3456 6424 3484
f 790 3484 6436 3468
f 791 2863 6137 2633
f 791 2633 6138 2868
f 791 2868 6425 3485
f 791 3485 6422 2863
f 792 3462 6045 2646
f 792 2646 6055 3453
f 792 3453 6421 3486
f 792 3486 6430 3462
f 793 3460 6042 2570
f 793 2570 6139 3452
f 793 3452 6420 3488
f 793 3488 6428 3460
f 794 3452 6139 2861
f 794 2861 6147 2865
f 794 2865 6423 3489
f 794 3489 6420 3452
f 795 3451 6005 3479
f 795 3479 6056 2876
f 795 2876 6433 3490
f 795 3490 6419 3451
f 796 3456 6148 2867
f 796 2867 6137 2863
f 796 2863 6422 3492
f 796 3492 6424 3456
f 797 3503 6343 3255
f 797 3255 6411 3506
f 797 3506 6448 3507
f 797 3507 6445 3503
f 798 3499 6108 2797
f 798 2797 6387 3505
f 798 3505 6447 3508
f 798 3508 6441 3499
f 799 3505 6387 3347
f 799 3347 6344 3504
f 799 3504 6446 3509
f 799 3509 6447 3505
f 800 2795 7040 2783
f 800 2783 6343 3503
f 800 3503 6445 3510
f 800 3510 7401 2795
f 801 2802 6103 2785
f 801 2785 6290 3502
f 801 3502 6444 3511
f 801 3511 6442 2802
f 802 3502 6290 3150
f 802 3150 6102 3501
f 802 3501 6443 3512
f 802 3512 6444 3502
f 803 2800 6109 2789
f 803 2789 6108 3499
f 803 3499 6441 3513
f 803 3513 6440 2800
f 804 2799 6106 2792
f 804 2792 6103 2802
f 804 2802 6442 3514
f 804 3514 6439 2799
f 805 3506 6411 3373
f 805 3373 6099 3496
f 805 3496 6438 3515
f 805 3515 6448 3506
f 806 3496 6099 2796
f 806 2796 6107 3494
f 806 3494 6437 3516
f 806 3516 6438 3496
f 807 3501 6102 2791
f 807 2791 6109 2800
f 807 2800 6440 3517
f 807 3517 6443 3501
f 808 3504 6344 3256
f 808 3256 7051 3493
f 808 3493 7399 3518
f 808 3518 6446 3504
f 809 3494 6107 2788
f 809 2788 6106 2799
f 809 2799 6439 3519
f 809 3519 6437 3494
f 810 3536 6364 3324
f 810 3324 6369 3539
f 810 3539 5942 2456
f 810 2456 5937 3536
f 811 3538 6377 3332
f 811 3332 6375 3545
f 811 3545 5948 2464
f 811 2464 5950 3538
f 812 3541 6365 3325
f 812 3325 6367 3548
f 812 3548 5940 2457
f 812 2457 5938 3541
f 813 3535 6376 3333
f 813 3333 6365 3541
f 813 3541 5938 2465
f 813 2465 5949 3535
f 814 3542 6372 3326
f 814 3326 6368 3546
f 814 3546 5941 2458
f 814 2458 5945 3542
f 815 3544 6373 3334
f 815 3334 6370 3537
f 815 3537 5943 2466
f 815 2466 5946 3544
f 816 3545 6375 3327
f 816 3327 6366 3543
f 816 3543 5939 2459
f 816 2459 5948 3545
f 817 3537 6370 3335
f 817 3335 6364 3536
f 817 3536 5937 2467
f 817 2467 5943 3537
f 818 3540 6374 3328
f 818 3328 6371 3547
f 818 3547 5944 2460
f 818 2460 5947 3540
f 819 3547 6371 3336
f 819 3336 6376 3535
f 819 3535 5949 2468
f 819 2468 5944 3547
f 820 3543 6366 3329
f 820 3329 6372 3542
f 820 3542 5945 2461
f 820 2461 5939 3543
f 821 3539 6369 3337
f 821 3337 6377 3538
f 821 3538 5950 2469
f 821 2469 5942 3539
f 822 3548 6367 3330
f 822 3330 6373 3544
f 822 3544 5946 2462
f 822 2462 5940 3548
f 823 3546 6368 3331
f 823 3331 6374 3540
f 823 3540 5947 2463
f 823 2463 5941 3546
f 824 3555 5820 2199
f 824 2199 5819 2244
f 824 2244 6453 3561
f 824 3561 6449 3555
f 825 3560 5783 2140
f 825 2140 5787 2241
f 825 2241 6450 3562
f 825 3562 6454 3560
f 826 3557 5779 2133
f 826 2133 5783 3560
f 826 3560 6454 3563
f 826 3563 6451 3557
f 827 2244 5819 2200
f 827 2200 5818 2243
f 827 2243 6452 3564
f 827 3564 6453 2244
f 828 2241 5787 2193
f 828 2193 5820 3555
f 828 3555 6449 3565
f 828 3565 6450 2241
f 829 2243 5818 2191
f 829 2191 5779 3557
f 829 3557 6451 3566
f 829 3566 6452 2243
f 830 3571 5784 2134
f 830 2134 5778 2255
f 830 2255 6458 3573
f 830 3573 6459 3571
f 831 3572 5819 2199
f 831 2199 5820 2253
f 831 2253 6456 3574
f 831 3574 6460 3572
f 832 3569 5818 2200
f 832 2200 5819 3572
f 832 3572 6460 3575
f 832 3575 6457 3569
f 833 3567 5788 2141
f 833 2141 5784 3571
f 833 3571 6459 3576
f 833 3576 6455 3567
f 834 2253 5820 2143
f 834 2143 5788 3567
f 834 3567 6455 3577
f 834 3577 6456 2253
f 835 2255 5778 2130
f 835 2130 5818 3569
f 835 3569 6457 3578
f 835 3578 6458 2255
f 836 3579 5778 2134
f 836 2134 5784 2267
f 836 2267 6464 3585
f 836 3585 6461 3579
f 837 3581 5788 2145
f 837 2145 5789 2269
f 837 2269 6466 3586
f 837 3586 6463 3581
f 838 2269 5789 2142
f 838 2142 5785 2268
f 838 2268 6465 3587
f 838 3587 6466 2269
f 839 2268 5785 2135
f 839 2135 5782 2265
f 839 2265 6462 3588
f 839 3588 6465 2268
f 840 2265 5782 2132
f 840 2132 5778 3579
f 840 3579 6461 3589
f 840 3589 6462 2265
f 841 2267 5784 2141
f 841 2141 5788 3581
f 841 3581 6463 3590
f 841 3590 6464 2267
f 842 3596 5781 2136
f 842 2136 5786 2229
f 842 2229 6468 3597
f 842 3597 6472 3596
f 843 3595 5780 2129
f 843 2129 5781 3596
f 843 3596 6472 3598
f 843 3598 6471 3595
f 844 3591 5787 2140
f 844 2140 5783 2231
f 844 2231 6470 3599
f 844 3599 6467 3591
f 845 3593 5779 2131
f 845 2131 5780 3595
f 845 3595 6471 3600
f 845 3600 6469 3593
f 846 2229 5786 2144
f 846 2144 5787 3591
f 846 3591 6467 3601
f 846 3601 6468 2229
f 847 2231 5783 2133
f 847 2133 5779 3593
f 847 3593 6469 3602
f 847 3602 6470 2231
f 848 3753 6553 3770
f 848 3770 6551 3616
f 848 3616 6486 3617
f 848 3617 6476 3753
f 849 3755 6555 3769
f 849 3769 6550 3615
f 849 3615 6485 3618
f 849 3618 6481 3755
f 850 3614 6549 3768
f 850 3768 6552 3752
f 850 3752 6474 3619
f 850 3619 6484 3614
f 851 3603 6543 3767
f 851 3767 6554 3754
f 851 3754 6479 3620
f 851 3620 6473 3603
f 852 3607 6545 3766
f 852 3766 6556 3756
f 852 3756 6483 3621
f 852 3621 6477 3607
f 853 3756 6556 3765
f 853 3765 6549 3614
f 853 3614 6484 3622
f 853 3622 6483 3756
f 854 3615 6550 3764
f 854 3764 6548 3612
f 854 3612 6482 3623
f 854 3623 6485 3615
f 855 3754 6554 3763
f 855 3763 6547 3610
f 855 3610 6480 3624
f 855 3624 6479 3754
f 856 3610 6547 3762
f 856 3762 6546 3608
f 856 3608 6478 3625
f 856 3625 6480 3610
f 857 3616 6551 3761
f 857 3761 6545 3607
f 857 3607 6477 3626
f 857 3626 6486 3616
f 858 3752 6552 3760
f 858 3760 6544 3605
f 858 3605 6475 3627
f 858 3627 6474 3752
f 859 3612 6548 3759
f 859 3759 6543 3603
f 859 3603 6473 3628
f 859 3628 6482 3612
f 860 3608 6546 3758
f 860 3758 6553 3753
f 860 3753 6476 3629
f 860 3629 6478 3608
f 861 3605 6544 3757
f 861 3757 6555 3755
f 861 3755 6481 3630
f 861 3630 6475 3605
f 862 2039 5740 2185
f 862 2185 5812 3644
f 862 3644 6500 3645
f 862 3645 6487 2039
f 863 3642 5724 2036
f 863 2036 5811 3643
f 863 3643 6499 3646
f 863 3646 6498 3642
f 864 3632 5739 2058
f 864 2058 5740 2039
f 864 2039 6487 3647
f 864 3647 6488 3632
f 865 3634 5725 2037
f 865 2037 5721 2048
f 865 2048 6493 3648
f 865 3648 6490 3634
f 866 3636 5732 2040
f 866 2040 5719 2054
f 866 2054 6497 3649
f 866 3649 6492 3636
f 867 2054 5719 2038
f 867 2038 5724 3642
f 867 3642 6498 3650
f 867 3650 6497 2054
f 868 2052 5741 2059
f 868 2059 5742 3640
f 868 3640 6496 3651
f 868 3651 6495 2052
f 869 2048 5721 2042
f 869 2042 5734 3638
f 869 3638 6494 3652
f 869 3652 6493 2048
f 870 2046 5738 2049
f 870 2049 5732 3636
f 870 3636 6492 3653
f 870 3653 6491 2046
f 871 3640 5742 2056
f 871 2056 5738 2046
f 871 2046 6491 3654
f 871 3654 6496 3640
f 872 3643 5811 2184
f 872 2184 5725 3634
f 872 3634 6490 3655
f 872 3655 6499 3643
f 873 3638 5734 2043
f 873 2043 5735 3633
f 873 3633 6489 3656
f 873 3656 6494 3638
f 874 3633 5735 2050
f 874 2050 5739 3632
f 874 3632 6488 3657
f 874 3657 6489 3633
f 875 3644 5812 2057
f 875 2057 5741 2052
f 875 2052 6495 3658
f 875 3658 6500 3644
f 876 2209 5728 2183
f 876 2183 5810 3664
f 876 3664 6506 3673
f 876 3673 6512 2209
f 877 2027 5704 2015
f 877 2015 5809 3660
f 877 3660 6502 3674
f 877 3674 6501 2027
f 878 3671 5699 2017
f 878 2017 5704 2027
f 878 2027 6501 3675
f 878 3675 6513 3671
f 879 3666 5727 2025
f 879 2025 5728 2209
f 879 2209 6512 3676
f 879 3676 6508 3666
f 880 3668 5705 2016
f 880 2016 5701 2029
f 880 2029 6503 3677
f 880 3677 6510 3668
f 881 2035 5729 2026
f 881 2026 5730 3669
f 881 3669 6511 3678
f 881 3678 6509 2035
f 882 2029 5701 2019
f 882 2019 5722 3665
f 882 3665 6507 3679
f 882 3679 6503 2029
f 883 3554 5726 2021
f 883 2021 5720 3663
f 883 3663 6505 3680
f 883 3680 6514 3554
f 884 3669 5730 2023
f 884 2023 5726 3554
f 884 3554 6514 3681
f 884 3681 6511 3669
f 885 3660 5809 2182
f 885 2182 5705 3668
f 885 3668 6510 3682
f 885 3682 6502 3660
f 886 3665 5722 2020
f 886 2020 5723 3662
f 886 3662 6504 3683
f 886 3683 6507 3665
f 887 3662 5723 2022
f 887 2022 5727 3666
f 887 3666 6508 3684
f 887 3684 6504 3662
f 888 3664 5810 2024
f 888 2024 5729 2035
f 888 2035 6509 3685
f 888 3685 6506 3664
f 889 3663 5720 2018
f 889 2018 5699 3671
f 889 3671 6513 3686
f 889 3686 6505 3663
f 890 3606 6476 3617
f 890 3617 6486 3695
f 890 3695 6523 3701
f 890 3701 6525 3606
f 891 3611 6481 3618
f 891 3618 6485 3694
f 891 3694 6522 3702
f 891 3702 6527 3611
f 892 3693 6484 3619
f 892 3619 6474 3604
f 892 3604 6524 3703
f 892 3703 6521 3693
f 893 3687 6473 3620
f 893 3620 6479 3609
f 893 3609 6526 3704
f 893 3704 6515 3687
f 894 3689 6477 3621
f 894 3621 6483 3613
f 894 3613 6528 3705
f 894 3705 6517 3689
f 895 3613 6483 3622
f 895 3622 6484 3693
f 895 3693 6521 3706
f 895 3706 6528 3613
f 896 3694 6485 3623
f 896 3623 6482 3692
f 896 3692 6520 3707
f 896 3707 6522 3694
f 897 3609 6479 3624
f 897 3624 6480 3691
f 897 3691 6519 3708
f 897 3708 6526 3609
f 898 3691 6480 3625
f 898 3625 6478 3690
f 898 3690 6518 3709
f 898 3709 6519 3691
f 899 3695 6486 3626
f 899 3626 6477 3689
f 899 3689 6517 3710
f 899 3710 6523 3695
f 900 3604 6474 3627
f 900 3627 6475 3688
f 900 3688 6516 3711
f 900 3711 6524 3604
f 901 3692 6482 3628
f 901 3628 6473 3687
f 901 3687 6515 3712
f 901 3712 6520 3692
f 902 3690 6478 3629
f 902 3629 6476 3606
f 902 3606 6525 3713
f 902 3713 6518 3690
f 903 3688 6475 3630
f 903 3630 6481 3611
f 903 3611 6527 3714
f 903 3714 6516 3688
f 904 3721 5683 1993
f 904 1993 5688 2007
f 904 2007 6532 3729
f 904 3729 6535 3721
f 905 3723 5715 2013
f 905 2013 5716 2000
f 905 2000 6530 3730
f 905 3730 6537 3723
f 906 3725 5689 1992
f 906 1992 5685 3720
f 906 3720 6534 3731
f 906 3731 6539 3725
f 907 1996 5711 1995
f 907 1995 5683 3721
f 907 3721 6535 3732
f 907 3732 6529 1996
f 908 3728 5808 2012
f 908 2012 5717 3722
f 908 3722 6536 3733
f 908 3733 6542 3728
f 909 3724 5713 2005
f 909 2005 5715 3723
f 909 3723 6537 3734
f 909 3734 6538 3724
f 910 2003 5712 1998
f 910 1998 5713 3724
f 910 3724 6538 3735
f 910 3735 6531 2003
f 911 3727 5807 2180
f 911 2180 5689 3725
f 911 3725 6539 3736
f 911 3736 6541 3727
f 912 2009 5718 2011
f 912 2011 5714 3726
f 912 3726 6540 3737
f 912 3737 6533 2009
f 913 3722 5717 2014
f 913 2014 5718 2009
f 913 2009 6533 3738
f 913 3738 6536 3722
f 914 3720 5685 1997
f 914 1997 5712 2003
f 914 2003 6531 3739
f 914 3739 6534 3720
f 915 3726 5714 2004
f 915 2004 5711 1996
f 915 1996 6529 3740
f 915 3740 6540 3726
f 916 2007 5688 1991
f 916 1991 5807 3727
f 916 3727 6541 3741
f 916 3741 6532 2007
f 917 2000 5716 2181
f 917 2181 5808 3728
f 917 3728 6542 3742
f 917 3742 6530 2000
f 918 3744 6535 3729
f 918 3729 6532 3718
f 918 3718 6555 3757
f 918 3757 6544 3744
f 919 3746 6537 3730
f 919 3730 6530 3716
f 919 3716 6553 3758
f 919 3758 6546 3746
f 920 3748 6539 3731
f 920 3731 6534 3743
f 920 3743 6543 3759
f 920 3759 6548 3748
f 921 3715 6529 3732
f 921 3732 6535 3744
f 921 3744 6544 3760
f 921 3760 6552 3715
f 922 3751 6542 3733
f 922 3733 6536 3745
f 922 3745 6545 3761
f 922 3761 6551 3751
f 923 3747 6538 3734
f 923 3734 6537 3746
f 923 3746 6546 3762
f 923 3762 6547 3747
f 924 3717 6531 3735
f 924 3735 6538 3747
f 924 3747 6547 3763
f 924 3763 6554 3717
f 925 3750 6541 3736
f 925 3736 6539 3748
f 925 3748 6548 3764
f 925 3764 6550 3750
f 926 3719 6533 3737
f 926 3737 6540 3749
f 926 3749 6549 3765
f 926 3765 6556 3719
f 927 3745 6536 3738
f 927 3738 6533 3719
f 927 3719 6556 3766
f 927 3766 6545 3745
f 928 3743 6534 3739
f 928 3739 6531 3717
f 928 3717 6554 3767
f 928 3767 6543 3743
f 929 3749 6540 3740
f 929 3740 6529 3715
f 929 3715 6552 3768
f 929 3768 6549 3749
f 930 3718 6532 3741
f 930 3741 6541 3750
f 930 3750 6550 3769
f 930 3769 6555 3718
f 931 3716 6530 3742
f 931 3742 6542 3751
f 931 3751 6551 3770
f 931 3770 6553 3716
f 932 3781 6349 3261
f 932 3261 6414 3784
f 932 3784 6568 3785
f 932 3785 6565 3781
f 933 3059 6246 3058
f 933 3058 6390 3783
f 933 3783 6567 3786
f 933 3786 6560 3059
f 934 3783 6390 3352
f 934 3352 6350 3782
f 934 3782 6566 3787
f 934 3787 6567 3783
f 935 3062 7189 3049
f 935 3049 6349 3781
f 935 3781 6565 3788
f 935 3788 7527 3062
f 936 3055 6241 3048
f 936 3048 6310 3780
f 936 3780 6564 3789
f 936 3789 6558 3055
f 937 3063 6243 3057
f 937 3057 6245 3779
f 937 3779 6563 3790
f 937 3790 6562 3063
f 938 3784 6414 3379
f 938 3379 6243 3063
f 938 3063 6562 3791
f 938 3791 6568 3784
f 939 3061 6242 3052
f 939 3052 6247 3771
f 939 3771 6557 3792
f 939 3792 6561 3061
f 940 3782 6350 3262
f 940 3262 7194 3775
f 940 3775 7525 3793
f 940 3793 6566 3782
f 941 3779 6245 3050
f 941 3050 6244 3773
f 941 3773 6559 3794
f 941 3794 6563 3779
f 942 3780 6310 3170
f 942 3170 6242 3061
f 942 3061 6561 3795
f 942 3795 6564 3780
f 943 3771 6247 3051
f 943 3051 6246 3059
f 943 3059 6560 3796
f 943 3796 6557 3771
f 944 3773 6244 3053
f 944 3053 6241 3055
f 944 3055 6558 3797
f 944 3797 6559 3773
f 945 4358 6838 4332
f 945 4332 6577 3826
f 945 3826 6578 4341
f 945 4341 6847 4358
f 946 4357 6839 4333
f 946 4333 6569 3805
f 946 3805 6571 4337
f 946 4337 6843 4357
f 947 4356 6842 3800
f 947 3800 6576 3817
f 947 3817 6573 4339
f 947 4339 6845 4356
f 948 4355 6848 3803
f 948 3803 6579 3827
f 948 3827 6580 4335
f 948 4335 6841 4355
f 949 4354 6846 3802
f 949 3802 6572 3806
f 949 3806 6570 3799
f 949 3799 6840 4354
f 950 4353 6841 4335
f 950 4335 6580 3824
f 950 3824 6576 3800
f 950 3800 6842 4353
f 951 4352 6843 4337
f 951 4337 6571 3810
f 951 3810 6574 3801
f 951 3801 6844 4352
f 952 4351 6845 4339
f 952 4339 6573 3808
f 952 3808 6572 3802
f 952 3802 6846 4351
f 953 4350 6850 4130
f 953 4130 6714 3825
f 953 3825 6579 3803
f 953 3803 6848 4350
f 954 4302 6816 3819
f 954 3819 6585 3832
f 954 3832 6584 3807
f 954 3807 6809 4302
f 955 4301 6822 4129
f 955 4129 6716 3849
f 955 3849 6591 4285
f 955 4285 6819 4301
f 956 4300 6812 3813
f 956 3813 6587 3842
f 956 3842 6589 3812
f 956 3812 6811 4300
f 957 4299 6818 3821
f 957 3821 6586 3835
f 957 3835 6587 3813
f 957 3813 6812 4299
f 958 4298 6821 4128
f 958 4128 6715 4083
f 958 4083 6581 3815
f 958 3815 6814 4298
f 959 4297 6820 3823
f 959 3823 6592 3848
f 959 3848 6588 4281
f 959 4281 6815 4297
f 960 4296 6815 4281
f 960 4281 6588 3841
f 960 3841 6585 3819
f 960 3819 6816 4296
f 961 4295 6817 4283
f 961 4283 6583 3834
f 961 3834 6586 3821
f 961 3821 6818 4295
f 962 4294 6819 4285
f 962 4285 6591 3851
f 962 3851 6592 3823
f 962 3823 6820 4294
f 963 4349 6849 4127
f 963 4127 6713 4081
f 963 4081 6569 4333
f 963 4333 6839 4349
f 964 4348 6844 3801
f 964 3801 6574 3811
f 964 3811 6575 3798
f 964 3798 6837 4348
f 965 4347 6837 3798
f 965 3798 6575 3818
f 965 3818 6577 4332
f 965 4332 6838 4347
f 966 4330 6826 3837
f 966 3837 6600 3859
f 966 3859 6601 3831
f 966 3831 6823 4330
f 967 4329 6836 4126
f 967 4126 6717 4085
f 967 4085 6593 4313
f 967 4313 6833 4329
f 968 4328 6828 3839
f 968 3839 6608 3872
f 968 3872 6604 4304
f 968 4304 6824 4328
f 969 4327 6824 4304
f 969 4304 6604 3865
f 969 3865 6598 3836
f 969 3836 6825 4327
f 970 4326 6834 3847
f 970 3847 6595 3858
f 970 3858 6600 3837
f 970 3837 6826 4326
f 971 4325 6827 4307
f 971 4307 6607 3875
f 971 3875 6608 3839
f 971 3839 6828 4325
f 972 4324 6829 4309
f 972 4309 6596 3854
f 972 3854 6594 3843
f 972 3843 6830 4324
f 973 4323 6831 4311
f 973 4311 6605 3874
f 973 3874 6606 3845
f 973 3845 6832 4323
f 974 4322 6833 4313
f 974 4313 6593 3853
f 974 3853 6595 3847
f 974 3847 6834 4322
f 975 4293 6814 3815
f 975 3815 6581 3829
f 975 3829 6583 4283
f 975 4283 6817 4293
f 976 4292 6811 3812
f 976 3812 6589 3850
f 976 3850 6590 4276
f 976 4276 6810 4292
f 977 4291 6809 3807
f 977 3807 6584 3830
f 977 3830 6582 4279
f 977 4279 6813 4291
f 978 3875 6607 3864
f 978 3864 6623 3899
f 978 3899 6624 3857
f 978 3857 6608 3875
f 979 3854 6596 3862
f 979 3862 6612 3878
f 979 3878 6610 3870
f 979 3870 6594 3854
f 980 3874 6605 3867
f 980 3867 6621 3898
f 980 3898 6622 3863
f 980 3863 6606 3874
f 981 3853 6593 3871
f 981 3871 6609 3877
f 981 3877 6611 3860
f 981 3860 6595 3853
f 982 3856 6598 3861
f 982 3861 6614 3880
f 982 3880 6612 3862
f 982 3862 6596 3856
f 983 3873 6718 4125
f 983 4125 6720 3897
f 983 3897 6623 3864
f 983 3864 6607 3873
f 984 3866 6601 3869
f 984 3869 6617 3890
f 984 3890 6621 3867
f 984 3867 6605 3866
f 985 3859 6600 3868
f 985 3868 6616 3883
f 985 3883 6617 3869
f 985 3869 6601 3859
f 986 4085 6717 4124
f 986 4124 6719 4087
f 986 4087 6609 3871
f 986 3871 6593 4085
f 987 4321 6823 3831
f 987 3831 6601 3866
f 987 3866 6605 4311
f 987 4311 6831 4321
f 988 4320 6835 4123
f 988 4123 6718 3873
f 988 3873 6607 4307
f 988 4307 6827 4320
f 989 4319 6825 3836
f 989 3836 6598 3856
f 989 3856 6596 4309
f 989 4309 6829 4319
f 990 3992 6663 3888
f 990 3888 6631 3923
f 990 3923 6632 3881
f 990 3881 6658 3992
f 991 3991 6661 3886
f 991 3886 6597 3902
f 991 3902 6602 3979
f 991 3979 6667 3991
f 992 3990 6664 3891
f 992 3891 6629 3922
f 992 3922 6630 3974
f 992 3974 6662 3990
f 993 3989 6668 3895
f 993 3895 6603 3901
f 993 3901 6599 3884
f 993 3884 6659 3989
f 994 3988 6660 3972
f 994 3972 6625 3904
f 994 3904 6597 3886
f 994 3886 6661 3988
f 995 4096 6728 4122
f 995 4122 6722 3921
f 995 3921 6631 3888
f 995 3888 6663 4096
f 996 3986 6666 3893
f 996 3893 6627 3914
f 996 3914 6629 3891
f 996 3891 6664 3986
f 997 3985 6665 3977
f 997 3977 6626 3907
f 997 3907 6627 3893
f 997 3893 6666 3985
f 998 4095 6727 4121
f 998 4121 6721 4089
f 998 4089 6603 3895
f 998 3895 6668 4095
f 999 3858 6595 3860
f 999 3860 6611 3882
f 999 3882 6616 3868
f 999 3868 6600 3858
f 1000 3865 6604 3855
f 1000 3855 6620 3889
f 1000 3889 6614 3861
f 1000 3861 6598 3865
f 1001 3872 6608 3857
f 1001 3857 6624 3896
f 1001 3896 6620 3855
f 1001 3855 6604 3872
f 1002 5573 7480 3908
f 1002 3908 6613 3926
f 1002 3926 6618 5558
f 1002 5558 7491 5573
f 1003 5572 7482 3911
f 1003 3911 6641 3934
f 1003 3934 6642 5556
f 1003 5556 7489 5572
f 1004 5571 7484 3917
f 1004 3917 6619 3925
f 1004 3925 6615 3903
f 1004 3903 7479 5571
f 1005 5570 7488 5555
f 1005 5555 6634 3927
f 1005 3927 6613 3908
f 1005 3908 7480 5570
f 1006 5569 7487 4120
f 1006 4120 6724 3933
f 1006 3933 6643 3910
f 1006 3910 7481 5569
f 1007 5568 7483 3915
f 1007 3915 6637 3931
f 1007 3931 6641 3911
f 1007 3911 7482 5568
f 1008 5567 7490 5557
f 1008 5557 6636 3929
f 1008 3929 6637 3915
f 1008 3915 7483 5567
f 1009 5566 7486 4119
f 1009 4119 6723 4091
f 1009 4091 6619 3917
f 1009 3917 7484 5566
f 1010 5565 7492 5559
f 1010 5559 6644 3932
f 1010 3932 6640 3919
f 1010 3919 7485 5565
f 1011 3983 6659 3884
f 1011 3884 6599 3906
f 1011 3906 6626 3977
f 1011 3977 6665 3983
f 1012 3982 6657 3969
f 1012 3969 6628 3913
f 1012 3913 6625 3972
f 1012 3972 6660 3982
f 1013 3981 6658 3881
f 1013 3881 6632 3920
f 1013 3920 6628 3969
f 1013 3969 6657 3981
f 1014 5564 7481 3910
f 1014 3910 6643 3935
f 1014 3935 6644 5559
f 1014 5559 7492 5564
f 1015 5563 7479 3903
f 1015 3903 6615 3928
f 1015 3928 6636 5557
f 1015 5557 7490 5563
f 1016 5562 7485 3919
f 1016 3919 6640 3930
f 1016 3930 6634 5555
f 1016 5555 7488 5562
f 1017 5545 7469 3940
f 1017 3940 6646 3949
f 1017 3949 6633 5412
f 1017 5412 7477 5545
f 1018 5544 7470 3941
f 1018 3941 6726 3966
f 1018 3966 6655 5526
f 1018 5526 7473 5544
f 1019 5543 7468 3939
f 1019 3939 6649 3959
f 1019 3959 6653 3943
f 1019 3943 7472 5543
f 1020 5542 7471 3942
f 1020 3942 6648 3952
f 1020 3952 6649 3939
f 1020 3939 7468 5542
f 1021 5541 7466 3937
f 1021 3937 6725 4093
f 1021 4093 6639 4116
f 1021 4116 7474 5541
f 1022 5540 7475 4117
f 1022 4117 6656 3965
f 1022 3965 6652 5531
f 1022 5531 7478 5540
f 1023 5539 7478 5531
f 1023 5531 6652 3958
f 1023 3958 6646 3940
f 1023 3940 7469 5539
f 1024 5538 7467 5520
f 1024 5520 6635 3951
f 1024 3951 6648 3942
f 1024 3942 7471 5538
f 1025 5537 7473 5526
f 1025 5526 6655 3968
f 1025 3968 6656 4117
f 1025 4117 7475 5537
f 1026 5517 7464 4115
f 1026 4115 6730 4014
f 1026 4014 6683 5498
f 1026 5498 7459 5517
f 1027 5516 7453 3953
f 1027 3953 6677 4007
f 1027 4007 6681 3950
f 1027 3950 7452 5516
f 1028 5515 7458 3960
f 1028 3960 6676 4000
f 1028 4000 6677 3953
f 1028 3953 7453 5515
f 1029 5514 7463 4114
f 1029 4114 6729 4097
f 1029 4097 6669 3954
f 1029 3954 7454 5514
f 1030 5513 7460 3962
f 1030 3962 6684 4013
f 1030 4013 6680 5494
f 1030 5494 7455 5513
f 1031 5512 7455 5494
f 1031 5494 6680 4006
f 1031 4006 6674 3956
f 1031 3956 7456 5512
f 1032 5511 7457 5496
f 1032 5496 6671 3999
f 1032 3999 6676 3960
f 1032 3960 7458 5511
f 1033 5510 7459 5498
f 1033 5498 6683 4016
f 1033 4016 6684 3962
f 1033 3962 7460 5510
f 1034 5509 7461 5500
f 1034 5500 6672 3995
f 1034 3995 6670 3964
f 1034 3964 7462 5509
f 1035 5536 7474 4116
f 1035 4116 6639 3946
f 1035 3946 6635 5520
f 1035 5520 7467 5536
f 1036 5535 7472 3943
f 1036 3943 6653 3967
f 1036 3967 6654 5529
f 1036 5529 7476 5535
f 1037 5534 7477 5412
f 1037 5412 6633 3947
f 1037 3947 6638 5518
f 1037 5518 7465 5534
f 1038 3896 6624 3970
f 1038 3970 6658 3981
f 1038 3981 6657 3879
f 1038 3879 6620 3896
f 1039 3889 6620 3879
f 1039 3879 6657 3982
f 1039 3982 6660 3885
f 1039 3885 6614 3889
f 1040 3882 6611 3971
f 1040 3971 6659 3983
f 1040 3983 6665 3892
f 1040 3892 6616 3882
f 1041 4087 6719 4113
f 1041 4113 6727 4095
f 1041 4095 6668 3980
f 1041 3980 6609 4087
f 1042 3883 6616 3892
f 1042 3892 6665 3985
f 1042 3985 6666 3978
f 1042 3978 6617 3883
f 1043 3890 6617 3978
f 1043 3978 6666 3986
f 1043 3986 6664 3976
f 1043 3976 6621 3890
f 1044 3897 6720 4112
f 1044 4112 6728 4096
f 1044 4096 6663 3975
f 1044 3975 6623 3897
f 1045 3880 6614 3885
f 1045 3885 6660 3988
f 1045 3988 6661 3973
f 1045 3973 6612 3880
f 1046 3877 6609 3980
f 1046 3980 6668 3989
f 1046 3989 6659 3971
f 1046 3971 6611 3877
f 1047 3898 6621 3976
f 1047 3976 6664 3990
f 1047 3990 6662 3887
f 1047 3887 6622 3898
f 1048 3878 6612 3973
f 1048 3973 6661 3991
f 1048 3991 6667 3894
f 1048 3894 6610 3878
f 1049 3899 6623 3975
f 1049 3975 6663 3992
f 1049 3992 6658 3970
f 1049 3970 6624 3899
f 1050 4032 6686 4026
f 1050 4026 6645 4019
f 1050 4019 6650 4021
f 1050 4021 6685 4032
f 1051 4104 6736 4111
f 1051 4111 6731 4099
f 1051 4099 6689 4055
f 1051 4055 6711 4104
f 1052 4079 6704 4004
f 1052 4004 6696 4041
f 1052 4041 6692 4057
f 1052 4057 6679 4079
f 1053 4078 6708 4010
f 1053 4010 6703 4051
f 1053 4051 6699 4059
f 1053 4059 6675 4078
f 1054 4077 6679 4057
f 1054 4057 6692 4035
f 1054 4035 6690 4001
f 1054 4001 6678 4077
f 1055 4076 6675 4059
f 1055 4059 6699 4044
f 1055 4044 6696 4004
f 1055 4004 6704 4076
f 1056 4075 6705 4061
f 1056 4061 6691 4037
f 1056 4037 6694 4008
f 1056 4008 6706 4075
f 1057 4074 6707 4063
f 1057 4063 6702 4054
f 1057 4054 6703 4010
f 1057 4010 6708 4074
f 1058 4073 6709 4065
f 1058 4065 6700 4053
f 1058 4053 6701 4012
f 1058 4012 6710 4073
f 1059 5508 7456 3956
f 1059 3956 6674 3997
f 1059 3997 6672 5500
f 1059 5500 7461 5508
f 1060 5507 7454 3954
f 1060 3954 6669 3994
f 1060 3994 6671 5496
f 1060 5496 7457 5507
f 1061 5506 7452 3950
f 1061 3950 6681 4015
f 1061 4015 6682 5490
f 1061 5490 7451 5506
f 1062 4017 6650 4019
f 1062 4019 6645 4020
f 1062 4020 6647 4018
f 1062 4018 6651 4017
f 1063 4031 6685 4021
f 1063 4021 6650 4017
f 1063 4017 6651 4023
f 1063 4023 6687 4031
f 1064 4030 6687 4023
f 1064 4023 6651 4018
f 1064 4018 6647 4024
f 1064 4024 6688 4030
f 1065 4029 6688 4024
f 1065 4024 6647 4020
f 1065 4020 6645 4026
f 1065 4026 6686 4029
f 1066 4003 6673 4028
f 1066 4028 6688 4029
f 1066 4029 6686 4022
f 1066 4022 6674 4003
f 1067 3996 6670 4027
f 1067 4027 6687 4030
f 1067 4030 6688 4028
f 1067 4028 6673 3996
f 1068 3995 6672 4025
f 1068 4025 6685 4031
f 1068 4031 6687 4027
f 1068 4027 6670 3995
f 1069 3997 6674 4022
f 1069 4022 6686 4032
f 1069 4032 6685 4025
f 1069 4025 6672 3997
f 1070 4099 6731 4110
f 1070 4110 6732 4100
f 1070 4100 6693 4036
f 1070 4036 6689 4099
f 1071 4034 6689 4036
f 1071 4036 6693 4040
f 1071 4040 6694 4037
f 1071 4037 6691 4034
f 1072 5449 7428 5441
f 1072 5441 6757 4171
f 1072 4171 6759 4175
f 1072 4175 7427 5449
f 1073 5425 7416 5417
f 1073 5417 6746 4145
f 1073 4145 6744 4151
f 1073 4151 7415 5425
f 1074 5461 7434 5453
f 1074 5453 6740 4133
f 1074 4133 6739 4139
f 1074 4139 7433 5461
f 1075 5448 7426 5439
f 1075 5439 6756 4167
f 1075 4167 6755 4048
f 1075 4048 7425 5448
f 1076 5424 7414 5415
f 1076 5415 6745 4147
f 1076 4147 6748 4101
f 1076 4101 7413 5424
f 1077 5460 7432 5451
f 1077 5451 6741 4137
f 1077 4137 6742 4047
f 1077 4047 7431 5460
f 1078 4072 6706 4008
f 1078 4008 6694 4038
f 1078 4038 6695 4056
f 1078 4056 6712 4072
f 1079 4071 6712 4056
f 1079 4056 6695 4045
f 1079 4045 6700 4065
f 1079 4065 6709 4071
f 1080 4103 6735 4107
f 1080 4107 6734 4052
f 1080 4052 6702 4063
f 1080 4063 6707 4103
f 1081 4069 6711 4055
f 1081 4055 6689 4034
f 1081 4034 6691 4061
f 1081 4061 6705 4069
f 1082 3994 6669 4067
f 1082 4067 6711 4069
f 1082 4069 6705 4005
f 1082 4005 6671 3994
f 1083 4014 6730 4106
f 1083 4106 6735 4103
f 1083 4103 6707 4009
f 1083 4009 6683 4014
f 1084 4007 6677 4068
f 1084 4068 6712 4071
f 1084 4071 6709 4011
f 1084 4011 6681 4007
f 1085 4000 6676 4062
f 1085 4062 6706 4072
f 1085 4072 6712 4068
f 1085 4068 6677 4000
f 1086 4015 6681 4011
f 1086 4011 6709 4073
f 1086 4073 6710 4066
f 1086 4066 6682 4015
f 1087 4016 6683 4009
f 1087 4009 6707 4074
f 1087 4074 6708 4064
f 1087 4064 6684 4016
f 1088 3999 6671 4005
f 1088 4005 6705 4075
f 1088 4075 6706 4062
f 1088 4062 6676 3999
f 1089 4006 6680 4002
f 1089 4002 6675 4076
f 1089 4076 6704 4060
f 1089 4060 6674 4006
f 1090 3996 6673 3998
f 1090 3998 6679 4077
f 1090 4077 6678 4058
f 1090 4058 6670 3996
f 1091 4013 6684 4064
f 1091 4064 6708 4078
f 1091 4078 6675 4002
f 1091 4002 6680 4013
f 1092 4003 6674 4060
f 1092 4060 6704 4079
f 1092 4079 6679 3998
f 1092 3998 6673 4003
f 1093 4097 6729 4105
f 1093 4105 6736 4104
f 1093 4104 6711 4067
f 1093 4067 6669 4097
f 1094 3993 6670 4058
f 1094 4058 6678 4080
f 1094 4080 6736 4105
f 1094 4105 6729 3993
f 1095 4098 6682 4066
f 1095 4066 6710 4070
f 1095 4070 6735 4106
f 1095 4106 6730 4098
f 1096 4070 6710 4012
f 1096 4012 6701 4102
f 1096 4102 6734 4107
f 1096 4107 6735 4070
f 1097 5437 7422 5429
f 1097 5429 6750 4155
f 1097 4155 6749 4163
f 1097 4163 7421 5437
f 1098 5436 7420 5427
f 1098 5427 6754 4159
f 1098 4159 6753 4046
f 1098 4046 7419 5436
f 1099 4033 6690 4035
f 1099 4035 6692 4039
f 1099 4039 6732 4110
f 1099 4110 6731 4033
f 1100 4080 6678 4001
f 1100 4001 6690 4033
f 1100 4033 6731 4111
f 1100 4111 6736 4080
f 1101 4088 6622 3887
f 1101 3887 6662 3987
f 1101 3987 6728 4112
f 1101 4112 6720 4088
f 1102 3876 6610 3894
f 1102 3894 6667 3984
f 1102 3984 6727 4113
f 1102 4113 6719 3876
f 1103 5505 7462 3964
f 1103 3964 6670 3993
f 1103 3993 6729 4114
f 1103 4114 7463 5505
f 1104 5504 7451 5490
f 1104 5490 6682 4098
f 1104 4098 6730 4115
f 1104 4115 7464 5504
f 1105 5533 7465 5518
f 1105 5518 6638 3945
f 1105 3945 6725 3937
f 1105 3937 7466 5533
f 1106 5532 7476 5529
f 1106 5529 6654 4094
f 1106 4094 6726 3941
f 1106 3941 7470 5532
f 1107 5561 7491 5558
f 1107 5558 6618 3924
f 1107 3924 6723 4119
f 1107 4119 7486 5561
f 1108 5560 7489 5556
f 1108 5556 6642 4092
f 1108 4092 6724 4120
f 1108 4120 7487 5560
f 1109 3984 6667 3979
f 1109 3979 6602 3900
f 1109 3900 6721 4121
f 1109 4121 6727 3984
f 1110 3987 6662 3974
f 1110 3974 6630 4090
f 1110 4090 6722 4122
f 1110 4122 6728 3987
f 1111 4318 6832 3845
f 1111 3845 6606 4086
f 1111 4086 6718 4123
f 1111 4123 6835 4318
f 1112 3852 6594 3870
f 1112 3870 6610 3876
f 1112 3876 6719 4124
f 1112 4124 6717 3852
f 1113 4086 6606 3863
f 1113 3863 6622 4088
f 1113 4088 6720 4125
f 1113 4125 6718 4086
f 1114 4317 6830 3843
f 1114 3843 6594 3852
f 1114 3852 6717 4126
f 1114 4126 6836 4317
f 1115 4346 6840 3799
f 1115 3799 6570 3804
f 1115 3804 6713 4127
f 1115 4127 6849 4346
f 1116 4290 6813 4279
f 1116 4279 6582 3828
f 1116 3828 6715 4128
f 1116 4128 6821 4290
f 1117 4289 6810 4276
f 1117 4276 6590 4084
f 1117 4084 6716 4129
f 1117 4129 6822 4289
f 1118 4345 6847 4341
f 1118 4341 6578 4082
f 1118 4082 6714 4130
f 1118 4130 6850 4345
f 1119 4172 6760 4216
f 1119 4216 6784 4205
f 1119 4205 6782 4215
f 1119 4215 6758 4172
f 1120 4149 6747 4207
f 1120 4207 6771 4192
f 1120 4192 6770 4214
f 1120 4214 6746 4149
f 1121 5459 7433 4139
f 1121 4139 6739 4132
f 1121 4132 6737 4141
f 1121 4141 7435 5459
f 1122 5458 7431 4047
f 1122 4047 6742 4136
f 1122 4136 6740 5453
f 1122 5453 7434 5458
f 1123 5457 7435 4141
f 1123 4141 6737 4131
f 1123 4131 6738 4142
f 1123 4142 7436 5457
f 1124 5456 7436 4142
f 1124 4142 6738 4134
f 1124 4134 6741 5451
f 1124 5451 7432 5456
f 1125 4134 6738 4213
f 1125 4213 6762 4182
f 1125 4182 6765 4212
f 1125 4212 6741 4134
f 1126 4171 6757 4211
f 1126 4211 6781 4204
f 1126 4204 6783 4210
f 1126 4210 6759 4171
f 1127 5423 7417 5418
f 1127 5418 6747 4149
f 1127 4149 6746 5417
f 1127 5417 7416 5423
f 1128 5422 7415 4151
f 1128 4151 6744 4143
f 1128 4143 6743 4154
f 1128 4154 7418 5422
f 1129 5421 7418 4154
f 1129 4154 6743 4144
f 1129 4144 6745 5415
f 1129 5415 7414 5421
f 1130 5420 7413 4101
f 1130 4101 6748 4148
f 1130 4148 6747 5418
f 1130 5418 7417 5420
f 1131 4156 6751 4209
f 1131 4209 6775 4194
f 1131 4194 6774 4157
f 1131 4157 6750 4156
f 1132 4148 6748 4208
f 1132 4208 6772 4191
f 1132 4191 6771 4207
f 1132 4207 6747 4148
f 1133 5435 7419 4046
f 1133 4046 6753 4158
f 1133 4158 6751 4165
f 1133 4165 7423 5435
f 1134 5434 7421 4163
f 1134 4163 6749 4161
f 1134 4161 6752 4166
f 1134 4166 7424 5434
f 1135 5433 7424 4166
f 1135 4166 6752 4160
f 1135 4160 6754 5427
f 1135 5427 7420 5433
f 1136 5432 7423 4165
f 1136 4165 6751 4156
f 1136 4156 6750 5429
f 1136 5429 7422 5432
f 1137 4133 6740 4135
f 1137 4135 6764 4181
f 1137 4181 6763 4146
f 1137 4146 6739 4133
f 1138 4155 6750 4157
f 1138 4157 6774 4193
f 1138 4193 6773 4170
f 1138 4170 6749 4155
f 1139 5447 7429 5442
f 1139 5442 6758 4169
f 1139 4169 6756 5439
f 1139 5439 7426 5447
f 1140 5446 7430 5443
f 1140 5443 6760 4172
f 1140 4172 6758 5442
f 1140 5442 7429 5446
f 1141 5445 7427 4175
f 1141 4175 6759 4173
f 1141 4173 6760 5443
f 1141 5443 7430 5445
f 1142 5444 7425 4048
f 1142 4048 6755 4168
f 1142 4168 6757 5441
f 1142 5441 7428 5444
f 1143 4194 6775 4264
f 1143 4264 6799 4242
f 1143 4242 6798 4258
f 1143 4258 6774 4194
f 1144 4179 6761 4263
f 1144 4263 6785 4227
f 1144 4227 6786 4262
f 1144 4262 6762 4179
f 1145 4201 6779 4255
f 1145 4255 6803 4249
f 1145 4249 6805 4261
f 1145 4261 6781 4201
f 1146 4186 6768 4260
f 1146 4260 6792 4234
f 1146 4234 6791 4259
f 1146 4259 6767 4186
f 1147 4193 6774 4258
f 1147 4258 6798 4241
f 1147 4241 6797 4257
f 1147 4257 6773 4193
f 1148 4200 6780 4256
f 1148 4256 6804 4248
f 1148 4248 6803 4255
f 1148 4255 6779 4200
f 1149 4185 6765 4183
f 1149 4183 6789 4233
f 1149 4233 6790 4189
f 1149 4189 6766 4185
f 1150 4192 6771 4195
f 1150 4195 6795 4240
f 1150 4240 6794 4203
f 1150 4203 6770 4192
f 1151 4143 6744 4218
f 1151 4218 6768 4186
f 1151 4186 6767 4217
f 1151 4217 6743 4143
f 1152 4158 6753 4219
f 1152 4219 6777 4196
f 1152 4196 6775 4209
f 1152 4209 6751 4158
f 1153 4173 6759 4210
f 1153 4210 6783 4206
f 1153 4206 6784 4216
f 1153 4216 6760 4173
f 1154 4136 6742 4220
f 1154 4220 6766 4184
f 1154 4184 6764 4135
f 1154 4135 6740 4136
f 1155 4144 6743 4217
f 1155 4217 6767 4187
f 1155 4187 6769 4221
f 1155 4221 6745 4144
f 1156 4159 6754 4222
f 1156 4222 6778 4197
f 1156 4197 6777 4219
f 1156 4219 6753 4159
f 1157 4137 6741 4212
f 1157 4212 6765 4185
f 1157 4185 6766 4220
f 1157 4220 6742 4137
f 1158 4167 6756 4224
f 1158 4224 6780 4200
f 1158 4200 6779 4223
f 1158 4223 6755 4167
f 1159 4145 6746 4214
f 1159 4214 6770 4188
f 1159 4188 6768 4218
f 1159 4218 6744 4145
f 1160 4160 6752 4225
f 1160 4225 6776 4198
f 1160 4198 6778 4222
f 1160 4222 6754 4160
f 1161 4168 6755 4223
f 1161 4223 6779 4201
f 1161 4201 6781 4211
f 1161 4211 6757 4168
f 1162 4131 6737 4226
f 1162 4226 6761 4179
f 1162 4179 6762 4213
f 1162 4213 6738 4131
f 1163 4161 6749 4170
f 1163 4170 6773 4199
f 1163 4199 6776 4225
f 1163 4225 6752 4161
f 1164 4169 6758 4215
f 1164 4215 6782 4202
f 1164 4202 6780 4224
f 1164 4224 6756 4169
f 1165 4132 6739 4146
f 1165 4146 6763 4180
f 1165 4180 6761 4226
f 1165 4226 6737 4132
f 1166 4147 6745 4221
f 1166 4221 6769 4190
f 1166 4190 6772 4208
f 1166 4208 6748 4147
f 1167 4228 6787 4229
f 1167 4229 6788 4231
f 1167 4231 6786 4227
f 1167 4227 6785 4228
f 1168 4231 6788 4232
f 1168 4232 6790 4233
f 1168 4233 6789 4230
f 1168 4230 6786 4231
f 1169 4236 6794 4240
f 1169 4240 6795 4237
f 1169 4237 6791 4234
f 1169 4234 6792 4236
f 1170 4237 6795 4239
f 1170 4239 6796 4238
f 1170 4238 6793 4235
f 1170 4235 6791 4237
f 1171 4243 6799 4244
f 1171 4244 6801 4245
f 1171 4245 6802 4246
f 1171 4246 6800 4243
f 1172 4241 6798 4242
f 1172 4242 6799 4243
f 1172 4243 6800 4247
f 1172 4247 6797 4241
f 1173 4248 6804 4250
f 1173 4250 6806 4251
f 1173 4251 6805 4249
f 1173 4249 6803 4248
f 1174 4251 6806 4253
f 1174 4253 6808 4254
f 1174 4254 6807 4252
f 1174 4252 6805 4251
f 1175 4187 6767 4259
f 1175 4259 6791 4235
f 1175 4235 6793 4265
f 1175 4265 6769 4187
f 1176 4202 6782 4266
f 1176 4266 6806 4250
f 1176 4250 6804 4256
f 1176 4256 6780 4202
f 1177 4180 6763 4267
f 1177 4267 6787 4228
f 1177 4228 6785 4263
f 1177 4263 6761 4180
f 1178 4188 6770 4203
f 1178 4203 6794 4236
f 1178 4236 6792 4260
f 1178 4260 6768 4188
f 1179 4181 6764 4268
f 1179 4268 6788 4229
f 1179 4229 6787 4267
f 1179 4267 6763 4181
f 1180 4196 6777 4269
f 1180 4269 6801 4244
f 1180 4244 6799 4264
f 1180 4264 6775 4196
f 1181 4204 6781 4261
f 1181 4261 6805 4252
f 1181 4252 6807 4270
f 1181 4270 6783 4204
f 1182 4182 6762 4262
f 1182 4262 6786 4230
f 1182 4230 6789 4183
f 1182 4183 6765 4182
f 1183 4197 6778 4271
f 1183 4271 6802 4245
f 1183 4245 6801 4269
f 1183 4269 6777 4197
f 1184 4190 6769 4265
f 1184 4265 6793 4238
f 1184 4238 6796 4272
f 1184 4272 6772 4190
f 1185 4205 6784 4273
f 1185 4273 6808 4253
f 1185 4253 6806 4266
f 1185 4266 6782 4205
f 1186 4198 6776 4274
f 1186 4274 6800 4246
f 1186 4246 6802 4271
f 1186 4271 6778 4198
f 1187 4191 6772 4272
f 1187 4272 6796 4239
f 1187 4239 6795 4195
f 1187 4195 6771 4191
f 1188 4206 6783 4270
f 1188 4270 6807 4254
f 1188 4254 6808 4273
f 1188 4273 6784 4206
f 1189 4184 6766 4189
f 1189 4189 6790 4232
f 1189 4232 6788 4268
f 1189 4268 6764 4184
f 1190 4199 6773 4257
f 1190 4257 6797 4247
f 1190 4247 6800 4274
f 1190 4274 6776 4199
f 1191 4082 6578 3809
f 1191 3809 6810 4289
f 1191 4289 6822 4288
f 1191 4288 6714 4082
f 1192 3804 6570 3814
f 1192 3814 6813 4290
f 1192 4290 6821 4287
f 1192 4287 6713 3804
f 1193 3806 6572 4275
f 1193 4275 6809 4291
f 1193 4291 6813 3814
f 1193 3814 6570 3806
f 1194 3826 6577 4277
f 1194 4277 6811 4292
f 1194 4292 6810 3809
f 1194 3809 6578 3826
f 1195 3805 6569 4280
f 1195 4280 6814 4293
f 1195 4293 6817 3820
f 1195 3820 6571 3805
f 1196 3827 6579 3822
f 1196 3822 6819 4294
f 1196 4294 6820 4286
f 1196 4286 6580 3827
f 1197 3810 6571 3820
f 1197 3820 6817 4295
f 1197 4295 6818 4284
f 1197 4284 6574 3810
f 1198 3817 6576 3816
f 1198 3816 6815 4296
f 1198 4296 6816 4282
f 1198 4282 6573 3817
f 1199 3824 6580 4286
f 1199 4286 6820 4297
f 1199 4297 6815 3816
f 1199 3816 6576 3824
f 1200 4081 6713 4287
f 1200 4287 6821 4298
f 1200 4298 6814 4280
f 1200 4280 6569 4081
f 1201 3811 6574 4284
f 1201 4284 6818 4299
f 1201 4299 6812 4278
f 1201 4278 6575 3811
f 1202 3818 6575 4278
f 1202 4278 6812 4300
f 1202 4300 6811 4277
f 1202 4277 6577 3818
f 1203 3825 6714 4288
f 1203 4288 6822 4301
f 1203 4301 6819 3822
f 1203 3822 6579 3825
f 1204 3808 6573 4282
f 1204 4282 6816 4302
f 1204 4302 6809 4275
f 1204 4275 6572 3808
f 1205 3828 6582 4310
f 1205 4310 6830 4317
f 1205 4317 6836 4316
f 1205 4316 6715 3828
f 1206 4084 6590 4312
f 1206 4312 6832 4318
f 1206 4318 6835 4315
f 1206 4315 6716 4084
f 1207 3832 6585 4305
f 1207 4305 6825 4319
f 1207 4319 6829 3840
f 1207 3840 6584 3832
f 1208 3849 6716 4315
f 1208 4315 6835 4320
f 1208 4320 6827 3838
f 1208 3838 6591 3849
f 1209 3842 6587 4303
f 1209 4303 6823 4321
f 1209 4321 6831 3844
f 1209 3844 6589 3842
f 1210 3829 6581 3846
f 1210 3846 6833 4322
f 1210 4322 6834 4314
f 1210 4314 6583 3829
f 1211 3850 6589 3844
f 1211 3844 6831 4323
f 1211 4323 6832 4312
f 1211 4312 6590 3850
f 1212 3830 6584 3840
f 1212 3840 6829 4324
f 1212 4324 6830 4310
f 1212 4310 6582 3830
f 1213 3851 6591 3838
f 1213 3838 6827 4325
f 1213 4325 6828 4308
f 1213 4308 6592 3851
f 1214 3834 6583 4314
f 1214 4314 6834 4326
f 1214 4326 6826 4306
f 1214 4306 6586 3834
f 1215 3841 6588 3833
f 1215 3833 6824 4327
f 1215 4327 6825 4305
f 1215 4305 6585 3841
f 1216 3848 6592 4308
f 1216 4308 6828 4328
f 1216 4328 6824 3833
f 1216 3833 6588 3848
f 1217 4083 6715 4316
f 1217 4316 6836 4329
f 1217 4329 6833 3846
f 1217 3846 6581 4083
f 1218 3835 6586 4306
f 1218 4306 6826 4330
f 1218 4330 6823 4303
f 1218 4303 6587 3835
f 1219 4378 6856 4364
f 1219 4364 6847 4345
f 1219 4345 6850 4344
f 1219 4344 6864 4378
f 1220 4377 6858 4334
f 1220 4334 6840 4346
f 1220 4346 6849 4343
f 1220 4343 6863 4377
f 1221 4376 6857 4331
f 1221 4331 6837 4347
f 1221 4347 6838 4359
f 1221 4359 6851 4376
f 1222 4375 6860 4338
f 1222 4338 6844 4348
f 1222 4348 6837 4331
f 1222 4331 6857 4375
f 1223 4374 6863 4343
f 1223 4343 6849 4349
f 1223 4349 6839 4360
f 1223 4360 6852 4374
f 1224 4373 6864 4344
f 1224 4344 6850 4350
f 1224 4350 6848 4342
f 1224 4342 6862 4373
f 1225 4372 6855 4363
f 1225 4363 6845 4351
f 1225 4351 6846 4340
f 1225 4340 6861 4372
f 1226 4371 6854 4362
f 1226 4362 6843 4352
f 1226 4352 6844 4338
f 1226 4338 6860 4371
f 1227 4370 6853 4361
f 1227 4361 6841 4353
f 1227 4353 6842 4336
f 1227 4336 6859 4370
f 1228 4369 6861 4340
f 1228 4340 6846 4354
f 1228 4354 6840 4334
f 1228 4334 6858 4369
f 1229 4368 6862 4342
f 1229 4342 6848 4355
f 1229 4355 6841 4361
f 1229 4361 6853 4368
f 1230 4367 6859 4336
f 1230 4336 6842 4356
f 1230 4356 6845 4363
f 1230 4363 6855 4367
f 1231 4366 6852 4360
f 1231 4360 6839 4357
f 1231 4357 6843 4362
f 1231 4362 6854 4366
f 1232 4365 6851 4359
f 1232 4359 6838 4358
f 1232 4358 6847 4364
f 1232 4364 6856 4365
f 1233 5251 6865 2478
f 1233 2478 6873 4385
f 1233 4385 7286 5251
f 1234 5391 6874 5390
f 1234 5390 6875 4383
f 1234 4383 6872 4379
f 1234 4379 6901 5391
f 1235 5176 7286 4385
f 1235 4385 6873 2471
f 1235 2471 6866 4382
f 1235 4382 7285 5176
f 1236 4380 6871 4396
f 1236 4396 6882 4392
f 1236 4392 6883 4395
f 1236 4395 6875 4380
f 1237 5101 7290 5175
f 1237 5175 7291 5102
f 1237 5102 6878 2487
f 1237 2487 6868 5101
f 1238 2473 6867 5306
f 1238 5306 6871 4380
f 1238 4380 6875 5390
f 1238 5390 6874 2473
f 1239 5102 7291 5174
f 1239 5174 7292 5103
f 1239 5103 6957 2527
f 1239 2527 6878 5102
f 1240 4560 6976 4578
f 1240 4578 6979 4563
f 1240 4563 6880 4391
f 1240 4391 6870 4560
f 1241 4393 6883 4406
f 1241 4406 6888 4402
f 1241 4402 6889 4405
f 1241 4405 6884 4393
f 1242 5309 6905 5409
f 1242 5409 6886 4404
f 1242 4404 6881 5309
f 1243 2530 6905 5309
f 1243 5309 6881 4397
f 1243 4397 6867 2530
f 1244 4390 6872 4399
f 1244 4399 6884 4394
f 1244 4394 6885 4398
f 1244 4398 6879 4390
f 1245 4383 6875 4395
f 1245 4395 6883 4393
f 1245 4393 6884 4399
f 1245 4399 6872 4383
f 1246 5306 6867 4397
f 1246 4397 6881 5408
f 1246 5408 6882 4396
f 1246 4396 6871 5306
f 1247 5308 6889 4416
f 1247 4416 6895 4414
f 1247 4414 6898 5331
f 1247 5331 6885 5308
f 1248 4402 6888 4417
f 1248 4417 6893 4411
f 1248 4411 6895 4416
f 1248 4416 6889 4402
f 1249 5409 6905 5075
f 1249 5075 6907 4431
f 1249 4431 6890 4401
f 1249 4401 6886 5409
f 1250 4388 6910 4403
f 1250 4403 6912 4413
f 1250 4413 6899 4448
f 1250 4448 6880 4388
f 1251 4394 6884 4405
f 1251 4405 6889 5308
f 1251 5308 6885 4394
f 1252 5408 6881 4404
f 1252 4404 6886 5310
f 1252 5310 6887 4407
f 1252 4407 6882 5408
f 1253 4392 6882 4407
f 1253 4407 6887 4400
f 1253 4400 6888 4406
f 1253 4406 6883 4392
f 1254 4410 6897 4438
f 1254 4438 6921 4458
f 1254 4458 6922 4450
f 1254 4450 6894 4410
f 1255 5000 7235 5078
f 1255 5078 7237 5002
f 1255 5002 6928 4444
f 1255 4444 6907 5000
f 1256 4415 6899 4425
f 1256 4425 6926 4464
f 1256 4464 6920 4437
f 1256 4437 6896 4415
f 1257 4414 6895 4443
f 1257 4443 6923 4463
f 1257 4463 6927 4426
f 1257 4426 6898 4414
f 1258 5310 6886 4401
f 1258 4401 6890 5388
f 1258 5388 6892 4418
f 1258 4418 6887 5310
f 1259 4384 6870 4419
f 1259 4419 6896 4412
f 1259 4412 6897 4420
f 1259 4420 6876 4384
f 1260 4381 6876 4420
f 1260 4420 6897 4410
f 1260 4410 6894 4440
f 1260 4440 6869 4381
f 1261 4391 6880 4448
f 1261 4448 6899 4415
f 1261 4415 6896 4419
f 1261 4419 6870 4391
f 1262 4400 6887 4418
f 1262 4418 6892 4409
f 1262 4409 6893 4417
f 1262 4417 6888 4400
f 1263 4413 6912 4436
f 1263 4436 6925 4462
f 1263 4462 6926 4425
f 1263 4425 6899 4413
f 1264 4434 6898 4426
f 1264 4426 6927 4477
f 1264 4477 6936 4429
f 1264 4429 6908 4434
f 1265 4409 6892 4432
f 1265 4432 6915 4456
f 1265 4456 6917 4439
f 1265 4439 6893 4409
f 1266 4424 7236 5077
f 1266 5077 7238 4469
f 1266 4469 6937 4433
f 1266 4433 6904 4424
f 1267 4422 7234 4427
f 1267 4427 7236 4424
f 1267 4424 6904 4454
f 1267 4454 6902 4422
f 1268 2542 6909 5074
f 1268 5074 6911 4442
f 1268 4442 6903 4449
f 1268 4449 6900 2542
f 1269 4441 6910 4421
f 1269 4421 6955 4557
f 1269 4557 6975 4428
f 1269 4428 6902 4441
f 1270 4430 6906 4435
f 1270 4435 6943 4556
f 1270 4556 6956 4386
f 1270 4386 6879 4430
f 1271 4430 6879 4398
f 1271 4398 6885 5411
f 1271 5411 6906 4430
f 1272 5411 6885 5331
f 1272 5331 6898 4434
f 1272 4434 6908 5076
f 1272 5076 6906 5411
f 1273 5388 6890 4447
f 1273 4447 6916 5330
f 1273 5330 6915 4432
f 1273 4432 6892 5388
f 1274 4445 6904 4433
f 1274 4433 6937 4485
f 1274 4485 6925 4436
f 1274 4436 6912 4445
f 1275 4412 6896 4437
f 1275 4437 6920 4460
f 1275 4460 6921 4438
f 1275 4438 6897 4412
f 1276 4408 6891 4451
f 1276 4451 6914 4455
f 1276 4455 6913 4452
f 1276 4452 6911 4408
f 1277 3134 7233 5305
f 1277 5305 7235 5000
f 1277 5000 6907 5075
f 1277 5075 6905 3134
f 1278 2470 6865 5410
f 1278 5410 6891 4408
f 1278 4408 6911 5074
f 1278 5074 6909 2470
f 1279 4411 6893 4439
f 1279 4439 6917 4459
f 1279 4459 6923 4443
f 1279 4443 6895 4411
f 1280 4431 6907 4444
f 1280 4444 6928 4474
f 1280 4474 6916 4447
f 1280 4447 6890 4431
f 1281 4442 6911 4452
f 1281 4452 6913 4482
f 1281 4482 6929 4453
f 1281 4453 6903 4442
f 1282 4441 6902 4454
f 1282 4454 6904 4445
f 1282 4445 6912 4403
f 1282 4403 6910 4441
f 1283 4563 6979 4577
f 1283 4577 6980 4564
f 1283 4564 6954 4446
f 1283 4446 6880 4563
f 1284 4458 6921 4481
f 1284 4481 6945 4495
f 1284 4495 6946 4487
f 1284 4487 6922 4458
f 1285 4464 6926 4473
f 1285 4473 6949 4501
f 1285 4501 6944 4480
f 1285 4480 6920 4464
f 1286 4485 6937 4476
f 1286 4476 6959 4523
f 1286 4523 6948 4472
f 1286 4472 6925 4485
f 1287 4477 6927 4471
f 1287 4471 6950 4515
f 1287 4515 6958 4475
f 1287 4475 6936 4477
f 1288 4463 6923 4486
f 1288 4486 6947 4500
f 1288 4500 6950 4471
f 1288 4471 6927 4463
f 1289 4462 6925 4472
f 1289 4472 6948 4499
f 1289 4499 6949 4473
f 1289 4473 6926 4462
f 1290 4469 7238 5073
f 1290 5073 7241 4506
f 1290 4506 6959 4476
f 1290 4476 6937 4469
f 1291 4456 6915 4478
f 1291 4478 6940 4492
f 1291 4492 6942 4484
f 1291 4484 6917 4456
f 1292 4482 6913 4483
f 1292 4483 6938 4520
f 1292 4520 6952 4489
f 1292 4489 6929 4482
f 1293 5330 6916 4479
f 1293 4479 6941 5389
f 1293 5389 6940 4478
f 1293 4478 6915 5330
f 1294 4474 6928 4490
f 1294 4490 6951 4512
f 1294 4512 6941 4479
f 1294 4479 6916 4474
f 1295 4460 6920 4480
f 1295 4480 6944 4497
f 1295 4497 6945 4481
f 1295 4481 6921 4460
f 1296 4455 6914 4488
f 1296 4488 6939 4491
f 1296 4491 6938 4483
f 1296 4483 6913 4455
f 1297 4459 6917 4484
f 1297 4484 6942 4496
f 1297 4496 6947 4486
f 1297 4486 6923 4459
f 1298 5002 7237 5072
f 1298 5072 7240 5005
f 1298 5005 6951 4490
f 1298 4490 6928 5002
f 1299 4506 7241 5071
f 1299 5071 7243 4537
f 1299 4537 6974 4522
f 1299 4522 6959 4506
f 1300 4492 6940 4509
f 1300 4509 6933 4468
f 1300 4468 6931 4513
f 1300 4513 6942 4492
f 1301 4520 6938 4511
f 1301 4511 6935 4550
f 1301 4550 6966 4516
f 1301 4516 6952 4520
f 1302 5389 6941 4510
f 1302 4510 6932 5332
f 1302 5332 6933 4509
f 1302 4509 6940 5389
f 1303 4512 6951 4517
f 1303 4517 6965 4542
f 1303 4542 6932 4510
f 1303 4510 6941 4512
f 1304 4497 6944 4521
f 1304 4521 6919 4529
f 1304 4529 6918 4518
f 1304 4518 6945 4497
f 1305 4491 6939 4514
f 1305 4514 6934 4470
f 1305 4470 6935 4511
f 1305 4511 6938 4491
f 1306 4496 6942 4513
f 1306 4513 6931 4457
f 1306 4457 6961 4525
f 1306 4525 6947 4496
f 1307 5005 7240 5070
f 1307 5070 7242 5007
f 1307 5007 6965 4517
f 1307 4517 6951 5005
f 1308 4495 6945 4518
f 1308 4518 6918 4461
f 1308 4461 6960 4519
f 1308 4519 6946 4495
f 1309 4501 6949 4528
f 1309 4528 6963 4533
f 1309 4533 6919 4521
f 1309 4521 6944 4501
f 1310 4523 6959 4522
f 1310 4522 6974 4552
f 1310 4552 6962 4527
f 1310 4527 6948 4523
f 1311 4515 6950 4526
f 1311 4526 6964 4545
f 1311 4545 6973 4524
f 1311 4524 6958 4515
f 1312 4500 6947 4525
f 1312 4525 6961 4532
f 1312 4532 6964 4526
f 1312 4526 6950 4500
f 1313 4499 6948 4527
f 1313 4527 6962 4531
f 1313 4531 6963 4528
f 1313 4528 6949 4499
f 1314 4545 6964 4546
f 1314 4546 7066 4713
f 1314 4713 7075 4547
f 1314 4547 6973 4545
f 1315 4532 6961 4567
f 1315 4567 7042 4700
f 1315 4700 7066 4546
f 1315 4546 6964 4532
f 1316 4461 6918 4549
f 1316 4549 7052 4675
f 1316 4675 7053 4553
f 1316 4553 6960 4461
f 1317 4468 6933 4548
f 1317 4548 7061 4697
f 1317 4697 7041 4566
f 1317 4566 6931 4468
f 1318 4531 6962 4576
f 1318 4576 7064 4699
f 1318 4699 7065 4573
f 1318 4573 6963 4531
f 1319 4537 7243 5069
f 1319 5069 7251 4706
f 1319 4706 7076 4575
f 1319 4575 6974 4537
f 1320 5332 6932 5386
f 1320 5386 7062 4725
f 1320 4725 7061 4548
f 1320 4548 6933 5332
f 1321 4550 6935 4551
f 1321 4551 7063 4717
f 1321 4717 7068 4554
f 1321 4554 6966 4550
f 1322 4542 6965 4555
f 1322 4555 7067 5387
f 1322 5387 7062 5386
f 1322 5386 6932 4542
f 1323 4529 6919 4574
f 1323 4574 7059 4698
f 1323 4698 7052 4549
f 1323 4549 6918 4529
f 1324 4470 6934 5267
f 1324 5267 7046 5266
f 1324 5266 7063 4551
f 1324 4551 6935 4470
f 1325 5344 6960 4553
f 1325 4553 7053 4668
f 1325 4668 7046 5267
f 1325 5267 6934 5344
f 1326 5007 7242 5068
f 1326 5068 7250 5015
f 1326 5015 7067 4555
f 1326 4555 6965 5007
f 1327 4507 6956 4503
f 1327 4503 6994 4585
f 1327 4585 6993 4493
f 1327 4493 6981 4507
f 1328 4556 6943 4508
f 1328 4508 6988 4587
f 1328 4587 6994 4503
f 1328 4503 6956 4556
f 1329 5103 7292 5173
f 1329 5173 7294 5105
f 1329 5105 6995 2661
f 1329 2661 6957 5103
f 1330 4564 6980 4572
f 1330 4572 6989 4590
f 1330 4590 6992 4569
f 1330 4569 6954 4564
f 1331 4999 7234 5067
f 1331 5067 7239 5004
f 1331 5004 6943 4435
f 1331 4435 6906 4999
f 1332 4388 6880 4446
f 1332 4446 6954 4505
f 1332 4505 6955 4421
f 1332 4421 6910 4388
f 1333 4557 6955 4570
f 1333 4570 6991 4588
f 1333 4588 6987 4571
f 1333 4571 6975 4557
f 1334 4505 6954 4569
f 1334 4569 6992 4584
f 1334 4584 6991 4570
f 1334 4570 6955 4505
f 1335 5004 7239 5066
f 1335 5066 7245 5010
f 1335 5010 6988 4508
f 1335 4508 6943 5004
f 1336 5227 7366 5311
f 1336 5311 7367 5228
f 1336 5228 6989 4572
f 1336 4572 6980 5227
f 1337 4457 6931 4566
f 1337 4566 7041 4674
f 1337 4674 7042 4567
f 1337 4567 6961 4457
f 1338 4533 6963 4573
f 1338 4573 7065 4701
f 1338 4701 7059 4574
f 1338 4574 6919 4533
f 1339 4552 6974 4575
f 1339 4575 7076 4720
f 1339 4720 7064 4576
f 1339 4576 6962 4552
f 1340 5254 6946 4519
f 1340 4519 6960 5344
f 1340 5344 6934 4514
f 1340 4514 6939 5254
f 1341 5333 6922 4487
f 1341 4487 6946 5254
f 1341 5254 6939 4488
f 1341 4488 6914 5333
f 1342 5225 7364 5307
f 1342 5307 7366 5227
f 1342 5227 6980 4577
f 1342 4577 6979 5225
f 1343 5252 6894 4450
f 1343 4450 6922 5333
f 1343 5333 6914 4451
f 1343 4451 6891 5252
f 1344 5255 6869 4440
f 1344 4440 6894 5252
f 1344 5252 6891 5410
f 1344 5410 6865 5255
f 1345 5223 7362 5304
f 1345 5304 7364 5225
f 1345 5225 6979 4578
f 1345 4578 6976 5223
f 1346 4387 6879 4386
f 1346 4386 6956 4507
f 1346 4507 6981 4579
f 1346 4579 6978 4387
f 1347 4379 6872 4390
f 1347 4390 6879 4387
f 1347 4387 6978 4580
f 1347 4580 6901 4379
f 1348 4384 6876 4561
f 1348 4561 6977 4581
f 1348 4581 6976 4560
f 1348 4560 6870 4384
f 1349 5393 6874 5391
f 1349 5391 6901 4559
f 1349 4559 7340 5393
f 1350 4381 6869 5255
f 1350 5255 6865 5253
f 1350 5253 6977 4561
f 1350 4561 6876 4381
f 1351 5228 7367 5303
f 1351 5303 7365 5226
f 1351 5226 6996 4586
f 1351 4586 6989 5228
f 1352 4590 6989 4586
f 1352 4586 6996 4603
f 1352 4603 6999 4592
f 1352 4592 6992 4590
f 1353 4588 6991 4593
f 1353 4593 6998 4600
f 1353 4600 6986 4589
f 1353 4589 6987 4588
f 1354 4585 6994 4596
f 1354 4596 7001 4598
f 1354 4598 7000 4594
f 1354 4594 6993 4585
f 1355 5010 7245 5065
f 1355 5065 7244 5009
f 1355 5009 6985 4595
f 1355 4595 6988 5010
f 1356 4584 6992 4592
f 1356 4592 6999 4597
f 1356 4597 6998 4593
f 1356 4593 6991 4584
f 1357 5105 7294 5168
f 1357 5168 7295 5106
f 1357 5106 7002 2701
f 1357 2701 6995 5105
f 1358 4587 6988 4595
f 1358 4595 6985 4599
f 1358 4599 7001 4596
f 1358 4596 6994 4587
f 1359 4599 6985 4568
f 1359 4568 7005 4615
f 1359 4615 7010 4601
f 1359 4601 7001 4599
f 1360 4603 6996 4605
f 1360 4605 7003 4618
f 1360 4618 7008 4606
f 1360 4606 6999 4603
f 1361 4600 6998 4607
f 1361 4607 7007 4616
f 1361 4616 7006 4602
f 1361 4602 6986 4600
f 1362 4598 7001 4601
f 1362 4601 7010 4613
f 1362 4613 7009 4608
f 1362 4608 7000 4598
f 1363 5009 7244 5064
f 1363 5064 7246 5011
f 1363 5011 7005 4568
f 1363 4568 6985 5009
f 1364 5226 7365 5302
f 1364 5302 7368 5229
f 1364 5229 7003 4605
f 1364 4605 6996 5226
f 1365 4597 6999 4606
f 1365 4606 7008 4612
f 1365 4612 7007 4607
f 1365 4607 6998 4597
f 1366 5106 7295 5166
f 1366 5166 7297 5108
f 1366 5108 7011 2717
f 1366 2717 7002 5106
f 1367 5095 7275 4610
f 1367 4610 7019 4627
f 1367 4627 7018 5082
f 1367 5082 7279 5095
f 1368 5094 7284 5063
f 1368 5063 7247 5012
f 1368 5012 7014 5081
f 1368 5081 7278 5094
f 1369 5093 7277 4614
f 1369 4614 7017 4626
f 1369 4626 7016 5084
f 1369 5084 7282 5093
f 1370 5136 7325 5165
f 1370 5165 7299 5110
f 1370 5110 7020 2721
f 1370 2721 7276 5136
f 1371 5091 7278 5081
f 1371 5081 7014 4628
f 1371 4628 7019 4610
f 1371 4610 7275 5091
f 1372 5090 7281 4621
f 1372 4621 7012 4631
f 1372 4631 7017 4614
f 1372 4614 7277 5090
f 1373 5245 7380 5301
f 1373 5301 7369 5230
f 1373 5230 7012 4621
f 1373 4621 7281 5245
f 1374 5088 7282 5084
f 1374 5084 7016 4629
f 1374 4629 7015 4623
f 1374 4623 7283 5088
f 1375 4631 7012 4630
f 1375 4630 7021 4645
f 1375 4645 7024 4633
f 1375 4633 7017 4631
f 1376 5230 7369 5300
f 1376 5300 7370 5231
f 1376 5231 7021 4630
f 1376 4630 7012 5230
f 1377 4627 7019 4637
f 1377 4637 7026 4642
f 1377 4642 7025 4635
f 1377 4635 7018 4627
f 1378 4626 7017 4633
f 1378 4633 7024 4641
f 1378 4641 7023 4634
f 1378 4634 7016 4626
f 1379 5110 7299 5162
f 1379 5162 7301 5112
f 1379 5112 7027 2748
f 1379 2748 7020 5110
f 1380 4642 7026 4639
f 1380 4639 7036 4654
f 1380 4654 7035 4649
f 1380 4649 7025 4642
f 1381 4641 7024 4643
f 1381 4643 7034 4653
f 1381 4653 7033 4648
f 1381 4648 7023 4641
f 1382 5112 7301 5161
f 1382 5161 7303 5114
f 1382 5114 7037 2754
f 1382 2754 7027 5112
f 1383 4645 7021 4650
f 1383 4650 7028 4659
f 1383 4659 7034 4643
f 1383 4643 7024 4645
f 1384 5231 7370 5299
f 1384 5299 7371 5232
f 1384 5232 7028 4650
f 1384 4650 7021 5231
f 1385 4654 7036 4652
f 1385 4652 7050 4670
f 1385 4670 7049 4663
f 1385 4663 7035 4654
f 1386 4653 7034 4655
f 1386 4655 7048 4669
f 1386 4669 7047 4662
f 1386 4662 7033 4653
f 1387 5114 7303 5159
f 1387 5159 7306 5117
f 1387 5117 7051 2768
f 1387 2768 7037 5114
f 1388 4659 7028 4664
f 1388 4664 7039 4676
f 1388 4676 7048 4655
f 1388 4655 7034 4659
f 1389 5232 7371 5298
f 1389 5298 7373 5234
f 1389 5234 7039 4664
f 1389 4664 7028 5232
f 1390 5378 7400 4671
f 1390 4671 7055 4684
f 1390 4684 7054 5356
f 1390 5356 7403 5378
f 1391 5377 7410 5157
f 1391 5157 7307 5118
f 1391 5118 7058 2784
f 1391 2784 7399 5377
f 1392 5376 7407 4683
f 1392 4683 7038 4687
f 1392 4687 7057 5357
f 1392 5357 7404 5376
f 1393 5375 7402 4678
f 1393 4678 7031 4689
f 1393 4689 7055 4671
f 1393 4671 7400 5375
f 1394 5374 7412 5297
f 1394 5297 7372 5233
f 1394 5233 7031 4678
f 1394 4678 7402 5374
f 1395 5373 7403 5356
f 1395 5356 7054 4688
f 1395 4688 7032 5359
f 1395 5359 7406 5373
f 1396 5372 7404 5357
f 1396 5357 7057 4685
f 1396 4685 7056 4681
f 1396 4681 7405 5372
f 1397 5371 7408 5062
f 1397 5062 7248 5013
f 1397 5013 7038 4683
f 1397 4683 7407 5371
f 1398 4684 7055 4692
f 1398 4692 7170 4894
f 1398 4894 7169 4693
f 1398 4693 7054 4684
f 1399 5118 7307 5155
f 1399 5155 7310 5121
f 1399 5121 7173 2775
f 1399 2775 7058 5118
f 1400 4687 7038 4686
f 1400 4686 7166 4897
f 1400 4897 7172 4695
f 1400 4695 7057 4687
f 1401 5233 7372 5296
f 1401 5296 7375 5239
f 1401 5239 7167 4691
f 1401 4691 7031 5233
f 1402 4689 7031 4691
f 1402 4691 7167 4902
f 1402 4902 7170 4692
f 1402 4692 7055 4689
f 1403 5013 7248 5061
f 1403 5061 7267 5032
f 1403 5032 7166 4686
f 1403 4686 7038 5013
f 1404 4688 7054 4693
f 1404 4693 7169 4898
f 1404 4898 7165 4694
f 1404 4694 7032 4688
f 1405 4685 7057 4695
f 1405 4695 7172 4895
f 1405 4895 7171 4696
f 1405 4696 7056 4685
f 1406 4812 7122 4921
f 1406 4921 7180 4913
f 1406 4913 7183 4920
f 1406 4920 7127 4812
f 1407 4713 7066 4714
f 1407 4714 7082 4740
f 1407 4740 7090 4715
f 1407 4715 7075 4713
f 1408 4700 7042 4722
f 1408 4722 6969 4467
f 1408 4467 7082 4714
f 1408 4714 7066 4700
f 1409 4699 7064 4730
f 1409 4730 7080 4530
f 1409 4530 7081 4727
f 1409 4727 7065 4699
f 1410 4706 7251 5060
f 1410 5060 7253 4734
f 1410 4734 7091 4729
f 1410 4729 7076 4706
f 1411 4717 7063 4718
f 1411 4718 6924 4743
f 1411 4743 7084 4723
f 1411 4723 7068 4717
f 1412 5387 7067 4724
f 1412 4724 7083 4738
f 1412 4738 6930 5352
f 1412 5352 7062 5387
f 1413 4698 7059 4728
f 1413 4728 6970 4536
f 1413 4536 6967 4716
f 1413 4716 7052 4698
f 1414 4675 7052 4716
f 1414 4716 6967 4539
f 1414 4539 6972 4719
f 1414 4719 7053 4675
f 1415 5266 7046 4721
f 1415 4721 6982 5348
f 1415 5348 6924 4718
f 1415 4718 7063 5266
f 1416 4668 7053 4719
f 1416 4719 6972 4543
f 1416 4543 6982 4721
f 1416 4721 7046 4668
f 1417 4674 7041 4726
f 1417 4726 6968 4540
f 1417 4540 6969 4722
f 1417 4722 7042 4674
f 1418 5015 7250 5059
f 1418 5059 7252 5017
f 1418 5017 7083 4724
f 1418 4724 7067 5015
f 1419 4697 7061 4731
f 1419 4731 6983 4538
f 1419 4538 6968 4726
f 1419 4726 7041 4697
f 1420 4701 7065 4727
f 1420 4727 7081 4466
f 1420 4466 6970 4728
f 1420 4728 7059 4701
f 1421 4720 7076 4729
f 1421 4729 7091 4746
f 1421 4746 7080 4730
f 1421 4730 7064 4720
f 1422 4725 7062 5352
f 1422 5352 6930 5340
f 1422 5340 6983 4731
f 1422 4731 7061 4725
f 1423 5353 7386 4745
f 1423 4745 7106 4776
f 1423 4776 7073 5315
f 1423 5315 7384 5353
f 1424 5351 7381 5237
f 1424 5237 7060 5385
f 1424 5385 7094 5326
f 1424 5326 7395 5351
f 1425 5350 7382 4741
f 1425 4741 7077 4769
f 1425 4769 7105 5316
f 1425 5316 7385 5350
f 1426 5349 7390 4750
f 1426 4750 7074 4711
f 1426 4711 7077 4741
f 1426 4741 7382 5349
f 1427 5347 7392 4752
f 1427 4752 7095 5268
f 1427 5268 7069 5244
f 1427 5244 7383 5347
f 1428 5346 7384 5315
f 1428 5315 7073 4710
f 1428 4710 7079 5318
f 1428 5318 7387 5346
f 1429 5345 7398 5058
f 1429 5058 7255 4761
f 1429 4761 7106 4745
f 1429 4745 7386 5345
f 1430 5210 7383 5244
f 1430 5244 7069 4707
f 1430 4707 7070 5319
f 1430 5319 7388 5210
f 1431 5343 7387 5318
f 1431 5318 7079 4712
f 1431 4712 7078 5320
f 1431 5320 7389 5343
f 1432 5342 7388 5319
f 1432 5319 7070 4773
f 1432 4773 7098 5324
f 1432 5324 7393 5342
f 1433 5341 7389 5320
f 1433 5320 7078 4708
f 1433 4708 7071 5322
f 1433 5322 7391 5341
f 1434 5235 7394 4754
f 1434 4754 7097 4766
f 1434 4766 7060 5237
f 1434 5237 7381 5235
f 1435 5339 7396 4756
f 1435 4756 7045 4703
f 1435 4703 7074 4750
f 1435 4750 7390 5339
f 1436 5338 7391 5322
f 1436 5322 7071 4704
f 1436 4704 7095 4752
f 1436 4752 7392 5338
f 1437 5337 7397 5057
f 1437 5057 7254 5019
f 1437 5019 7097 4754
f 1437 4754 7394 5337
f 1438 5336 7395 5326
f 1438 5326 7094 4705
f 1438 4705 7045 4756
f 1438 4756 7396 5336
f 1439 5019 7254 5056
f 1439 5056 7256 5021
f 1439 5021 7113 4781
f 1439 4781 7097 5019
f 1440 4712 7079 4777
f 1440 4777 7111 4535
f 1440 4535 7088 4783
f 1440 4783 7078 4712
f 1441 4776 7106 4774
f 1441 4774 7116 4795
f 1441 4795 7110 4775
f 1441 4775 7073 4776
f 1442 5385 7060 4782
f 1442 4782 6984 5236
f 1442 5236 7093 4771
f 1442 4771 7094 5385
f 1443 4711 7074 4780
f 1443 4780 7087 4541
f 1443 4541 7112 4770
f 1443 4770 7077 4711
f 1444 4769 7077 4770
f 1444 4770 7112 4790
f 1444 4790 7115 4772
f 1444 4772 7105 4769
f 1445 4705 7094 4771
f 1445 4771 7093 4735
f 1445 4735 7086 4779
f 1445 4779 7045 4705
f 1446 4761 7255 5055
f 1446 5055 7257 4788
f 1446 4788 7116 4774
f 1446 4774 7106 4761
f 1447 4704 7071 4784
f 1447 4784 7085 4736
f 1447 4736 7089 4785
f 1447 4785 7095 4704
f 1448 4710 7073 4775
f 1448 4775 7110 4544
f 1448 4544 7111 4777
f 1448 4777 7079 4710
f 1449 4773 7070 4786
f 1449 4786 6971 4793
f 1449 4793 7114 4778
f 1449 4778 7098 4773
f 1450 4703 7045 4779
f 1450 4779 7086 4737
f 1450 4737 7087 4780
f 1450 4780 7074 4703
f 1451 4766 7097 4781
f 1451 4781 7113 4789
f 1451 4789 6984 4782
f 1451 4782 7060 4766
f 1452 4708 7078 4783
f 1452 4783 7088 4733
f 1452 4733 7085 4784
f 1452 4784 7071 4708
f 1453 5268 7095 4785
f 1453 4785 7089 4739
f 1453 4739 7092 5269
f 1453 5269 7069 5268
f 1454 4707 7069 5269
f 1454 5269 7092 5271
f 1454 5271 6971 4786
f 1454 4786 7070 4707
f 1455 4735 7093 4792
f 1455 4792 7117 4760
f 1455 4760 7072 4804
f 1455 4804 7086 4735
f 1456 5021 7256 5054
f 1456 5054 7258 5023
f 1456 5023 7120 4802
f 1456 4802 7113 5021
f 1457 4544 7110 4791
f 1457 4791 7103 4765
f 1457 4765 7109 4798
f 1457 4798 7111 4544
f 1458 4795 7116 4797
f 1458 4797 7129 4825
f 1458 4825 7103 4791
f 1458 4791 7110 4795
f 1459 5236 6984 4803
f 1459 4803 7096 5383
f 1459 5383 7117 4792
f 1459 4792 7093 5236
f 1460 4739 7089 4807
f 1460 4807 7118 5270
f 1460 5270 7099 5265
f 1460 5265 7092 4739
f 1461 4790 7112 4794
f 1461 4794 7107 4818
f 1461 4818 7128 4796
f 1461 4796 7115 4790
f 1462 5271 7092 5265
f 1462 5265 7099 4762
f 1462 4762 7100 4800
f 1462 4800 6971 5271
f 1463 4541 7087 4805
f 1463 4805 7104 4767
f 1463 4767 7107 4794
f 1463 4794 7112 4541
f 1464 4788 7257 5053
f 1464 5053 7259 4810
f 1464 4810 7129 4797
f 1464 4797 7116 4788
f 1465 4733 7088 4799
f 1465 4799 7108 4763
f 1465 4763 7101 4806
f 1465 4806 7085 4733
f 1466 4535 7111 4798
f 1466 4798 7109 4768
f 1466 4768 7108 4799
f 1466 4799 7088 4535
f 1467 4793 6971 4800
f 1467 4800 7100 4823
f 1467 4823 7121 4801
f 1467 4801 7114 4793
f 1468 4789 7113 4802
f 1468 4802 7120 4815
f 1468 4815 7096 4803
f 1468 4803 6984 4789
f 1469 4737 7086 4804
f 1469 4804 7072 4758
f 1469 4758 7104 4805
f 1469 4805 7087 4737
f 1470 4736 7085 4806
f 1470 4806 7101 4759
f 1470 4759 7118 4807
f 1470 4807 7089 4736
f 1471 4760 7117 4820
f 1471 4820 7133 4838
f 1471 4838 7138 4822
f 1471 4822 7072 4760
f 1472 5023 7258 5052
f 1472 5052 7260 5025
f 1472 5025 7145 4830
f 1472 4830 7120 5023
f 1473 4759 7101 4824
f 1473 4824 7139 4837
f 1473 4837 7135 4821
f 1473 4821 7118 4759
f 1474 4765 7103 4819
f 1474 4819 7142 4840
f 1474 4840 7143 4831
f 1474 4831 7109 4765
f 1475 4825 7129 4827
f 1475 4827 7148 4852
f 1475 4852 7142 4819
f 1475 4819 7103 4825
f 1476 5383 7096 5246
f 1476 5246 7140 4857
f 1476 4857 7133 4820
f 1476 4820 7117 5383
f 1477 5270 7118 4821
f 1477 4821 7135 4835
f 1477 4835 7134 5290
f 1477 5290 7099 5270
f 1478 4758 7072 4822
f 1478 4822 7138 4836
f 1478 4836 7137 4833
f 1478 4833 7104 4758
f 1479 4818 7107 4834
f 1479 4834 7144 4845
f 1479 4845 7147 4826
f 1479 4826 7128 4818
f 1480 4763 7108 4832
f 1480 4832 7136 4839
f 1480 4839 7139 4824
f 1480 4824 7101 4763
f 1481 4810 7259 5051
f 1481 5051 7261 4844
f 1481 4844 7148 4827
f 1481 4827 7129 4810
f 1482 4762 7099 5290
f 1482 5290 7134 5284
f 1482 5284 7141 4828
f 1482 4828 7100 4762
f 1483 4823 7100 4828
f 1483 4828 7141 4849
f 1483 4849 7146 4829
f 1483 4829 7121 4823
f 1484 4815 7120 4830
f 1484 4830 7145 5211
f 1484 5211 7140 5246
f 1484 5246 7096 4815
f 1485 4768 7109 4831
f 1485 4831 7143 4842
f 1485 4842 7136 4832
f 1485 4832 7108 4768
f 1486 4767 7104 4833
f 1486 4833 7137 4841
f 1486 4841 7144 4834
f 1486 4834 7107 4767
f 1487 4849 7141 4846
f 1487 4846 7102 4880
f 1487 4880 7154 4847
f 1487 4847 7146 4849
f 1488 4835 7135 4853
f 1488 4853 7127 4816
f 1488 4816 7130 4859
f 1488 4859 7134 4835
f 1489 5211 7145 4848
f 1489 4848 7153 4873
f 1489 4873 7119 5379
f 1489 5379 7140 5211
f 1490 4839 7136 4850
f 1490 4850 7125 4809
f 1490 4809 7122 4851
f 1490 4851 7139 4839
f 1491 5284 7134 4859
f 1491 4859 7130 5289
f 1491 5289 7102 4846
f 1491 4846 7141 5284
f 1492 5025 7260 5050
f 1492 5050 7262 5027
f 1492 5027 7153 4848
f 1492 4848 7145 5025
f 1493 4838 7133 4854
f 1493 4854 7131 4811
f 1493 4811 7123 4856
f 1493 4856 7138 4838
f 1494 4842 7143 4861
f 1494 4861 7151 4667
f 1494 4667 7125 4850
f 1494 4850 7136 4842
f 1495 4852 7148 4863
f 1495 4863 7162 4883
f 1495 4883 7150 4860
f 1495 4860 7142 4852
f 1496 4837 7139 4851
f 1496 4851 7122 4812
f 1496 4812 7127 4853
f 1496 4853 7135 4837
f 1497 4857 7140 5379
f 1497 5379 7119 5380
f 1497 5380 7131 4854
f 1497 4854 7133 4857
f 1498 4845 7144 4855
f 1498 4855 7152 4876
f 1498 4876 7161 4862
f 1498 4862 7147 4845
f 1499 4841 7137 4858
f 1499 4858 7124 4709
f 1499 4709 7152 4855
f 1499 4855 7144 4841
f 1500 4836 7138 4856
f 1500 4856 7123 4813
f 1500 4813 7124 4858
f 1500 4858 7137 4836
f 1501 4840 7142 4860
f 1501 4860 7150 4764
f 1501 4764 7151 4861
f 1501 4861 7143 4840
f 1502 4844 7261 5049
f 1502 5049 7265 4868
f 1502 4868 7162 4863
f 1502 4863 7148 4844
f 1503 4885 7126 4888
f 1503 4888 7184 4916
f 1503 4916 7178 4919
f 1503 4919 7150 4885
f 1504 4874 7157 4879
f 1504 4879 7161 4876
f 1504 4876 7152 4709
f 1504 4709 7124 4874
f 1505 4881 7126 4885
f 1505 4885 7150 4883
f 1505 4883 7162 4869
f 1505 4869 7158 4881
f 1506 5048 7266 5031
f 1506 5031 7156 4870
f 1506 4870 7160 4867
f 1506 4867 7264 5048
f 1507 5382 7262 4864
f 1507 4864 7154 5293
f 1507 5293 7156 5031
f 1507 5031 7266 5382
f 1508 5047 7264 4867
f 1508 4867 7160 4871
f 1508 4871 7158 4866
f 1508 4866 7263 5047
f 1509 4813 7123 4875
f 1509 4875 7159 4877
f 1509 4877 7157 4874
f 1509 4874 7124 4813
f 1510 5380 7119 4873
f 1510 4873 7153 5295
f 1510 5295 7132 4817
f 1510 4817 7131 5380
f 1511 4811 7131 4817
f 1511 4817 7132 4878
f 1511 4878 7159 4875
f 1511 4875 7123 4811
f 1512 5028 7263 5046
f 1512 5046 7265 5030
f 1512 5030 7161 4879
f 1512 4879 7157 5028
f 1513 5289 7130 5294
f 1513 5294 7182 4912
f 1513 4912 7181 4814
f 1513 4814 7102 5289
f 1514 4870 7156 4865
f 1514 4865 7155 4886
f 1514 4886 7149 4882
f 1514 4882 7160 4870
f 1515 5293 7154 4880
f 1515 4880 7102 5384
f 1515 5384 7155 4865
f 1515 4865 7156 5293
f 1516 4871 7160 4882
f 1516 4882 7149 4887
f 1516 4887 7126 4881
f 1516 4881 7158 4871
f 1517 4887 7149 4884
f 1517 4884 7179 4918
f 1517 4918 7184 4888
f 1517 4888 7126 4887
f 1518 4898 7169 4901
f 1518 4901 7190 4930
f 1518 4930 7186 4900
f 1518 4900 7165 4898
f 1519 4895 7172 4899
f 1519 4899 7193 4928
f 1519 4928 7192 4904
f 1519 4904 7171 4895
f 1520 5032 7267 5045
f 1520 5045 7269 5034
f 1520 5034 7187 4905
f 1520 4905 7166 5032
f 1521 4894 7170 4907
f 1521 4907 7191 4927
f 1521 4927 7190 4901
f 1521 4901 7169 4894
f 1522 5121 7310 5153
f 1522 5153 7312 5123
f 1522 5123 7194 3026
f 1522 3026 7173 5121
f 1523 4897 7166 4905
f 1523 4905 7187 4929
f 1523 4929 7193 4899
f 1523 4899 7172 4897
f 1524 5239 7375 5291
f 1524 5291 7376 5240
f 1524 5240 7188 4906
f 1524 4906 7167 5239
f 1525 4902 7167 4906
f 1525 4906 7188 4934
f 1525 4934 7191 4907
f 1525 4907 7170 4902
f 1526 5292 7181 4912
f 1526 4912 7182 5381
f 1526 5381 7183 4915
f 1526 4915 7185 5292
f 1527 4918 7179 4910
f 1527 4910 7180 4911
f 1527 4911 7177 4914
f 1527 4914 7184 4918
f 1528 4917 7185 4915
f 1528 4915 7183 4913
f 1528 4913 7180 4910
f 1528 4910 7179 4917
f 1529 4914 7177 4908
f 1529 4908 7176 4909
f 1529 4909 7178 4916
f 1529 4916 7184 4914
f 1530 4764 7150 4919
f 1530 4919 7178 4909
f 1530 4909 7176 4922
f 1530 4922 7151 4764
f 1531 4816 7127 4920
f 1531 4920 7183 5381
f 1531 5381 7182 5294
f 1531 5294 7130 4816
f 1532 4886 7155 4923
f 1532 4923 7185 4917
f 1532 4917 7179 4884
f 1532 4884 7149 4886
f 1533 5384 7102 4814
f 1533 4814 7181 5292
f 1533 5292 7185 4923
f 1533 4923 7155 5384
f 1534 4667 7151 4922
f 1534 4922 7176 4908
f 1534 4908 7177 4924
f 1534 4924 7125 4667
f 1535 4809 7125 4924
f 1535 4924 7177 4911
f 1535 4911 7180 4921
f 1535 4921 7122 4809
f 1536 5654 7523 4933
f 1536 4933 7197 4944
f 1536 4944 7175 5631
f 1536 5631 7522 5654
f 1537 5653 7521 4931
f 1537 4931 7200 4941
f 1537 4941 7199 5633
f 1537 5633 7524 5653
f 1538 5652 7530 5044
f 1538 5044 7268 5033
f 1538 5033 7174 5634
f 1538 5634 7526 5652
f 1539 5651 7529 4939
f 1539 4939 7198 4940
f 1539 4940 7197 4933
f 1539 4933 7523 5651
f 1540 5650 7532 5151
f 1540 5151 7314 5125
f 1540 5125 7201 3060
f 1540 3060 7525 5650
f 1541 5649 7526 5634
f 1541 5634 7174 4943
f 1541 4943 7200 4931
f 1541 4931 7521 5649
f 1542 5648 7534 5288
f 1542 5288 7374 5238
f 1542 5238 7195 5635
f 1542 5635 7528 5648
f 1543 5647 7528 5635
f 1543 5635 7195 4947
f 1543 4947 7198 4939
f 1543 4939 7529 5647
f 1544 4947 7195 4896
f 1544 4896 7206 4966
f 1544 4966 7213 4949
f 1544 4949 7198 4947
f 1545 4944 7197 4950
f 1545 4950 7212 4963
f 1545 4963 7205 4953
f 1545 4953 7175 4944
f 1546 4941 7200 4952
f 1546 4952 7215 4960
f 1546 4960 7214 4951
f 1546 4951 7199 4941
f 1547 5238 7374 5287
f 1547 5287 7378 5242
f 1547 5242 7206 4896
f 1547 4896 7195 5238
f 1548 4940 7198 4949
f 1548 4949 7213 4959
f 1548 4959 7212 4950
f 1548 4950 7197 4940
f 1549 5125 7314 5148
f 1549 5148 7317 5128
f 1549 5128 7216 3079
f 1549 3079 7201 5125
f 1550 4943 7174 4945
f 1550 4945 7208 4962
f 1550 4962 7215 4952
f 1550 4952 7200 4943
f 1551 5033 7268 5043
f 1551 5043 7272 5037
f 1551 5037 7208 4945
f 1551 4945 7174 5033
f 1552 5037 7272 5042
f 1552 5042 7270 5035
f 1552 5035 7202 4958
f 1552 4958 7208 5037
f 1553 4959 7213 4961
f 1553 4961 7220 4972
f 1553 4972 7219 4969
f 1553 4969 7212 4959
f 1554 5128 7317 5147
f 1554 5147 7318 5129
f 1554 5129 7223 3099
f 1554 3099 7216 5128
f 1555 4962 7208 4958
f 1555 4958 7202 4975
f 1555 4975 7222 4970
f 1555 4970 7215 4962
f 1556 5242 7378 5286
f 1556 5286 7377 5241
f 1556 5241 7163 4968
f 1556 4968 7206 5242
f 1557 4966 7206 4968
f 1557 4968 7163 4977
f 1557 4977 7220 4961
f 1557 4961 7213 4966
f 1558 4963 7212 4969
f 1558 4969 7219 4976
f 1558 4976 7164 4957
f 1558 4957 7205 4963
f 1559 4960 7215 4970
f 1559 4970 7222 4973
f 1559 4973 7221 4971
f 1559 4971 7214 4960
f 1560 5241 7377 5285
f 1560 5285 7379 5243
f 1560 5243 7217 4979
f 1560 4979 7163 5241
f 1561 4972 7220 4889
f 1561 4889 7227 4984
f 1561 4984 7226 4980
f 1561 4980 7219 4972
f 1562 5129 7318 5144
f 1562 5144 7320 5131
f 1562 5131 7230 3109
f 1562 3109 7223 5129
f 1563 4975 7202 4974
f 1563 4974 7225 4986
f 1563 4986 7229 4982
f 1563 4982 7222 4975
f 1564 4977 7163 4979
f 1564 4979 7217 4991
f 1564 4991 7227 4889
f 1564 4889 7220 4977
f 1565 5035 7270 5041
f 1565 5041 7271 5036
f 1565 5036 7225 4974
f 1565 4974 7202 5035
f 1566 4976 7219 4980
f 1566 4980 7226 4988
f 1566 4988 7218 4981
f 1566 4981 7164 4976
f 1567 4973 7222 4982
f 1567 4982 7229 4985
f 1567 4985 7228 4983
f 1567 4983 7221 4973
f 1568 5133 7322 5143
f 1568 5143 7316 4964
f 1568 4964 7204 3123
f 1568 3123 7211 5133
f 1569 5134 7323 5142
f 1569 5142 7319 5130
f 1569 5130 7209 3174
f 1569 3174 7273 5134
f 1570 5131 7320 5141
f 1570 5141 7321 5132
f 1570 5132 7224 3119
f 1570 3119 7230 5131
f 1571 5130 7319 5140
f 1571 5140 7322 5133
f 1571 5133 7211 3098
f 1571 3098 7209 5130
f 1572 4965 7218 4988
f 1572 4988 7226 4989
f 1572 4989 7232 4995
f 1572 4995 7210 4965
f 1573 4985 7229 4986
f 1573 4986 7225 4987
f 1573 4987 7231 4996
f 1573 4996 7228 4985
f 1574 5039 7271 4954
f 1574 4954 7218 4965
f 1574 4965 7210 4997
f 1574 4997 7274 5039
f 1575 4989 7226 4984
f 1575 4984 7227 4991
f 1575 4991 7217 4998
f 1575 4998 7232 4989
f 1576 4987 7225 5036
f 1576 5036 7271 5039
f 1576 5039 7274 5038
f 1576 5038 7231 4987
f 1577 5132 7321 5139
f 1577 5139 7323 5134
f 1577 5134 7273 3091
f 1577 3091 7224 5132
f 1578 4946 7164 4981
f 1578 4981 7218 4954
f 1578 4954 7271 5041
f 1578 5041 7270 4946
f 1579 4956 7205 4957
f 1579 4957 7164 4946
f 1579 4946 7270 5042
f 1579 5042 7272 4956
f 1580 4892 7175 4953
f 1580 4953 7205 4956
f 1580 4956 7272 5043
f 1580 5043 7268 4892
f 1581 5646 7522 5631
f 1581 5631 7175 4892
f 1581 4892 7268 5044
f 1581 5044 7530 5646
f 1582 4891 7165 4900
f 1582 4900 7186 4925
f 1582 4925 7269 5045
f 1582 5045 7267 4891
f 1583 4866 7158 4869
f 1583 4869 7162 4868
f 1583 4868 7265 5046
f 1583 5046 7263 4866
f 1584 4877 7159 5029
f 1584 5029 7264 5047
f 1584 5047 7263 5028
f 1584 5028 7157 4877
f 1585 5295 7153 5027
f 1585 5027 7262 5382
f 1585 5382 7266 4872
f 1585 4872 7132 5295
f 1586 4878 7132 4872
f 1586 4872 7266 5048
f 1586 5048 7264 5029
f 1586 5029 7159 4878
f 1587 5026 7147 4862
f 1587 4862 7161 5030
f 1587 5030 7265 5049
f 1587 5049 7261 5026
f 1588 4843 7146 4847
f 1588 4847 7154 4864
f 1588 4864 7262 5050
f 1588 5050 7260 4843
f 1589 5024 7128 4826
f 1589 4826 7147 5026
f 1589 5026 7261 5051
f 1589 5051 7259 5024
f 1590 4808 7121 4829
f 1590 4829 7146 4843
f 1590 4843 7260 5052
f 1590 5052 7258 4808
f 1591 5022 7115 4796
f 1591 4796 7128 5024
f 1591 5024 7259 5053
f 1591 5053 7257 5022
f 1592 4787 7114 4801
f 1592 4801 7121 4808
f 1592 4808 7258 5054
f 1592 5054 7256 4787
f 1593 5020 7105 4772
f 1593 4772 7115 5022
f 1593 5022 7257 5055
f 1593 5055 7255 5020
f 1594 4757 7098 4778
f 1594 4778 7114 4787
f 1594 4787 7256 5056
f 1594 5056 7254 4757
f 1595 5335 7393 5324
f 1595 5324 7098 4757
f 1595 4757 7254 5057
f 1595 5057 7397 5335
f 1596 5334 7385 5316
f 1596 5316 7105 5020
f 1596 5020 7255 5058
f 1596 5058 7398 5334
f 1597 4702 7068 4723
f 1597 4723 7084 4732
f 1597 4732 7252 5059
f 1597 5059 7250 4702
f 1598 5016 7075 4715
f 1598 4715 7090 5018
f 1598 5018 7253 5060
f 1598 5060 7251 5016
f 1599 4658 7032 4694
f 1599 4694 7165 4891
f 1599 4891 7267 5061
f 1599 5061 7248 4658
f 1600 5370 7406 5359
f 1600 5359 7032 4658
f 1600 4658 7248 5062
f 1600 5062 7408 5370
f 1601 5087 7283 4623
f 1601 4623 7015 4625
f 1601 4625 7247 5063
f 1601 5063 7284 5087
f 1602 4558 6986 4602
f 1602 4602 7006 4611
f 1602 4611 7246 5064
f 1602 5064 7244 4558
f 1603 4582 6987 4589
f 1603 4589 6986 4558
f 1603 4558 7244 5065
f 1603 5065 7245 4582
f 1604 4498 6975 4571
f 1604 4571 6987 4582
f 1604 4582 7245 5066
f 1604 5066 7239 4498
f 1605 4422 6902 4428
f 1605 4428 6975 4498
f 1605 4498 7239 5067
f 1605 5067 7234 4422
f 1606 4534 6966 4554
f 1606 4554 7068 4702
f 1606 4702 7250 5068
f 1606 5068 7242 4534
f 1607 5008 6973 4547
f 1607 4547 7075 5016
f 1607 5016 7251 5069
f 1607 5069 7243 5008
f 1608 4502 6952 4516
f 1608 4516 6966 4534
f 1608 4534 7242 5070
f 1608 5070 7240 4502
f 1609 5006 6958 4524
f 1609 4524 6973 5008
f 1609 5008 7243 5071
f 1609 5071 7241 5006
f 1610 4465 6929 4489
f 1610 4489 6952 4502
f 1610 4502 7240 5072
f 1610 5072 7237 4465
f 1611 5003 6936 4475
f 1611 4475 6958 5006
f 1611 5006 7241 5073
f 1611 5073 7238 5003
f 1612 2519 6900 4449
f 1612 4449 6903 4423
f 1612 4423 7235 5305
f 1612 5305 7233 2519
f 1613 4999 6906 5076
f 1613 5076 6908 5001
f 1613 5001 7236 4427
f 1613 4427 7234 4999
f 1614 5001 6908 4429
f 1614 4429 6936 5003
f 1614 5003 7238 5077
f 1614 5077 7236 5001
f 1615 4423 6903 4453
f 1615 4453 6929 4465
f 1615 4465 7237 5078
f 1615 5078 7235 4423
f 1616 4611 7006 5085
f 1616 5085 7283 5087
f 1616 5087 7284 5086
f 1616 5086 7246 4611
f 1617 4616 7007 4622
f 1617 4622 7282 5088
f 1617 5088 7283 5085
f 1617 5085 7006 4616
f 1618 5229 7368 5283
f 1618 5283 7380 5245
f 1618 5245 7281 5083
f 1618 5083 7003 5229
f 1619 4618 7003 5083
f 1619 5083 7281 5090
f 1619 5090 7277 5080
f 1619 5080 7008 4618
f 1620 4615 7005 4617
f 1620 4617 7278 5091
f 1620 5091 7275 5079
f 1620 5079 7010 4615
f 1621 5108 7297 5137
f 1621 5137 7325 5136
f 1621 5136 7276 3217
f 1621 3217 7011 5108
f 1622 4612 7008 5080
f 1622 5080 7277 5093
f 1622 5093 7282 4622
f 1622 4622 7007 4612
f 1623 5011 7246 5086
f 1623 5086 7284 5094
f 1623 5094 7278 4617
f 1623 4617 7005 5011
f 1624 4613 7010 5079
f 1624 5079 7275 5095
f 1624 5095 7279 4620
f 1624 4620 7009 4613
f 1625 5204 7345 5282
f 1625 5282 7361 5222
f 1625 5222 7325 5137
f 1625 5137 7297 5204
f 1626 4609 7004 2731
f 1626 2731 7280 5089
f 1626 5089 7324 5138
f 1626 5138 7296 4609
f 1627 5219 7358 5281
f 1627 5281 7360 5221
f 1627 5221 7323 5139
f 1627 5139 7321 5219
f 1628 5217 7356 5280
f 1628 5280 7359 5220
f 1628 5220 7322 5140
f 1628 5140 7319 5217
f 1629 5218 7357 5279
f 1629 5279 7358 5219
f 1629 5219 7321 5141
f 1629 5141 7320 5218
f 1630 5221 7360 5278
f 1630 5278 7356 5217
f 1630 5217 7319 5142
f 1630 5142 7323 5221
f 1631 5220 7359 5277
f 1631 5277 7379 5127
f 1631 5127 7316 5143
f 1631 5143 7322 5220
f 1632 5216 7355 5276
f 1632 5276 7357 5218
f 1632 5218 7320 5144
f 1632 5144 7318 5216
f 1633 4942 7203 3069
f 1633 3069 7204 4964
f 1633 4964 7316 5145
f 1633 5145 7313 4942
f 1634 4955 7207 3093
f 1634 3093 7203 4942
f 1634 4942 7313 5146
f 1634 5146 7315 4955
f 1635 5215 7354 5275
f 1635 5275 7355 5216
f 1635 5216 7318 5147
f 1635 5147 7317 5215
f 1636 5214 7353 5274
f 1636 5274 7354 5215
f 1636 5215 7317 5148
f 1636 5148 7314 5214
f 1637 4890 7196 3073
f 1637 3073 7207 4955
f 1637 4955 7315 5149
f 1637 5149 7308 4890
f 1638 5645 7527 3777
f 1638 3777 7196 4890
f 1638 4890 7308 5150
f 1638 5150 7531 5645
f 1639 5644 7533 5273
f 1639 5273 7353 5214
f 1639 5214 7314 5151
f 1639 5151 7532 5644
f 1640 4893 7168 3028
f 1640 3028 7189 4926
f 1640 4926 7311 5152
f 1640 5152 7309 4893
f 1641 5212 7351 5272
f 1641 5272 7352 5213
f 1641 5213 7312 5153
f 1641 5153 7310 5212
f 1642 4661 7030 2809
f 1642 2809 7168 4893
f 1642 4893 7309 5154
f 1642 5154 7304 4661
f 1643 5209 7350 5264
f 1643 5264 7351 5212
f 1643 5212 7310 5155
f 1643 5155 7307 5209
f 1644 5369 7401 3495
f 1644 3495 7030 4661
f 1644 4661 7304 5156
f 1644 5156 7409 5369
f 1645 5368 7411 5263
f 1645 5263 7350 5209
f 1645 5209 7307 5157
f 1645 5157 7410 5368
f 1646 4651 7029 2781
f 1646 2781 7040 4665
f 1646 4665 7305 5158
f 1646 5158 7302 4651
f 1647 5207 7348 5262
f 1647 5262 7349 5208
f 1647 5208 7306 5159
f 1647 5159 7303 5207
f 1648 4638 7022 2764
f 1648 2764 7029 4651
f 1648 4651 7302 5160
f 1648 5160 7300 4638
f 1649 5206 7347 5261
f 1649 5261 7348 5207
f 1649 5207 7303 5161
f 1649 5161 7301 5206
f 1650 5205 7346 5260
f 1650 5260 7347 5206
f 1650 5206 7301 5162
f 1650 5162 7299 5205
f 1651 4624 7013 2740
f 1651 2740 7022 4638
f 1651 4638 7300 5163
f 1651 5163 7298 4624
f 1652 5089 7280 3221
f 1652 3221 7013 4624
f 1652 4624 7298 5164
f 1652 5164 7324 5089
f 1653 5222 7361 5259
f 1653 5259 7346 5205
f 1653 5205 7299 5165
f 1653 5165 7325 5222
f 1654 5203 7344 5258
f 1654 5258 7345 5204
f 1654 5204 7297 5166
f 1654 5166 7295 5203
f 1655 4494 6997 2712
f 1655 2712 7004 4609
f 1655 4609 7296 5167
f 1655 5167 7288 4494
f 1656 5202 7343 5257
f 1656 5257 7344 5203
f 1656 5203 7295 5168
f 1656 5168 7294 5202
f 1657 4583 6990 2687
f 1657 2687 6997 4494
f 1657 4494 7288 5169
f 1657 5169 7293 4583
f 1658 2479 6874 5392
f 1658 5392 7290 5101
f 1658 5101 6868 2479
f 1659 4382 6866 2472
f 1659 2472 6877 4389
f 1659 4389 7287 5170
f 1659 5170 7285 4382
f 1660 4389 6877 2557
f 1660 2557 6953 4504
f 1660 4504 7289 5171
f 1660 5171 7287 4389
f 1661 4504 6953 2676
f 1661 2676 6990 4583
f 1661 4583 7293 5172
f 1661 5172 7289 4504
f 1662 5201 7342 5256
f 1662 5256 7343 5202
f 1662 5202 7294 5173
f 1662 5173 7292 5201
f 1663 5200 7341 5250
f 1663 5250 7342 5201
f 1663 5201 7292 5174
f 1663 5174 7291 5200
f 1664 5199 7340 5249
f 1664 5249 7341 5200
f 1664 5200 7291 5175
f 1664 5175 7290 5199
f 1665 5248 7363 5097
f 1665 5097 7286 5176
f 1665 5176 7285 5096
f 1665 5096 7362 5248
f 1666 5247 6865 5251
f 1666 5251 7286 5097
f 1666 5097 7363 5247
f 1667 4672 7050 4636
f 1667 4636 7326 5185
f 1667 5185 7331 4657
f 1667 4657 7043 4672
f 1668 4628 7014 4640
f 1668 4640 7327 5186
f 1668 5186 7329 4647
f 1668 4647 7019 4628
f 1669 4648 7033 5179
f 1669 5179 7334 5187
f 1669 5187 7330 4656
f 1669 4656 7023 4648
f 1670 4673 7044 5182
f 1670 5182 7337 5188
f 1670 5188 7328 4644
f 1670 4644 7047 4673
f 1671 4629 7016 5181
f 1671 5181 7336 5189
f 1671 5189 7333 5178
f 1671 5178 7015 4629
f 1672 4662 7047 4644
f 1672 4644 7328 5190
f 1672 5190 7334 5179
f 1672 5179 7033 4662
f 1673 4637 7019 4647
f 1673 4647 7329 5191
f 1673 5191 7335 5180
f 1673 5180 7026 4637
f 1674 4634 7023 4656
f 1674 4656 7330 5192
f 1674 5192 7336 5181
f 1674 5181 7016 4634
f 1675 4666 7249 5184
f 1675 5184 7339 5193
f 1675 5193 7337 5182
f 1675 5182 7044 4666
f 1676 5012 7247 5183
f 1676 5183 7338 5194
f 1676 5194 7327 4640
f 1676 4640 7014 5012
f 1677 4639 7026 5180
f 1677 5180 7335 5195
f 1677 5195 7332 5177
f 1677 5177 7036 4639
f 1678 4652 7036 5177
f 1678 5177 7332 5196
f 1678 5196 7326 4636
f 1678 4636 7050 4652
f 1679 4625 7015 5178
f 1679 5178 7333 5197
f 1679 5197 7338 5183
f 1679 5183 7247 4625
f 1680 5014 7043 4657
f 1680 4657 7331 5198
f 1680 5198 7339 5184
f 1680 5184 7249 5014
f 1681 5253 6865 5247
f 1681 5247 7363 5224
f 1681 5224 6977 5253
f 1682 4581 6977 5224
f 1682 5224 7363 5248
f 1682 5248 7362 5223
f 1682 5223 6976 4581
f 1683 4559 6901 4580
f 1683 4580 6978 4562
f 1683 4562 7341 5249
f 1683 5249 7340 4559
f 1684 4562 6978 4579
f 1684 4579 6981 4565
f 1684 4565 7342 5250
f 1684 5250 7341 4562
f 1685 4565 6981 4493
f 1685 4493 6993 4591
f 1685 4591 7343 5256
f 1685 5256 7342 4565
f 1686 4591 6993 4594
f 1686 4594 7000 4604
f 1686 4604 7344 5257
f 1686 5257 7343 4591
f 1687 4604 7000 4608
f 1687 4608 7009 4619
f 1687 4619 7345 5258
f 1687 5258 7344 4604
f 1688 5092 7279 5082
f 1688 5082 7018 4632
f 1688 4632 7346 5259
f 1688 5259 7361 5092
f 1689 4632 7018 4635
f 1689 4635 7025 4646
f 1689 4646 7347 5260
f 1689 5260 7346 4632
f 1690 4646 7025 4649
f 1690 4649 7035 4660
f 1690 4660 7348 5261
f 1690 5261 7347 4646
f 1691 4660 7035 4663
f 1691 4663 7049 4677
f 1691 4677 7349 5262
f 1691 5262 7348 4660
f 1692 5367 7405 4681
f 1692 4681 7056 4690
f 1692 4690 7350 5263
f 1692 5263 7411 5367
f 1693 4690 7056 4696
f 1693 4696 7171 4903
f 1693 4903 7351 5264
f 1693 5264 7350 4690
f 1694 4903 7171 4904
f 1694 4904 7192 4935
f 1694 4935 7352 5272
f 1694 5272 7351 4903
f 1695 5643 7524 5633
f 1695 5633 7199 4948
f 1695 4948 7353 5273
f 1695 5273 7533 5643
f 1696 4948 7199 4951
f 1696 4951 7214 4967
f 1696 4967 7354 5274
f 1696 5274 7353 4948
f 1697 4967 7214 4971
f 1697 4971 7221 4978
f 1697 4978 7355 5275
f 1697 5275 7354 4967
f 1698 4978 7221 4983
f 1698 4983 7228 4992
f 1698 4992 7357 5276
f 1698 5276 7355 4978
f 1699 4994 7232 4998
f 1699 4998 7217 5243
f 1699 5243 7379 5277
f 1699 5277 7359 4994
f 1700 5040 7274 4997
f 1700 4997 7210 4990
f 1700 4990 7356 5278
f 1700 5278 7360 5040
f 1701 4992 7228 4996
f 1701 4996 7231 4993
f 1701 4993 7358 5279
f 1701 5279 7357 4992
f 1702 4990 7210 4995
f 1702 4995 7232 4994
f 1702 4994 7359 5280
f 1702 5280 7356 4990
f 1703 4993 7231 5038
f 1703 5038 7274 5040
f 1703 5040 7360 5281
f 1703 5281 7358 4993
f 1704 4619 7009 4620
f 1704 4620 7279 5092
f 1704 5092 7361 5282
f 1704 5282 7345 4619
f 1705 5107 7296 5138
f 1705 5138 7324 5135
f 1705 5135 7380 5283
f 1705 5283 7368 5107
f 1706 5124 7313 5145
f 1706 5145 7316 5127
f 1706 5127 7379 5285
f 1706 5285 7377 5124
f 1707 5126 7315 5146
f 1707 5146 7313 5124
f 1707 5124 7377 5286
f 1707 5286 7378 5126
f 1708 5119 7308 5149
f 1708 5149 7315 5126
f 1708 5126 7378 5287
f 1708 5287 7374 5119
f 1709 5642 7531 5150
f 1709 5150 7308 5119
f 1709 5119 7374 5288
f 1709 5288 7534 5642
f 1710 5120 7309 5152
f 1710 5152 7311 5122
f 1710 5122 7376 5291
f 1710 5291 7375 5120
f 1711 5115 7304 5154
f 1711 5154 7309 5120
f 1711 5120 7375 5296
f 1711 5296 7372 5115
f 1712 5366 7409 5156
f 1712 5156 7304 5115
f 1712 5115 7372 5297
f 1712 5297 7412 5366
f 1713 5113 7302 5158
f 1713 5158 7305 5116
f 1713 5116 7373 5298
f 1713 5298 7371 5113
f 1714 5111 7300 5160
f 1714 5160 7302 5113
f 1714 5113 7371 5299
f 1714 5299 7370 5111
f 1715 5109 7298 5163
f 1715 5163 7300 5111
f 1715 5111 7370 5300
f 1715 5300 7369 5109
f 1716 5135 7324 5164
f 1716 5164 7298 5109
f 1716 5109 7369 5301
f 1716 5301 7380 5135
f 1717 5099 7288 5167
f 1717 5167 7296 5107
f 1717 5107 7368 5302
f 1717 5302 7365 5099
f 1718 5104 7293 5169
f 1718 5169 7288 5099
f 1718 5099 7365 5303
f 1718 5303 7367 5104
f 1719 5392 6874 5393
f 1719 5393 7340 5199
f 1719 5199 7290 5392
f 1720 5096 7285 5170
f 1720 5170 7287 5098
f 1720 5098 7364 5304
f 1720 5304 7362 5096
f 1721 5098 7287 5171
f 1721 5171 7289 5100
f 1721 5100 7366 5307
f 1721 5307 7364 5098
f 1722 5100 7289 5172
f 1722 5172 7293 5104
f 1722 5104 7367 5311
f 1722 5311 7366 5100
f 1723 5018 7090 4744
f 1723 4744 7385 5334
f 1723 5334 7398 5329
f 1723 5329 7253 5018
f 1724 4732 7084 4753
f 1724 4753 7393 5335
f 1724 5335 7397 5328
f 1724 5328 7252 4732
f 1725 4538 6983 4755
f 1725 4755 7395 5336
f 1725 5336 7396 5327
f 1725 5327 6968 4538
f 1726 5017 7252 5328
f 1726 5328 7397 5337
f 1726 5337 7394 5325
f 1726 5325 7083 5017
f 1727 4539 6967 4751
f 1727 4751 7391 5338
f 1727 5338 7392 5323
f 1727 5323 6972 4539
f 1728 4540 6968 5327
f 1728 5327 7396 5339
f 1728 5339 7390 5321
f 1728 5321 6969 4540
f 1729 4738 7083 5325
f 1729 5325 7394 5235
f 1729 5235 7381 5312
f 1729 5312 6930 4738
f 1730 4536 6970 4749
f 1730 4749 7389 5341
f 1730 5341 7391 4751
f 1730 4751 6967 4536
f 1731 4743 6924 4748
f 1731 4748 7388 5342
f 1731 5342 7393 4753
f 1731 4753 7084 4743
f 1732 4466 7081 4747
f 1732 4747 7387 5343
f 1732 5343 7389 4749
f 1732 4749 6970 4466
f 1733 5348 6982 5314
f 1733 5314 7383 5210
f 1733 5210 7388 4748
f 1733 4748 6924 5348
f 1734 4734 7253 5329
f 1734 5329 7398 5345
f 1734 5345 7386 5317
f 1734 5317 7091 4734
f 1735 4530 7080 4742
f 1735 4742 7384 5346
f 1735 5346 7387 4747
f 1735 4747 7081 4530
f 1736 4543 6972 5323
f 1736 5323 7392 5347
f 1736 5347 7383 5314
f 1736 5314 6982 4543
f 1737 4467 6969 5321
f 1737 5321 7390 5349
f 1737 5349 7382 5313
f 1737 5313 7082 4467
f 1738 4740 7082 5313
f 1738 5313 7382 5350
f 1738 5350 7385 4744
f 1738 4744 7090 4740
f 1739 5340 6930 5312
f 1739 5312 7381 5351
f 1739 5351 7395 4755
f 1739 4755 6983 5340
f 1740 4746 7091 5317
f 1740 5317 7386 5353
f 1740 5353 7384 4742
f 1740 4742 7080 4746
f 1741 5116 7305 5362
f 1741 5362 7409 5366
f 1741 5366 7412 5365
f 1741 5365 7373 5116
f 1742 4677 7049 5358
f 1742 5358 7405 5367
f 1742 5367 7411 5364
f 1742 5364 7349 4677
f 1743 5208 7349 5364
f 1743 5364 7411 5368
f 1743 5368 7410 5363
f 1743 5363 7306 5208
f 1744 4665 7040 2795
f 1744 2795 7401 5369
f 1744 5369 7409 5362
f 1744 5362 7305 4665
f 1745 4666 7044 4682
f 1745 4682 7406 5370
f 1745 5370 7408 5361
f 1745 5361 7249 4666
f 1746 5014 7249 5361
f 1746 5361 7408 5371
f 1746 5371 7407 5360
f 1746 5360 7043 5014
f 1747 4670 7050 4680
f 1747 4680 7404 5372
f 1747 5372 7405 5358
f 1747 5358 7049 4670
f 1748 4673 7047 4679
f 1748 4679 7403 5373
f 1748 5373 7406 4682
f 1748 4682 7044 4673
f 1749 5234 7373 5365
f 1749 5365 7412 5374
f 1749 5374 7402 5355
f 1749 5355 7039 5234
f 1750 4676 7039 5355
f 1750 5355 7402 5375
f 1750 5375 7400 5354
f 1750 5354 7048 4676
f 1751 4672 7043 5360
f 1751 5360 7407 5376
f 1751 5376 7404 4680
f 1751 4680 7050 4672
f 1752 5117 7306 5363
f 1752 5363 7410 5377
f 1752 5377 7399 3493
f 1752 3493 7051 5117
f 1753 4669 7048 5354
f 1753 5354 7400 5378
f 1753 5378 7403 4679
f 1753 4679 7047 4669
f 1754 5185 7326 5395
f 1754 5395 6851 4365
f 1754 4365 6856 5398
f 1754 5398 7331 5185
f 1755 5193 7339 5397
f 1755 5397 6864 4373
f 1755 4373 6862 5404
f 1755 5404 7337 5193
f 1756 5186 7327 5400
f 1756 5400 6852 4366
f 1756 4366 6854 5407
f 1756 5407 7329 5186
f 1757 5194 7338 5394
f 1757 5394 6863 4374
f 1757 4374 6852 5400
f 1757 5400 7327 5194
f 1758 5187 7334 5401
f 1758 5401 6859 4367
f 1758 4367 6855 5405
f 1758 5405 7330 5187
f 1759 5195 7335 5403
f 1759 5403 6860 4375
f 1759 4375 6857 5396
f 1759 5396 7332 5195
f 1760 5188 7337 5404
f 1760 5404 6862 4368
f 1760 4368 6853 5402
f 1760 5402 7328 5188
f 1761 5196 7332 5396
f 1761 5396 6857 4376
f 1761 4376 6851 5395
f 1761 5395 7326 5196
f 1762 5189 7336 5399
f 1762 5399 6861 4369
f 1762 4369 6858 5406
f 1762 5406 7333 5189
f 1763 5197 7333 5406
f 1763 5406 6858 4377
f 1763 4377 6863 5394
f 1763 5394 7338 5197
f 1764 5190 7328 5402
f 1764 5402 6853 4370
f 1764 4370 6859 5401
f 1764 5401 7334 5190
f 1765 5198 7331 5398
f 1765 5398 6856 4378
f 1765 4378 6864 5397
f 1765 5397 7339 5198
f 1766 5191 7329 5407
f 1766 5407 6854 4371
f 1766 4371 6860 5403
f 1766 5403 7335 5191
f 1767 5192 7330 5405
f 1767 5405 6855 4372
f 1767 4372 6861 5399
f 1767 5399 7336 5192
f 1768 4108 6734 5414
f 1768 5414 7413 5420
f 1768 5420 7417 4153
f 1768 4153 6733 4108
f 1769 4049 6697 5419
f 1769 5419 7418 5421
f 1769 5421 7414 4150
f 1769 4150 6701 4049
f 1770 4042 6693 5416
f 1770 5416 7415 5422
f 1770 5422 7418 5419
f 1770 5419 6697 4042
f 1771 4109 6733 4153
f 1771 4153 7417 5423
f 1771 5423 7416 4152
f 1771 4152 6732 4109
f 1772 4102 6701 4150
f 1772 4150 7414 5424
f 1772 5424 7413 5414
f 1772 5414 6734 4102
f 1773 4100 6732 4152
f 1773 4152 7416 5425
f 1773 5425 7415 5416
f 1773 5416 6693 4100
f 1774 4043 6698 5430
f 1774 5430 7423 5432
f 1774 5432 7422 4164
f 1774 4164 6692 4043
f 1775 4108 6733 5431
f 1775 5431 7424 5433
f 1775 5433 7420 4162
f 1775 4162 6734 4108
f 1776 4109 6732 5428
f 1776 5428 7421 5434
f 1776 5434 7424 5431
f 1776 5431 6733 4109
f 1777 4050 6702 5426
f 1777 5426 7419 5435
f 1777 5435 7423 5430
f 1777 5430 6698 4050
f 1778 4052 6734 4162
f 1778 4162 7420 5436
f 1778 5436 7419 5426
f 1778 5426 6702 4052
f 1779 4039 6692 4164
f 1779 4164 7422 5437
f 1779 5437 7421 5428
f 1779 5428 6732 4039
f 1780 4043 6692 5438
f 1780 5438 7425 5444
f 1780 5444 7428 4176
f 1780 4176 6698 4043
f 1781 4054 6702 5440
f 1781 5440 7427 5445
f 1781 5445 7430 4178
f 1781 4178 6703 4054
f 1782 4051 6703 4178
f 1782 4178 7430 5446
f 1782 5446 7429 4177
f 1782 4177 6699 4051
f 1783 4044 6699 4177
f 1783 4177 7429 5447
f 1783 5447 7426 4174
f 1783 4174 6696 4044
f 1784 4041 6696 4174
f 1784 4174 7426 5448
f 1784 5448 7425 5438
f 1784 5438 6692 4041
f 1785 4050 6698 4176
f 1785 4176 7428 5449
f 1785 5449 7427 5440
f 1785 5440 6702 4050
f 1786 4045 6695 5455
f 1786 5455 7436 5456
f 1786 5456 7432 4138
f 1786 4138 6700 4045
f 1787 4038 6694 5454
f 1787 5454 7435 5457
f 1787 5457 7436 5455
f 1787 5455 6695 4038
f 1788 4049 6701 5450
f 1788 5450 7431 5458
f 1788 5458 7434 4140
f 1788 4140 6697 4049
f 1789 4040 6693 5452
f 1789 5452 7433 5459
f 1789 5459 7435 5454
f 1789 5454 6694 4040
f 1790 4053 6700 4138
f 1790 4138 7432 5460
f 1790 5460 7431 5450
f 1790 5450 6701 4053
f 1791 4042 6697 4140
f 1791 4140 7434 5461
f 1791 5461 7433 5452
f 1791 5452 6693 4042
f 1792 5629 7517 5612
f 1792 5612 7440 5476
f 1792 5476 7450 5475
f 1792 5475 7515 5629
f 1793 5628 7519 5614
f 1793 5614 7445 5477
f 1793 5477 7449 5474
f 1793 5474 7514 5628
f 1794 5627 7513 5473
f 1794 5473 7448 5478
f 1794 5478 7438 5611
f 1794 5611 7516 5627
f 1795 5626 7507 5462
f 1795 5462 7437 5479
f 1795 5479 7443 5613
f 1795 5613 7518 5626
f 1796 5625 7509 5466
f 1796 5466 7441 5480
f 1796 5480 7447 5615
f 1796 5615 7520 5625
f 1797 5624 7520 5615
f 1797 5615 7447 5481
f 1797 5481 7448 5473
f 1797 5473 7513 5624
f 1798 5623 7514 5474
f 1798 5474 7449 5482
f 1798 5482 7446 5471
f 1798 5471 7512 5623
f 1799 5622 7518 5613
f 1799 5613 7443 5483
f 1799 5483 7444 5469
f 1799 5469 7511 5622
f 1800 5621 7511 5469
f 1800 5469 7444 5484
f 1800 5484 7442 5467
f 1800 5467 7510 5621
f 1801 5620 7515 5475
f 1801 5475 7450 5485
f 1801 5485 7441 5466
f 1801 5466 7509 5620
f 1802 5619 7516 5611
f 1802 5611 7438 5486
f 1802 5486 7439 5464
f 1802 5464 7508 5619
f 1803 5618 7512 5471
f 1803 5471 7446 5487
f 1803 5487 7437 5462
f 1803 5462 7507 5618
f 1804 5617 7510 5467
f 1804 5467 7442 5488
f 1804 5488 7440 5612
f 1804 5612 7517 5617
f 1805 5616 7508 5464
f 1805 5464 7439 5489
f 1805 5489 7445 5614
f 1805 5614 7519 5616
f 1806 4094 6654 3948
f 1806 3948 7451 5504
f 1806 5504 7464 5503
f 1806 5503 6726 4094
f 1807 3945 6638 5501
f 1807 5501 7462 5505
f 1807 5505 7463 5502
f 1807 5502 6725 3945
f 1808 3967 6653 5491
f 1808 5491 7452 5506
f 1808 5506 7451 3948
f 1808 3948 6654 3967
f 1809 3946 6639 5493
f 1809 5493 7454 5507
f 1809 5507 7457 3957
f 1809 3957 6635 3946
f 1810 3949 6646 5495
f 1810 5495 7456 5508
f 1810 5508 7461 3963
f 1810 3963 6633 3949
f 1811 3947 6633 3963
f 1811 3963 7461 5509
f 1811 5509 7462 5501
f 1811 5501 6638 3947
f 1812 3968 6655 3961
f 1812 3961 7459 5510
f 1812 5510 7460 5499
f 1812 5499 6656 3968
f 1813 3951 6635 3957
f 1813 3957 7457 5511
f 1813 5511 7458 5497
f 1813 5497 6648 3951
f 1814 3958 6652 3955
f 1814 3955 7455 5512
f 1814 5512 7456 5495
f 1814 5495 6646 3958
f 1815 3965 6656 5499
f 1815 5499 7460 5513
f 1815 5513 7455 3955
f 1815 3955 6652 3965
f 1816 4093 6725 5502
f 1816 5502 7463 5514
f 1816 5514 7454 5493
f 1816 5493 6639 4093
f 1817 3952 6648 5497
f 1817 5497 7458 5515
f 1817 5515 7453 5492
f 1817 5492 6649 3952
f 1818 3959 6649 5492
f 1818 5492 7453 5516
f 1818 5516 7452 5491
f 1818 5491 6653 3959
f 1819 3966 6726 5503
f 1819 5503 7464 5517
f 1819 5517 7459 3961
f 1819 3961 6655 3966
f 1820 4092 6642 4118
f 1820 4118 7476 5532
f 1820 5532 7470 5523
f 1820 5523 6724 4092
f 1821 3924 6618 3936
f 1821 3936 7465 5533
f 1821 5533 7466 5519
f 1821 5519 6723 3924
f 1822 3926 6613 5530
f 1822 5530 7477 5534
f 1822 5534 7465 3936
f 1822 3936 6618 3926
f 1823 3934 6641 5525
f 1823 5525 7472 5535
f 1823 5535 7476 4118
f 1823 4118 6642 3934
f 1824 3925 6619 5527
f 1824 5527 7474 5536
f 1824 5536 7467 3938
f 1824 3938 6615 3925
f 1825 3935 6643 3944
f 1825 3944 7473 5537
f 1825 5537 7475 5528
f 1825 5528 6644 3935
f 1826 3928 6615 3938
f 1826 3938 7467 5538
f 1826 5538 7471 5524
f 1826 5524 6636 3928
f 1827 3930 6640 5413
f 1827 5413 7478 5539
f 1827 5539 7469 5522
f 1827 5522 6634 3930
f 1828 3932 6644 5528
f 1828 5528 7475 5540
f 1828 5540 7478 5413
f 1828 5413 6640 3932
f 1829 4091 6723 5519
f 1829 5519 7466 5541
f 1829 5541 7474 5527
f 1829 5527 6619 4091
f 1830 3929 6636 5524
f 1830 5524 7471 5542
f 1830 5542 7468 5521
f 1830 5521 6637 3929
f 1831 3931 6637 5521
f 1831 5521 7468 5543
f 1831 5543 7472 5525
f 1831 5525 6641 3931
f 1832 3933 6724 5523
f 1832 5523 7470 5544
f 1832 5544 7473 3944
f 1832 3944 6643 3933
f 1833 3927 6634 5522
f 1833 5522 7469 5545
f 1833 5545 7477 5530
f 1833 5530 6613 3927
f 1834 5476 7440 5465
f 1834 5465 7489 5560
f 1834 5560 7487 5554
f 1834 5554 7450 5476
f 1835 5477 7445 5470
f 1835 5470 7491 5561
f 1835 5561 7486 5553
f 1835 5553 7449 5477
f 1836 5478 7448 5552
f 1836 5552 7485 5562
f 1836 5562 7488 5463
f 1836 5463 7438 5478
f 1837 5479 7437 5546
f 1837 5546 7479 5563
f 1837 5563 7490 5468
f 1837 5468 7443 5479
f 1838 5480 7441 5548
f 1838 5548 7481 5564
f 1838 5564 7492 5472
f 1838 5472 7447 5480
f 1839 5481 7447 5472
f 1839 5472 7492 5565
f 1839 5565 7485 5552
f 1839 5552 7448 5481
f 1840 5482 7449 5553
f 1840 5553 7486 5566
f 1840 5566 7484 5551
f 1840 5551 7446 5482
f 1841 5483 7443 5468
f 1841 5468 7490 5567
f 1841 5567 7483 5550
f 1841 5550 7444 5483
f 1842 5484 7444 5550
f 1842 5550 7483 5568
f 1842 5568 7482 5549
f 1842 5549 7442 5484
f 1843 5485 7450 5554
f 1843 5554 7487 5569
f 1843 5569 7481 5548
f 1843 5548 7441 5485
f 1844 5486 7438 5463
f 1844 5463 7488 5570
f 1844 5570 7480 5547
f 1844 5547 7439 5486
f 1845 5487 7446 5551
f 1845 5551 7484 5571
f 1845 5571 7479 5546
f 1845 5546 7437 5487
f 1846 5488 7442 5549
f 1846 5549 7482 5572
f 1846 5572 7489 5465
f 1846 5465 7440 5488
f 1847 5489 7439 5547
f 1847 5547 7480 5573
f 1847 5573 7491 5470
f 1847 5470 7445 5489
f 1848 3902 6597 5580
f 1848 5580 7499 5588
f 1848 5588 7496 3916
f 1848 3916 6602 3902
f 1849 3922 6629 5582
f 1849 5582 7501 5589
f 1849 5589 7494 3909
f 1849 3909 6630 3922
f 1850 3901 6603 5584
f 1850 5584 7503 5590
f 1850 5590 7498 5579
f 1850 5579 6599 3901
f 1851 3904 6625 3905
f 1851 3905 7493 5591
f 1851 5591 7499 5580
f 1851 5580 6597 3904
f 1852 3921 6722 5587
f 1852 5587 7506 5592
f 1852 5592 7500 5581
f 1852 5581 6631 3921
f 1853 3914 6627 5583
f 1853 5583 7502 5593
f 1853 5593 7501 5582
f 1853 5582 6629 3914
f 1854 3907 6626 3912
f 1854 3912 7495 5594
f 1854 5594 7502 5583
f 1854 5583 6627 3907
f 1855 4089 6721 5586
f 1855 5586 7505 5595
f 1855 5595 7503 5584
f 1855 5584 6603 4089
f 1856 3920 6632 3918
f 1856 3918 7497 5596
f 1856 5596 7504 5585
f 1856 5585 6628 3920
f 1857 3923 6631 5581
f 1857 5581 7500 5597
f 1857 5597 7497 3918
f 1857 3918 6632 3923
f 1858 3906 6599 5579
f 1858 5579 7498 5598
f 1858 5598 7495 3912
f 1858 3912 6626 3906
f 1859 3913 6628 5585
f 1859 5585 7504 5599
f 1859 5599 7493 3905
f 1859 3905 6625 3913
f 1860 3900 6602 3916
f 1860 3916 7496 5600
f 1860 5600 7505 5586
f 1860 5586 6721 3900
f 1861 4090 6630 3909
f 1861 3909 7494 5601
f 1861 5601 7506 5587
f 1861 5587 6722 4090
f 1862 5588 7499 5603
f 1862 5603 7508 5616
f 1862 5616 7519 5577
f 1862 5577 7496 5588
f 1863 5589 7501 5605
f 1863 5605 7510 5617
f 1863 5617 7517 5575
f 1863 5575 7494 5589
f 1864 5590 7503 5607
f 1864 5607 7512 5618
f 1864 5618 7507 5602
f 1864 5602 7498 5590
f 1865 5591 7493 5574
f 1865 5574 7516 5619
f 1865 5619 7508 5603
f 1865 5603 7499 5591
f 1866 5592 7506 5610
f 1866 5610 7515 5620
f 1866 5620 7509 5604
f 1866 5604 7500 5592
f 1867 5593 7502 5606
f 1867 5606 7511 5621
f 1867 5621 7510 5605
f 1867 5605 7501 5593
f 1868 5594 7495 5576
f 1868 5576 7518 5622
f 1868 5622 7511 5606
f 1868 5606 7502 5594
f 1869 5595 7505 5609
f 1869 5609 7514 5623
f 1869 5623 7512 5607
f 1869 5607 7503 5595
f 1870 5596 7497 5578
f 1870 5578 7520 5624
f 1870 5624 7513 5608
f 1870 5608 7504 5596
f 1871 5597 7500 5604
f 1871 5604 7509 5625
f 1871 5625 7520 5578
f 1871 5578 7497 5597
f 1872 5598 7498 5602
f 1872 5602 7507 5626
f 1872 5626 7518 5576
f 1872 5576 7495 5598
f 1873 5599 7504 5608
f 1873 5608 7513 5627
f 1873 5627 7516 5574
f 1873 5574 7493 5599
f 1874 5600 7496 5577
f 1874 5577 7519 5628
f 1874 5628 7514 5609
f 1874 5609 7505 5600
f 1875 5601 7494 5575
f 1875 5575 7517 5629
f 1875 5629 7515 5610
f 1875 5610 7506 5601
f 1876 5122 7311 5638
f 1876 5638 7531 5642
f 1876 5642 7534 5641
f 1876 5641 7376 5122
f 1877 4935 7192 4936
f 1877 4936 7524 5643
f 1877 5643 7533 5640
f 1877 5640 7352 4935
f 1878 5213 7352 5640
f 1878 5640 7533 5644
f 1878 5644 7532 5639
f 1878 5639 7312 5213
f 1879 4926 7189 3062
f 1879 3062 7527 5645
f 1879 5645 7531 5638
f 1879 5638 7311 4926
f 1880 4925 7186 4932
f 1880 4932 7522 5646
f 1880 5646 7530 5637
f 1880 5637 7269 4925
f 1881 4934 7188 4938
f 1881 4938 7528 5647
f 1881 5647 7529 5636
f 1881 5636 7191 4934
f 1882 5240 7376 5641
f 1882 5641 7534 5648
f 1882 5648 7528 4938
f 1882 4938 7188 5240
f 1883 4929 7187 4937
f 1883 4937 7526 5649
f 1883 5649 7521 5630
f 1883 5630 7193 4929
f 1884 5123 7312 5639
f 1884 5639 7532 5650
f 1884 5650 7525 3775
f 1884 3775 7194 5123
f 1885 4927 7191 5636
f 1885 5636 7529 5651
f 1885 5651 7523 5632
f 1885 5632 7190 4927
f 1886 5034 7269 5637
f 1886 5637 7530 5652
f 1886 5652 7526 4937
f 1886 4937 7187 5034
f 1887 4928 7193 5630
f 1887 5630 7521 5653
f 1887 5653 7524 4936
f 1887 4936 7192 4928
f 1888 4930 7190 5632
f 1888 5632 7523 5654
f 1888 5654 7522 4932
f 1888 4932 7186 4930
